cow,conductivity_lf_cl,conductivity_lb_cl,conductivity_rf_cl,conductivity_rb_cl,dim,conductivity_lf_7d,conductivity_lb_7d,conductivity_rf_7d,conductivity_rb_7d
254,,4.222410383189122,4.375142150803462,4.357305315203956,320,,,,
453,4.397773631840796,4.054216417910448,4.161094527363184,4.067898009950249,291,,,,
454,4.728955453149002,4.561428571428571,4.644976958525346,4.520430107526882,241,4.880555555555556,4.465,3.651666666666667,4.592222222222222
497,4.510041322314049,4.431666666666667,4.436143250688705,4.365743801652893,309,,,,
571,4.61109375,4.738125,4.84625,4.5415625,28,4.664117647058824,4.815882352941177,4.752941176470588,4.660588235294118
627,4.481394422310757,4.422191235059761,4.417529880478088,4.413545816733068,93,4.515294117647059,4.45235294117647,4.442352941176471,4.439411764705882
628,4.482531645569621,4.347215189873418,,4.4145569620253164,31,4.525714285714286,4.405238095238095,,4.508571428571429
686,4.763766233766233,4.686493506493506,4.698571428571428,4.569025974025974,50,4.64625,4.634166666666666,4.450833333333333,4.601249999999999
703,4.4553495440729485,4.509954407294833,4.581398176291793,4.530927051671733,244,4.485263157894737,4.586315789473685,4.593684210526316,4.653684210526316
711,4.099659714599341,4.14430296377607,4.208002195389682,4.075203073545554,337,4.333333333333333,4.886666666666667,4.736666666666667,4.336666666666667
722,4.881666666666666,4.968364779874214,4.8273899371069176,4.900974842767296,117,4.877368421052632,5.327894736842105,4.73,4.83
723,4.3567073170731705,4.4053658536585365,4.354878048780488,4.168170731707317,35,4.548571428571429,4.428571428571429,4.464285714285714,4.216428571428572
729,4.664116279069767,4.630813953488372,4.717488372093023,4.744790697674419,170,4.827777777777778,4.785,4.889444444444445,4.84
736,4.563596899224806,4.419178294573643,4.572341085271318,4.498837209302326,253,4.7,4.540588235294117,4.768823529411765,4.624705882352941
738,5.224994124559342,4.686451233842538,5.215746180963572,5.01668625146886,293,5.156000000000001,3.9595,5.1175,4.9345
747,5.384674115456239,5.415176908752327,5.414581005586593,5.36463687150838,208,5.175555555555556,5.105,5.1194444444444445,5.155555555555555
764,4.355173913043479,4.391173913043478,4.42345652173913,5.42954347826087,164,4.065789473684211,4.164736842105263,4.1626315789473685,5.8989473684210525
778,,4.401717791411043,4.564539877300613,4.70441717791411,54,,4.359230769230769,4.45423076923077,4.592692307692308
783,4.604931937172775,4.52144502617801,4.550670157068063,4.660094240837696,453,,,,
785,4.0252212389380535,4.034070796460178,4.043893805309734,4.121327433628318,36,4.0441666666666665,4.016666666666667,3.989166666666667,4.082916666666667
791,5.190994397759104,5.049971988795518,5.155238095238095,5.048319327731092,331,,,,
807,4.440981818181818,4.399636363636364,4.367927272727273,4.734545454545454,84,4.4612,4.3348,4.306,4.611599999999999
808,4.239711538461538,4.178461538461539,4.327596153846153,4.257692307692308,30,4.311851851851852,4.239259259259259,4.326296296296296,4.325185185185185
810,5.680814285714286,4.488342857142857,4.670728571428572,4.755228571428571,273,,,,
828,4.109989690721649,4.050824742268041,4.062350515463917,4.078360824742268,308,,,,
833,7.815263157894737,4.635498007968128,4.169641434262948,4.694701195219123,162,,4.565789473684211,2.1457894736842102,4.556842105263158
837,4.47132183908046,4.48323275862069,,4.348879310344828,255,4.342105263157895,4.297368421052632,,4.185263157894736
842,,4.417492211838007,4.452336448598131,4.3848130841121495,219,,4.308333333333334,4.329444444444444,4.202777777777778
855,4.145,4.1850000000000005,,4.404999999999999,0,,,,
856,4.3073250000000005,4.3208,4.396325,4.680075,121,4.294090909090909,4.334545454545455,4.383636363636364,4.631818181818182
861,4.598663366336633,4.561221122112211,4.64457095709571,4.637722772277228,162,4.357916666666667,4.381666666666667,4.392083333333333,4.430833333333333
868,4.316666666666666,4.260380952380952,4.249952380952381,4.294333333333333,60,4.440909090909091,4.41090909090909,4.4354545454545455,4.446818181818181
872,4.450496815286624,4.807248407643312,4.429235668789809,4.642929936305732,280,5.195,5.605,5.505,6.175000000000001
896,4.929265687583444,4.882029372496662,4.889732977303071,4.917316421895861,284,5.065555555555555,4.997777777777778,4.850555555555555,5.227777777777778
897,4.678498168498169,4.660256410256411,4.793223443223443,4.725128205128205,201,4.46157894736842,4.421052631578948,4.3715789473684215,4.437894736842105
902,4.62485549132948,4.3777456647398845,,3.992254335260116,65,5.063157894736842,4.388947368421053,,3.998421052631579
904,4.4296859903381645,4.412729468599034,4.496400966183574,4.4437439613526575,125,4.410833333333334,4.4525,4.479583333333333,4.3075
905,4.50050153531218,4.337482088024565,4.465721596724667,4.56064483111566,288,4.554,4.406499999999999,4.5455,4.7585
911,4.881719128329298,4.841343825665859,4.863232445520581,4.841634382566586,293,5.115,5.279999999999999,5.465,4.985
912,5.004863387978142,4.782800546448088,4.809945355191257,4.811571038251366,278,5.295,4.908,4.9350000000000005,4.858
915,4.764401840490797,4.702055214723926,4.764141104294478,5.078880368098159,246,4.763684210526316,4.8236842105263165,4.744736842105263,4.917368421052632
921,4.696253644314869,4.740758017492711,4.679810495626822,4.706851311953353,249,4.331666666666667,4.637777777777778,4.268888888888889,4.475
922,4.377995951417004,4.352004048582995,4.377834008097167,4.260526315789473,181,4.291176470588235,4.278823529411764,4.258823529411765,4.126470588235295
924,4.441385542168675,4.74328313253012,4.476927710843373,4.499186746987952,88,4.322307692307692,4.738076923076923,4.345384615384615,4.353076923076923
925,4.475738916256158,4.447019704433497,4.380591133004926,4.468546798029557,192,4.436428571428571,4.42,4.36,4.525714285714286
929,4.466111111111111,4.401388888888889,4.8933333333333335,4.453333333333333,14,4.4645,4.4030000000000005,4.904999999999999,4.4505
935,4.374126394052045,4.353271375464684,4.138,4.368996282527881,91,4.269130434782609,4.239130434782608,,4.221304347826087
937,4.256993006993007,4.258825174825175,4.295034965034965,4.236251748251749,356,4.18,4.07,4.16,4.235
948,4.643725490196078,4.5494047619047615,4.594738095238095,4.617555555555556,437,,4.488235294117647,4.451176470588235,4.491176470588235
956,4.277932535364527,4.5488574537540805,4.332981501632209,4.2356909684439605,384,,,,
957,4.537645569620254,4.474772151898734,4.487949367088608,4.563088607594937,335,4.800000000000001,4.535,4.8,4.654999999999999
962,4.80384,4.7818933333333336,5.060826666666666,4.8572,118,4.806363636363636,4.595909090909091,5.042272727272728,4.866818181818182
968,4.551466666666667,,4.667302564102564,,359,,,,
970,4.28652495378928,4.292532347504621,4.325046210720887,4.292088724584104,165,4.283684210526316,4.310526315789474,4.058947368421053,4.32
971,4.831225490196078,4.695245098039216,4.875490196078432,4.587892156862745,70,4.928260869565217,4.85695652173913,4.969565217391304,4.817826086956522
973,4.491014150943396,4.4185141509433965,4.459516509433962,4.454481132075472,313,4.409230769230769,4.215384615384616,4.304615384615385,4.17076923076923
975,4.528874458874459,4.608722943722944,4.541190476190477,4.55430735930736,147,4.427142857142857,4.511904761904762,4.717619047619047,4.443809523809524
978,4.360735483870968,4.486696774193549,4.401277419354838,4.3956,234,4.061428571428571,4.208571428571428,4.124761904761905,4.071904761904762
981,4.378552631578947,4.324473684210527,4.364078947368421,4.38828947368421,24,4.3532,4.279599999999999,4.3204,4.338
985,4.105690721649484,,4.206845360824742,,326,4.35,,4.385,
986,4.431423611111111,4.558194444444444,4.393159722222222,4.533333333333333,110,4.3966666666666665,4.489999999999999,4.463888888888889,4.439444444444444
1003,,4.5523953488372095,4.51293023255814,4.5428139534883725,115,,4.583600000000001,4.5656,4.5276
1014,4.296798780487805,4.300081300813008,4.243556910569105,4.764349593495935,407,,,,
1023,4.501268011527378,4.409221902017291,4.481642651296831,4.509452449567723,118,4.63909090909091,4.531363636363636,4.582727272727272,4.570909090909091
1036,5.0730941176470585,4.7866470588235295,5.148964705882353,5.098258823529412,345,,,,
1039,4.761217391304347,4.766739130434783,4.7101304347826085,4.675376811594203,302,4.889473684210526,5.380526315789474,4.96578947368421,5.003684210526316
1040,4.833186813186813,4.601813186813187,4.618901098901099,4.514981684981684,214,4.805,4.584444444444444,4.673333333333334,4.542777777777777
1042,4.020791476407915,3.914566210045662,4.09841704718417,4.013272450532725,286,,,,
1052,4.189843137254902,4.105934640522876,4.1920392156862745,4.154248366013072,252,,,,
1056,4.4836375,4.4052,4.513175,4.3893125,315,,,,
1057,4.196222222222222,4.385111111111112,4.262888888888889,4.251333333333333,20,4.265,4.429285714285714,4.285714285714286,4.335714285714286
1058,4.306194467728416,4.282238055322716,4.275020955574183,4.327485331098072,445,4.315,4.472222222222222,4.238888888888889,4.272222222222222
1061,4.507776381909548,,4.5171608040201,,284,4.732,,4.682666666666666,
1065,4.439595536959554,4.327112970711297,4.40068340306834,4.287238493723849,294,,,,
1067,4.695842696629214,4.689620786516854,4.724775280898877,4.646460674157304,215,4.758181818181819,4.765,4.778636363636363,4.695454545454545
1074,4.644873164218959,4.610026702269693,4.594192256341789,4.645647530040054,223,4.578695652173913,4.535217391304348,4.557391304347826,4.56391304347826
1078,4.141796875,0.0,4.291742187500001,,306,4.215,,4.215,
1081,4.684783258594917,4.623736920777279,4.663527653213752,4.622137518684604,258,4.649444444444445,4.5488888888888885,4.58,4.551111111111111
1083,4.487508038585209,4.126720257234727,4.320884244372991,4.2553376205787785,264,,,,
1084,4.438608490566038,4.418183962264151,4.432830188679246,4.420707547169812,150,4.411111111111111,4.364999999999999,4.327222222222222,4.345
1088,4.231476510067114,4.240255033557046,4.1897986577181205,4.290228187919463,623,,,,
1089,4.714023769100169,4.720101867572156,4.748998302207131,4.764584040747029,201,4.628,4.628,4.7125,4.6895
1091,4.358484005563282,4.407385257301808,4.322183588317107,4.285897079276773,276,4.453125,4.489375,4.42375,4.404375
1092,4.600042372881356,4.398516949152542,4.544039548022599,4.443559322033899,272,4.3635294117647065,4.294117647058823,4.3094117647058825,4.101764705882353
1094,4.251185520361991,4.231493212669683,4.337701357466063,4.278361990950226,418,4.2,4.33,4.756666666666667,4.36
1098,5.4062775616083005,5.311543450064851,5.162477302204929,5.315758754863813,252,5.423,5.2855,5.0555,5.212
1099,4.119495412844037,4.102201834862385,4.0927408256880735,4.14322247706422,309,,,,
1100,5.257923784494087,5.172233902759527,5.215203679369251,5.256977660972405,284,5.146875,5.025625,5.07625,5.04375
1101,4.73161648177496,,4.75122028526149,,178,4.742173913043478,,4.68304347826087,
1102,4.490965630114566,4.400769230769231,4.530916530278232,4.363453355155484,212,4.420555555555556,4.366666666666666,4.478888888888889,4.255
1104,4.880079365079365,4.827764550264551,4.950462962962964,4.994470899470899,294,5.025,6.145,5.45,7.03
1116,4.317722007722008,4.272702702702703,4.303976833976834,4.3183783783783785,105,4.343529411764706,4.312941176470588,4.347647058823529,4.357058823529411
1126,4.202769461077844,4.252335329341317,4.217754491017964,4.313922155688623,306,4.198,4.18,4.203,4.218999999999999
1127,4.455940594059406,4.429108910891089,4.4405940594059405,4.408514851485148,42,4.527222222222222,4.461666666666667,4.493333333333333,4.48
1133,4.03068376068376,4.021794871794872,4.000940170940171,3.921452991452992,41,4.073636363636364,4.141363636363637,4.080909090909091,4.081818181818182
1139,4.434683544303797,4.522151898734177,4.519113924050632,4.486772151898734,54,4.428095238095239,4.573809523809524,4.52952380952381,4.507619047619047
1140,4.470162337662337,4.411883116883117,4.415487012987013,4.432305194805196,188,4.475714285714285,4.44,4.373333333333333,4.409523809523809
1142,4.435840707964601,,4.4347787610619465,,83,4.354761904761905,,4.371904761904762,
1144,4.5940206185567005,4.517835051546392,4.619896907216496,4.507628865979382,86,4.649565217391304,4.471304347826087,4.604782608695652,4.444782608695652
1145,4.4136407766990295,4.509320388349514,4.516796116504855,4.42995145631068,65,4.637619047619047,4.680476190476191,4.602857142857142,4.650952380952381
1146,4.838458376156217,4.716700924974306,4.768746145940391,4.720945529290852,460,,,,
1148,4.697102396514161,4.637233115468409,4.7136165577342055,4.793812636165578,130,4.6092,4.8,4.658399999999999,4.832
1149,4.491714628297363,,4.424928057553957,,313,,,,
1151,4.513069053708439,4.537877237851662,4.556010230179028,4.632557544757033,110,4.5528,4.5280000000000005,4.566,4.738
1153,4.85267657992565,4.789219330855018,4.804498141263941,4.856691449814127,75,4.714166666666666,4.747916666666667,4.698333333333333,4.722083333333333
1158,4.405967540574282,4.496404494382023,4.3414731585518105,4.347865168539325,351,,,,
1159,4.524285714285715,5.171904761904762,4.636666666666667,4.488095238095238,9,4.508823529411765,5.312352941176471,4.625294117647059,4.614705882352942
1160,4.362786885245901,4.088524590163934,4.090327868852459,4.088524590163934,18,4.538,4.1384,4.188400000000001,4.1312
1163,1.2209966777408636,4.546478405315614,4.37734219269103,4.46797342192691,101,0.0,4.322727272727272,4.203181818181818,4.206818181818182
1164,4.3963636363636365,4.442,4.315454545454545,4.470727272727273,23,4.439,4.460500000000001,4.4255,4.534000000000001
1168,4.460101010101011,4.516818181818182,4.371818181818182,4.696666666666666,61,4.501818181818182,4.555454545454546,4.428181818181819,4.754545454545454
1170,4.806206896551724,5.013448275862069,4.622413793103449,4.346896551724138,14,4.666428571428571,4.855714285714286,4.615714285714286,4.29
1171,4.864008042895443,4.822238605898123,4.872412868632708,4.874758713136729,318,4.864705882352942,4.786470588235295,4.89764705882353,4.854117647058823
1172,4.415545454545454,4.2534090909090905,4.360181818181818,4.266727272727272,85,4.518888888888889,4.348333333333333,4.449999999999999,4.339444444444444
1173,4.281052631578947,4.368947368421053,4.388421052631578,4.323157894736842,6,4.306875,4.4075,4.41625,4.34125
1177,4.2786,,4.1936,,20,4.264444444444445,,4.165,
1178,4.178720930232558,4.191046511627907,4.305174418604651,4.811104651162791,63,4.1845,4.0025,4.242,4.8605
1184,4.412222222222223,4.3788888888888895,4.564444444444444,4.207777777777778,4,4.488571428571428,4.432857142857143,4.625714285714286,4.257142857142857
1191,4.132286401925391,4.219891696750903,4.19864019253911,4.191600481347773,328,,,,
1192,4.67202447163515,4.522347052280312,4.673337041156841,4.467208008898776,353,4.724375,4.4,4.735,4.54
1197,4.8722,4.9404,4.7524,4.8434,19,4.9926315789473685,5.04421052631579,4.868421052631579,4.970526315789473
1198,4.093751600512164,4.048962868117798,4.13056338028169,4.028476312419974,309,4.111764705882353,4.001764705882353,3.9829411764705887,3.901764705882353
1199,4.560627503337783,4.519826435246996,4.525687583444593,4.470066755674233,333,,,,
1200,4.390653669724771,4.489988532110091,4.371376146788991,4.434908256880735,357,4.371764705882352,4.533529411764706,4.328823529411765,4.478235294117646
1204,4.23460597826087,4.26375,4.2727038043478265,4.294388586956522,297,4.52,4.22,4.15,4.43
1207,5.15925877763329,5.131820546163849,5.162067620286086,5.2107542262678805,296,4.984705882352941,5.054117647058824,5.06764705882353,5.788823529411765
1212,,3.979666666666666,4.096428571428572,3.93836507936508,282,,4.107142857142857,4.194285714285714,3.997857142857143
1215,4.595030012004802,4.4724129651860745,4.501284513805523,4.493601440576231,330,4.245,4.205,4.11,4.49
1216,4.254424657534247,4.249164383561643,4.303424657534246,4.232260273972603,293,4.01,4.1,4.145,2.94
1219,4.515636623748211,4.679213161659513,4.39030042918455,4.616280400572246,306,4.526470588235294,5.187058823529412,4.478823529411764,4.526470588235294
1223,4.206660649819495,4.090722021660651,4.253664259927798,4.157265342960288,312,4.2773076923076925,4.248461538461538,4.286538461538462,4.232307692307692
1224,4.35504132231405,4.413057851239669,4.3494903581267215,4.44801652892562,303,4.404999999999999,4.475,4.535,4.545
1225,4.415086393088552,,4.413833693304536,,312,4.11,,4.306666666666668,
1231,4.746707530647986,4.812819614711033,4.88476357267951,4.857302977232925,185,4.761666666666667,4.752916666666667,4.8875,4.804583333333333
1232,4.683337783711616,4.67520694259012,4.708117489986649,4.690680907877169,291,4.466153846153846,4.430769230769231,4.4630769230769225,4.497692307692308
1233,4.454929797191888,4.503681747269891,4.442917316692667,4.509765990639626,246,4.387222222222222,4.3966666666666665,4.366111111111112,4.431111111111111
1235,4.576458333333333,,4.703567708333334,,141,4.428421052631579,,4.488421052631579,
1236,4.5113671875,4.575078125,4.54705078125,4.674140625,203,4.496842105263158,4.555789473684211,4.533157894736842,4.61578947368421
1237,4.454842249657064,4.5,4.510576131687243,4.425459533607682,311,4.25625,4.555,4.266875,4.479375
1240,4.57843710292249,4.569479034307497,4.579961880559085,4.622109275730622,231,4.464444444444445,4.482592592592592,4.462222222222223,4.503703703703703
1241,4.414574468085107,4.421994680851064,4.355558510638298,4.396968085106383,119,4.349545454545455,4.294545454545455,4.239090909090909,4.260909090909091
1243,4.323025210084033,4.269781512605042,4.369865546218488,4.320201680672269,246,4.147058823529412,4.076470588235294,4.250588235294118,4.068823529411765
1244,4.012272727272727,4.120294117647059,4.075588235294117,4.074411764705882,131,4.01,4.077368421052632,4.129473684210526,4.057368421052632
1245,4.739159021406728,4.805672782874617,4.926727828746177,4.842217125382263,267,4.729411764705882,4.739411764705882,4.906470588235294,4.813529411764706
1246,4.68338747099768,4.476484918793504,4.422529002320186,4.647262180974478,248,4.900869565217391,4.610434782608695,4.543043478260869,4.807391304347826
1252,4.367832512315271,4.401354679802956,4.302807881773399,4.418842364532019,200,4.304,4.322,4.262666666666666,4.3406666666666665
1255,4.539408099688473,4.570171339563864,4.518785046728972,4.554127725856698,271,4.480555555555556,4.442222222222222,4.401666666666667,4.417777777777777
1258,4.120758620689655,4.14519540229885,4.156735632183908,4.092666666666666,186,4.136666666666667,4.170555555555556,4.192777777777778,4.148888888888888
1259,4.417889221556886,4.3950000000000005,4.45556886227545,4.401706586826347,250,4.265294117647058,4.205882352941177,4.285882352941177,4.184117647058823
1261,4.650495283018868,4.705424528301887,4.73313679245283,4.485683962264151,141,4.680588235294117,4.753529411764706,4.675294117647059,4.478235294117646
1262,4.27953177257525,3.0810702341137124,4.322608695652174,3.31247491638796,112,4.0665,2.384,4.0895,2.602
1263,4.5777219430485765,4.565577889447236,4.622546063651591,4.591155778894472,184,4.468095238095238,4.51047619047619,4.543333333333333,4.465238095238095
1264,4.095007153075822,4.250500715307582,4.266795422031473,4.340200286123033,258,4.194285714285714,4.286666666666666,4.268571428571429,4.413809523809523
1266,4.130332167832168,4.163723776223776,4.238356643356644,4.220506993006993,222,4.1135294117647065,4.223529411764706,4.294705882352941,4.211764705882352
1267,4.318963963963964,4.37484984984985,4.409954954954955,4.39951951951952,264,4.442142857142857,4.570714285714286,4.37,4.553571428571429
1268,4.149565217391304,4.124782608695653,4.2628260869565215,4.183478260869565,15,4.1982608695652175,4.146521739130435,4.291739130434783,4.25
1270,4.328725761772853,,4.304764542936288,0.0,156,4.285294117647059,,4.167058823529412,
1271,4.419621621621622,4.450810810810811,4.462594594594595,4.442378378378378,149,4.346875,4.380625,4.343125,4.353125
1272,4.304512711864406,1.2375,4.366822033898305,4.332224576271186,169,4.311875,,4.3775,4.45375
1273,4.46170955882353,4.489264705882353,4.492040441176471,4.452702205882353,206,4.2952941176470585,4.310588235294118,4.340588235294117,4.262941176470588
1274,4.510903010033445,4.479264214046823,4.495418060200669,4.495250836120401,104,4.39,4.343809523809524,4.346190476190476,4.364761904761904
1276,4.698174157303371,4.699775280898876,4.702752808988764,4.677696629213483,117,4.528181818181818,4.516363636363637,4.541818181818182,4.5181818181818185
1277,4.272796116504855,,,,175,4.342777777777778,,,
1279,4.91126582278481,4.8277215189873415,4.899810126582278,4.82746835443038,58,4.93,4.930454545454546,4.907727272727272,4.869090909090909
1281,4.3393175853018375,4.291548556430446,4.3160629921259845,4.311154855643045,135,4.273333333333333,4.212777777777777,4.17,4.193888888888889
1282,4.41905138339921,,4.393478260869565,,72,4.37,,4.398333333333333,
1283,4.6943,4.688433333333333,4.744583333333333,4.621566666666666,175,4.576111111111112,4.504444444444444,4.602777777777778,4.479444444444444
1284,4.148951781970649,4.123934426229508,4.199433962264151,4.2000838574423485,167,4.130952380952381,,4.1519047619047615,4.190952380952381
1286,4.465345345345345,4.398768768768769,4.514804804804805,4.320300300300301,116,4.368181818181818,4.318636363636364,4.384090909090909,4.306818181818182
1288,3.8846,3.8296666666666654,3.937266666666667,3.960333333333333,61,4.024,4.051333333333334,4.051333333333334,4.155333333333333
1291,4.576762589928058,4.501270983213429,4.436163069544365,4.410071942446043,125,4.424166666666666,4.515,4.4366666666666665,4.397916666666666
1292,3.977741176470588,4.062788235294118,4.046670588235294,4.073435294117648,461,,,,
1293,4.272214912280702,4.375285087719298,4.3403289473684215,4.318793859649123,166,4.281111111111112,4.468333333333334,4.286666666666666,4.332777777777777
1294,4.779446494464945,4.68309963099631,4.779483394833949,5.193468634686347,107,4.819473684210526,4.715263157894737,4.904736842105263,5.296315789473684
1295,,4.100716180371353,4.280875331564987,4.037002652519894,141,,4.041904761904762,4.257142857142857,3.976190476190476
1300,4.162521994134898,4.186950146627566,4.300058651026393,4.171788856304985,119,3.948636363636364,4.216818181818182,4.175454545454546,4.194545454545454
1304,4.411572481572482,4.380995085995086,4.40421375921376,4.381707616707617,369,4.19,4.25,4.145,4.26
1305,4.090080971659919,,4.387773279352227,,90,3.9780952380952384,,4.236666666666666,
1306,3.767960784313725,3.7764052287581698,3.7982614379084967,3.7557647058823527,270,,,,
1308,4.31015037593985,4.191691729323308,4.155726817042607,4.356829573934837,364,,,,
1311,4.225282392026578,4.249988925802879,4.172148394241417,4.266511627906977,381,4.295,4.18,4.109999999999999,4.705
1312,4.33944099378882,4.442422360248448,4.454223602484472,4.385776397515528,52,4.369583333333334,4.5687500000000005,4.54875,4.47375
1314,4.566666666666666,4.72,4.566666666666666,4.616666666666667,1,4.31,4.6,4.37,4.28
1315,4.503913043478261,4.460347826086957,4.460434782608696,4.405130434782609,43,4.417619047619048,4.429523809523809,4.431428571428572,4.400476190476191
1317,4.541310116086235,4.448441127694859,4.470995024875622,4.390165837479271,245,,,,
1319,4.396,4.529866666666667,0.3021428571428571,4.4416,30,4.530454545454545,4.343636363636364,,4.3
1320,3.8141873589164783,3.9101580135440175,3.814300225733634,3.8948306997742654,414,3.7145454545454544,3.8018181818181818,3.766363636363636,3.853636363636364
1321,4.463119266055046,4.333577981651376,4.324449541284404,4.284816513761468,81,4.339,4.387,4.382,4.398
1322,4.074948979591837,4.095331632653061,4.07311224489796,4.078163265306123,351,,,,
1323,4.538451612903226,4.499290322580645,,4.431935483870968,65,4.555789473684211,4.57,,4.532105263157895
1324,,4.066851145038168,4.086526717557252,4.07013358778626,221,,,,
1325,3.657333333333333,4.508533333333333,4.357377777777778,4.630711111111111,85,,4.526315789473684,4.222105263157895,4.787368421052632
1327,4.184659400544959,4.28550408719346,4.199223433242507,4.192070844686649,318,3.99,4.04,4.035,4.08
1328,4.341826923076924,4.214519230769231,4.343413461538462,4.283653846153846,66,4.294347826086956,4.277391304347826,4.307391304347826,4.079565217391305
1329,4.327698154180239,4.376319218241043,4.315255157437568,4.344625407166124,356,3.985,4.325,4.26375,4.25625
1331,4.212225841476656,4.300130293159609,4.318610206297503,4.278881650380022,316,3.95,3.92,3.98,3.96
1333,3.974619565217392,4.016861413043478,3.998410326086956,4.932857142857143,296,,,,
1334,4.116901408450705,4.080211267605634,4.132535211267606,4.075211267605633,48,4.069444444444445,4.025555555555555,4.09,4.037777777777778
1335,4.195677966101695,4.17864406779661,4.275169491525424,4.1988135593220335,44,3.9785,4.0505,4.0775,4.0835
1337,3.951074249605056,3.999968404423381,3.8711058451816736,3.9498262243285938,206,,,,
1339,3.967881773399015,3.5353448275862065,3.890197044334976,3.895886699507389,172,,,,
1343,4.111285231116121,4.154441939120631,4.129763246899662,4.140800450958286,352,4.46,4.355,4.3,4.21
1344,5.223090452261307,5.197298994974875,5.222537688442212,5.1306658291457286,311,,,,
1346,4.0832918395574,4.07865836791148,4.125698478561549,4.0824757952973725,294,,,,
1348,3.973860589812333,3.959222520107239,4.010335120643432,4.010965147453083,307,,,,
1351,5.023836978131213,5.097733598409542,5.067375745526839,5.057475149105367,222,,,,
1352,4.275555555555555,4.237777777777778,4.195555555555556,4.136666666666667,4,4.361428571428571,4.3100000000000005,4.275714285714286,4.192857142857143
1354,4.151896316507504,0.0,4.157721691678035,,268,4.119230769230769,,4.076923076923077,
1356,3.72940133037694,3.666518847006652,3.8081374722838137,3.656363636363636,187,,,,
1359,4.112338611449452,4.25658952496955,4.162667478684531,4.199598051157126,288,4.139047619047619,4.218095238095238,4.160952380952381,4.2247619047619045
1360,4.031609353507565,4.047317744154058,4.06382393397524,3.9831911966987614,280,3.915,4.0065,3.998,3.975
1361,4.474704724409449,4.460866141732283,4.525295275590551,4.568582677165355,246,4.585,4.570833333333334,4.839166666666666,5.004166666666666
1362,4.385772727272728,4.361113636363637,4.271397727272727,4.275818181818182,317,4.329047619047619,4.354761904761905,4.2457142857142856,4.034761904761905
1363,4.1472533632287,4.211412556053811,4.127006726457399,4.204181614349776,298,3.87,3.9,3.765,4.075
1364,4.360404354587869,4.240528771384136,4.220062208398134,4.196889580093313,283,4.215999999999999,4.086,4.131,4.029999999999999
1365,4.060116959064327,4.034912280701755,3.9848538011695904,4.053070175438597,290,4.045789473684211,4.065263157894736,4.029999999999999,3.9626315789473687
1366,,3.9469006849315065,4.042157534246575,3.9551198630136986,249,,,,
1367,4.048769230769231,4.059371794871795,4.049974358974359,4.024346153846153,315,3.89,4.026666666666666,3.883333333333333,3.8333333333333335
1368,4.45591263650546,4.354446177847113,4.425600624024961,4.315319812792511,282,4.095000000000001,4.02,4.13,3.975
1370,4.254036312849162,4.180446927374302,4.271927374301676,4.216731843575419,259,4.144736842105263,4.03421052631579,4.143157894736842,4.101052631578948
1371,4.057153846153846,4.130461538461539,4.060492307692308,4.126107692307692,265,3.952,4.145,4.04,4.058
1372,4.191198979591837,4.32436224489796,4.253954081632653,4.114349489795918,295,4.184375,4.328125,4.210625,4.02625
1373,4.195175097276265,4.224143968871595,4.1611478599221785,4.146692607003891,223,,,,
1374,3.877597173144876,,3.776554770318021,0.0,256,3.7566666666666655,,3.606666666666667,
1375,3.981397849462365,4.01642089093702,3.9875422427035327,4.036006144393241,271,,,,
1376,4.150514619883041,4.148081871345029,4.147485380116959,4.086795321637427,277,4.180400000000001,4.2324,4.1748,4.167199999999999
1377,3.9004463040446304,3.97092050209205,3.909609483960948,3.889428172942817,271,,,,
1378,4.1661918604651165,4.18623546511628,4.242078488372093,4.186787790697675,273,,,,
1380,4.073911980440098,3.999144254278729,4.117530562347188,4.013007334963325,301,4.025238095238096,3.994761904761905,4.166190476190476,3.820952380952381
1382,4.242219679633867,4.267585812356979,4.429874141876431,4.214382151029748,306,4.09,4.02,4.505,3.87
1385,4.314317817014446,4.426757624398074,4.324285714285715,4.357399678972713,249,4.232777777777778,4.372777777777777,4.211666666666667,4.257777777777778
1388,3.960115384615385,4.085076923076923,4.017782051282051,4.042897435897436,305,4.69,5.32,4.4,4.49
1389,4.191753794266442,1.2438785834738617,4.121922428330523,4.208026981450253,312,4.134166666666666,0.0,3.6525,4.051666666666667
1391,4.143481894150418,4.183732590529248,4.164707520891365,4.168871866295264,256,4.156499999999999,4.1595,4.124499999999999,4.144
1395,4.207445652173914,4.3183514492753625,,4.329166666666667,184,4.283913043478261,4.346521739130435,,4.364347826086957
1396,,4.165142378559464,4.172596314907873,4.188777219430485,223,,4.2115,4.0565,4.314
1397,4.276366279069768,4.087529069767442,4.299200581395349,4.138808139534884,249,4.196190476190476,4.104761904761905,4.157142857142857,4.173809523809524
1398,4.303922155688623,4.349775449101797,4.353517964071856,4.300928143712575,258,4.13421052631579,4.221578947368421,4.177894736842105,4.136842105263158
1399,4.414621968616262,4.135934379457917,4.13925820256776,4.265078459343795,254,4.271052631578947,3.9968421052631578,4.094736842105263,4.017368421052631
1400,4.144615384615385,4.116923076923077,4.224683760683761,4.147350427350427,231,4.092380952380952,3.973809523809524,4.088571428571429,4.025238095238096
1401,3.718188976377953,3.4582992125984253,3.735543307086615,3.7345826771653545,252,3.5700000000000003,3.703333333333333,3.3827777777777777,3.611666666666667
1404,4.398488982161595,4.2199370409234,4.345267576075551,4.262948583420776,256,4.413333333333333,4.216333333333333,4.353666666666667,4.373333333333333
1405,,3.989964912280702,3.9815087719298248,3.930473684210526,166,,4.135909090909091,4.102727272727273,4.092272727272728
1406,4.254060822898032,4.256762075134168,4.349033989266547,4.391037567084079,212,4.053333333333333,3.2633333333333336,4.301111111111111,4.575555555555556
1407,4.043811188811189,4.177762237762238,4.091643356643357,4.09243006993007,215,3.9547368421052633,4.136315789473684,4.0,4.022105263157894
1409,4.113877192982456,4.146754385964912,4.12359649122807,4.052491228070176,180,4.1036,4.1764,4.1456,3.9432
1410,4.2327830188679245,,4.30995283018868,0.0,253,4.107777777777778,,4.252777777777777,
1412,4.139409594095941,0.345590405904059,4.276697416974169,4.158708487084871,201,4.097058823529412,0.2694117647058823,4.482941176470589,4.491764705882353
1414,4.054797202797203,4.127384615384615,3.8228531468531473,4.044013986013986,267,4.035,4.1,4.047142857142857,3.973571428571428
1417,4.146790322580646,,4.203048387096774,0.0,223,4.213333333333334,,4.195238095238095,
1418,4.132593984962406,4.079323308270676,4.092218045112782,4.0723308270676695,121,4.220588235294118,4.164705882352941,4.168823529411765,4.187058823529412
1419,4.732407407407408,4.802907407407408,4.748796296296296,4.720685185185185,235,4.598571428571428,4.825714285714286,4.607857142857143,4.645714285714285
1422,3.611511976047904,3.889895209580838,3.776916167664672,3.770329341317365,251,2.946875,3.775625,3.6475,3.6475
1423,4.393427495291902,4.321789077212806,4.412372881355932,4.295913370998117,195,4.4295,4.4205,4.4485,4.3505
1424,4.14996282527881,4.134405204460967,4.17453531598513,4.148550185873607,179,4.100454545454546,4.220454545454545,4.326363636363637,4.2263636363636365
1425,3.576805896805897,3.612407862407863,3.668992628992629,3.640958230958231,147,3.538888888888889,3.635555555555555,3.685555555555556,3.7005555555555554
1427,4.101716417910448,4.062014925373134,4.106492537313433,3.923358208955224,56,4.041333333333333,3.9253333333333336,4.004,3.922
1429,4.196706689536878,4.301852487135506,4.276603773584905,4.190171526586621,203,4.2457142857142856,4.381428571428572,4.127619047619048,4.291904761904762
1430,3.947037037037037,4.027510288065844,4.00716049382716,4.3023868312757205,184,3.811111111111111,3.926111111111111,3.913333333333333,4.134444444444444
1432,4.190447154471545,4.201747967479675,4.152845528455285,4.044756097560976,92,4.148000000000001,4.206,4.1425,4.158
1433,4.02297836938436,4.073311148086522,4.043444259567388,3.9661231281198,195,3.988571428571429,4.144285714285714,3.822380952380952,4.078571428571429
1434,4.357857142857143,4.392056277056277,4.379632034632035,4.356883116883117,196,4.367999999999999,4.4193333333333324,4.347333333333334,4.333333333333333
1435,3.967214076246334,3.96149560117302,3.985483870967742,3.8630791788856302,130,3.8447619047619046,3.8709523809523807,3.879047619047619,3.802857142857143
1436,4.615375218150088,4.639720767888307,4.646160558464223,4.51392670157068,206,4.48,4.555454545454546,4.585909090909091,4.473181818181818
1437,4.128607242339833,4.124679665738162,4.0506685236768805,4.097353760445682,159,4.085625,4.149375,4.141875,4.025625
1440,,4.340213219616205,4.1960767590618335,4.344648187633262,149,,4.462,4.327,4.488
1442,4.128470873786408,4.159271844660195,4.186966019417476,4.062014563106796,165,4.28421052631579,4.276315789473684,4.260526315789474,4.142105263157895
1443,4.018681318681319,3.942857142857143,4.078351648351648,3.9296703296703295,114,3.912105263157896,3.9505263157894737,4.003684210526315,4.202105263157895
1447,4.187986577181208,4.213422818791947,4.267002237136465,4.266420581655481,162,4.3029166666666665,4.314166666666667,4.32375,4.352916666666666
1449,4.03056657223796,4.06084985835694,4.17186968838527,4.000113314447592,131,4.002222222222223,4.036111111111111,4.002777777777777,4.021111111111111
1451,4.133418803418803,4.215790598290599,4.130235042735043,4.139957264957265,147,4.382727272727273,4.443636363636364,4.363636363636363,4.388636363636364
1453,4.24996138996139,4.125405405405406,4.174671814671815,4.044749034749034,93,4.380869565217392,4.2382608695652175,4.147391304347826,4.22
1454,3.935148148148148,4.012222222222222,3.9945555555555554,3.887592592592593,109,3.991,4.038,4.1155,4.082
1455,4.397790697674418,4.3477906976744185,,4.285552325581396,137,4.508636363636364,4.467727272727273,,4.304545454545455
1456,3.9868523002421306,4.057578692493947,4.04769975786925,4.068208232445521,131,3.9826086956521736,4.070869565217391,4.07304347826087,4.0578260869565215
1457,4.3469444444444445,4.3,4.329814814814815,4.367962962962963,38,4.405217391304348,4.404782608695652,4.033478260869565,4.386086956521739
1458,3.970625,3.81984496124031,3.926046511627906,3.768682170542636,52,,3.960833333333333,3.99375,3.894583333333333
1460,3.755874125874126,3.97486013986014,3.772167832167832,3.900139860139861,107,3.854782608695652,3.996521739130435,3.941304347826087,3.916086956521738
1461,4.0834375,4.1496875,4.181428571428572,4.0989732142857145,74,4.206,4.2165,4.242,4.1655
1462,3.782682926829268,3.8017073170731694,3.800975609756098,3.775609756097561,18,3.866111111111112,3.78,3.8372222222222216,3.741666666666666
1463,4.330536912751678,4.386778523489933,4.40986577181208,4.363422818791946,72,4.335333333333334,4.472666666666667,4.386666666666667,4.4
1465,4.068931297709924,4.174732824427481,4.086603053435114,4.0938549618320605,107,4.195454545454545,4.308636363636364,4.194545454545454,4.322727272727272
1468,3.9522043010752688,3.933978494623656,4.011182795698925,3.935,78,3.8872222222222224,3.6666666666666665,3.9122222222222223,3.9622222222222216
1470,4.275948275862069,4.301896551724138,4.301293103448276,4.039913793103448,39,4.259285714285714,4.34,4.328214285714286,4.2907142857142855
1471,4.4,4.332222222222223,4.290854700854701,4.168547008547009,45,4.361739130434782,4.302173913043478,4.2360869565217385,4.141304347826087
1472,3.290460526315789,3.347368421052632,3.316118421052632,3.420855263157895,61,3.09,3.2983333333333333,3.306111111111111,3.1444444444444444
1473,4.4543478260869565,4.442173913043479,4.514347826086956,4.405,21,4.360625,4.345625,4.365625,4.405625
1474,3.957407407407408,3.8816931216931216,4.011005291005291,3.993280423280424,73,3.962,3.8465,3.9945,4.054
1475,4.14890243902439,4.254268292682927,4.211585365853659,4.097073170731707,39,4.104375,4.179375,4.186875,4.184375
1476,3.927078651685393,3.9386516853932574,4.00561797752809,4.035280898876405,34,3.828333333333333,3.92,3.9904166666666665,4.014166666666667
1477,,3.9572105263157895,3.874421052631579,3.900736842105263,72,,3.903333333333333,3.8247619047619046,3.912380952380952
1478,4.219026548672566,4.118053097345133,4.229867256637168,4.106150442477876,72,4.276521739130435,4.238695652173914,4.301739130434783,4.23391304347826
1479,3.945555555555556,4.277777777777778,4.33,4.04,4,3.904285714285714,4.325714285714286,4.378571428571428,4.008571428571428
1480,4.255789473684211,4.381052631578948,4.285614035087719,4.399122807017544,27,4.284000000000001,4.398666666666667,4.122,4.433333333333334
1483,3.919655172413793,3.9705172413793104,3.896551724137931,3.9481034482758623,24,4.087916666666667,4.092083333333333,4.057916666666666,4.058333333333334
1484,3.3575,3.2075,3.305,3.295,1,2.12,2.065,2.185,2.07
1485,3.923125,3.9959375,3.97984375,4.09125,22,3.9141666666666666,4.015,3.9616666666666656,4.022916666666666
1486,4.115555555555556,4.049941520467836,4.102046783625731,4.075847953216375,64,4.225909090909091,4.068181818181818,4.553636363636364,4.089545454545455
1487,4.07359375,4.115625,4.2690625,4.13890625,25,3.87,4.152380952380953,4.187619047619047,4.103809523809524
1489,3.952777777777778,3.92,3.976111111111111,3.794444444444444,8,3.924,3.887333333333333,3.948,3.824
1495,4.050434782608695,4.07304347826087,4.136304347826087,4.076086956521739,21,4.035625,4.03375,4.0525,4.06125
1501,4.87813953488372,5.039302325581395,4.921860465116279,4.769302325581395,21,4.9750000000000005,5.094285714285713,4.944285714285714,4.595
1503,4.410666666666667,4.3693333333333335,4.456666666666666,4.343333333333334,7,4.430769230769231,4.388461538461538,4.467692307692308,4.359230769230769
1504,4.359166666666667,4.6658333333333335,4.758333333333334,4.49125,12,4.127142857142857,4.672142857142857,4.599285714285714,4.469285714285714
1507,4.126666666666667,0.90875,4.400666666666667,,7,3.985384615384616,0.90875,4.423076923076923,
1511,4.0685714285714285,4.734285714285714,3.962857142857143,3.83,3,3.844,4.795999999999999,3.698,3.514
