cow,lactation_number,dudder_cl,dtnf_lb_cl,dtnf_lf_cl,dtnf_rf_cl,dtnf_rb_cl,dall_cl,dim,dtnf_udder_dim_cl,dtnf_lf_dim_cl,dtnf_lb_dim_cl,dtnf_rf_dim_cl,dtnf_rb_dim_cl,dtnf_all_dim_cl,dudder_7d,dtnf_lb_7d,dtnf_lf_7d,dtnf_rf_7d,dtnf_rb_7d,dall_7d,dtnf_udder_nd_7d,dtnf_lf_nd_7d,dtnf_lb_nd_7d,dtnf_rf_nd_7d,dtnf_rb_nd_7d,dtnf_all_nd_7d,vudder_cl,vtnf_lb_cl,vtnf_lf_cl,vtnf_rf_cl,vtnf_rb_cl,vall_cl,visits_cl,vtnf_udder_nv_cl,vtnf_lf_nv_cl,vtnf_lb_nv_cl,vtnf_rf_nv_cl,vtnf_rb_nv_cl,vtnf_all_nv_cl,vudder_7d,vtnf_lb_7d,vtnf_lf_7d,vtnf_rf_7d,vtnf_rb_7d,vall_7d,visits_7d,vtnf_udder_nv_7d,vtnf_lf_nv_7d,vtnf_lb_nv_7d,vtnf_rf_nv_7d,vtnf_rb_nv_7d,vtnf_all_nv_7d
254,7,6,0.0,,2.0,4.0,0.0,320,1.875,,0.0,0.625,1.25,0.0,,,,,,,,,,,,,0,0.0,,2.0,4.0,0.0,809,0.0,,0.0,0.2472187886279357,0.4944375772558714,0.0,,,,,,,,,,,,,
453,6,6,2.0,2.0,1.0,1.0,1.0,291,2.061855670103093,0.6872852233676976,0.6872852233676976,0.3436426116838488,0.3436426116838488,0.3436426116838488,,,,,,,,,,,,,0,2.0,2.0,1.0,1.0,1.0,804,0.0,0.2487562189054726,0.2487562189054726,0.1243781094527363,0.1243781094527363,0.1243781094527363,,,,,,,,,,,,,
454,7,3,2.0,0.0,1.0,2.0,0.0,241,1.2448132780082988,0.0,0.8298755186721992,0.4149377593360996,0.8298755186721992,0.0,0.0,0.0,0.0,0.0,0.0,0.0,0.0,0.0,0.0,0.0,0.0,0.0,0,2.0,0.0,1.0,2.0,0.0,651,0.0,0.0,0.3072196620583717,0.1536098310291858,0.3072196620583717,0.0,0.0,0.0,0.0,0.0,0.0,0.0,18.0,0.0,0.0,0.0,0.0,0.0,0.0
497,6,7,2.0,3.0,2.0,2.0,1.0,309,2.26537216828479,0.9708737864077668,0.6472491909385114,0.6472491909385114,0.6472491909385114,0.3236245954692557,,,,,,,,,,,,,0,2.0,3.0,2.0,2.0,1.0,726,0.0,0.4132231404958678,0.2754820936639118,0.2754820936639118,0.2754820936639118,0.1377410468319559,,,,,,,,,,,,,
571,6,1,0.0,0.0,1.0,0.0,0.0,28,3.571428571428571,0.0,0.0,3.571428571428571,0.0,0.0,1.0,0.0,0.0,1.0,0.0,0.0,14.285714285714285,0.0,0.0,14.285714285714285,0.0,0.0,0,0.0,0.0,1.0,0.0,0.0,64,0.0,0.0,0.0,1.5625,0.0,0.0,0.0,0.0,0.0,1.0,0.0,0.0,17.0,0.0,0.0,0.0,5.88235294117647,0.0,0.0
627,6,0,0.0,0.0,0.0,0.0,0.0,93,0.0,0.0,0.0,0.0,0.0,0.0,0.0,0.0,0.0,0.0,0.0,0.0,0.0,0.0,0.0,0.0,0.0,0.0,0,0.0,0.0,0.0,0.0,0.0,251,0.0,0.0,0.0,0.0,0.0,0.0,0.0,0.0,0.0,0.0,0.0,0.0,17.0,0.0,0.0,0.0,0.0,0.0,0.0
628,6,0,0.0,0.0,,0.0,0.0,31,0.0,0.0,0.0,,0.0,0.0,0.0,0.0,0.0,,0.0,0.0,0.0,0.0,0.0,,0.0,0.0,0,0.0,0.0,,0.0,0.0,79,0.0,0.0,0.0,,0.0,0.0,0.0,0.0,0.0,,0.0,0.0,21.0,0.0,0.0,0.0,,0.0,0.0
686,5,3,1.0,0.0,1.0,1.0,0.0,50,6.0,0.0,2.0,2.0,2.0,0.0,1.0,0.0,0.0,1.0,0.0,0.0,14.285714285714285,0.0,0.0,14.285714285714285,0.0,0.0,0,1.0,0.0,1.0,1.0,0.0,154,0.0,0.0,0.6493506493506493,0.6493506493506493,0.6493506493506493,0.0,0.0,0.0,0.0,1.0,0.0,0.0,24.0,0.0,0.0,0.0,4.166666666666666,0.0,0.0
703,5,5,1.0,1.0,3.0,0.0,0.0,244,2.0491803278688523,0.4098360655737705,0.4098360655737705,1.2295081967213115,0.0,0.0,0.0,0.0,0.0,0.0,0.0,0.0,0.0,0.0,0.0,0.0,0.0,0.0,0,1.0,1.0,3.0,0.0,0.0,658,0.0,0.1519756838905775,0.1519756838905775,0.4559270516717325,0.0,0.0,0.0,0.0,0.0,0.0,0.0,0.0,19.0,0.0,0.0,0.0,0.0,0.0,0.0
711,5,4,3.0,0.0,0.0,1.0,0.0,337,1.1869436201780417,0.0,0.8902077151335311,0.0,0.2967359050445104,0.0,0.0,0.0,0.0,0.0,0.0,0.0,0.0,0.0,0.0,0.0,0.0,0.0,0,3.0,0.0,0.0,1.0,0.0,911,0.0,0.0,0.3293084522502744,0.0,0.1097694840834248,0.0,0.0,0.0,0.0,0.0,0.0,0.0,3.0,0.0,0.0,0.0,0.0,0.0,0.0
722,5,0,0.0,0.0,0.0,0.0,0.0,117,0.0,0.0,0.0,0.0,0.0,0.0,0.0,0.0,0.0,0.0,0.0,0.0,0.0,0.0,0.0,0.0,0.0,0.0,0,0.0,0.0,0.0,0.0,0.0,318,0.0,0.0,0.0,0.0,0.0,0.0,0.0,0.0,0.0,0.0,0.0,0.0,19.0,0.0,0.0,0.0,0.0,0.0,0.0
723,5,0,0.0,0.0,0.0,0.0,0.0,35,0.0,0.0,0.0,0.0,0.0,0.0,0.0,0.0,0.0,0.0,0.0,0.0,0.0,0.0,0.0,0.0,0.0,0.0,0,0.0,0.0,0.0,0.0,0.0,82,0.0,0.0,0.0,0.0,0.0,0.0,0.0,0.0,0.0,0.0,0.0,0.0,14.0,0.0,0.0,0.0,0.0,0.0,0.0
729,5,4,3.0,1.0,0.0,0.0,0.0,170,2.3529411764705883,0.5882352941176471,1.7647058823529411,0.0,0.0,0.0,0.0,0.0,0.0,0.0,0.0,0.0,0.0,0.0,0.0,0.0,0.0,0.0,0,3.0,1.0,0.0,0.0,0.0,430,0.0,0.2325581395348837,0.6976744186046512,0.0,0.0,0.0,0.0,0.0,0.0,0.0,0.0,0.0,18.0,0.0,0.0,0.0,0.0,0.0,0.0
736,5,7,3.0,0.0,4.0,0.0,2.0,253,2.766798418972332,0.0,1.185770750988142,1.5810276679841897,0.0,0.7905138339920948,0.0,0.0,0.0,0.0,0.0,0.0,0.0,0.0,0.0,0.0,0.0,0.0,0,3.0,0.0,4.0,0.0,2.0,645,0.0,0.0,0.4651162790697674,0.6201550387596899,0.0,0.3100775193798449,0.0,0.0,0.0,0.0,0.0,0.0,17.0,0.0,0.0,0.0,0.0,0.0,0.0
738,5,1,0.0,1.0,0.0,0.0,0.0,293,0.3412969283276451,0.3412969283276451,0.0,0.0,0.0,0.0,0.0,0.0,0.0,0.0,0.0,0.0,0.0,0.0,0.0,0.0,0.0,0.0,0,0.0,1.0,0.0,0.0,0.0,851,0.0,0.117508813160987,0.0,0.0,0.0,0.0,0.0,0.0,0.0,0.0,0.0,0.0,20.0,0.0,0.0,0.0,0.0,0.0,0.0
747,5,1,0.0,0.0,1.0,0.0,0.0,208,0.4807692307692308,0.0,0.0,0.4807692307692308,0.0,0.0,0.0,0.0,0.0,0.0,0.0,0.0,0.0,0.0,0.0,0.0,0.0,0.0,0,0.0,0.0,1.0,0.0,0.0,537,0.0,0.0,0.0,0.186219739292365,0.0,0.0,0.0,0.0,0.0,0.0,0.0,0.0,18.0,0.0,0.0,0.0,0.0,0.0,0.0
764,5,2,0.0,0.0,0.0,2.0,1.0,164,1.2195121951219512,0.0,0.0,0.0,1.2195121951219512,0.6097560975609756,0.0,0.0,0.0,0.0,0.0,0.0,0.0,0.0,0.0,0.0,0.0,0.0,0,0.0,0.0,0.0,2.0,1.0,460,0.0,0.0,0.0,0.0,0.4347826086956521,0.217391304347826,0.0,0.0,0.0,0.0,0.0,0.0,19.0,0.0,0.0,0.0,0.0,0.0,0.0
778,5,0,0.0,,0.0,0.0,0.0,54,0.0,,0.0,0.0,0.0,0.0,0.0,0.0,,0.0,0.0,0.0,0.0,,0.0,0.0,0.0,0.0,0,0.0,,0.0,0.0,0.0,163,0.0,,0.0,0.0,0.0,0.0,0.0,0.0,,0.0,0.0,0.0,26.0,0.0,,0.0,0.0,0.0,0.0
783,4,8,6.0,1.0,2.0,1.0,1.0,453,1.7660044150110374,0.2207505518763796,1.3245033112582782,0.4415011037527593,0.2207505518763796,0.2207505518763796,,,,,,,,,,,,,0,6.0,1.0,2.0,1.0,1.0,955,0.0,0.1047120418848167,0.6282722513089005,0.2094240837696335,0.1047120418848167,0.1047120418848167,,,,,,,,,,,,,
785,5,0,0.0,0.0,0.0,0.0,0.0,36,0.0,0.0,0.0,0.0,0.0,0.0,0.0,0.0,0.0,0.0,0.0,0.0,0.0,0.0,0.0,0.0,0.0,0.0,0,0.0,0.0,0.0,0.0,0.0,113,0.0,0.0,0.0,0.0,0.0,0.0,0.0,0.0,0.0,0.0,0.0,0.0,24.0,0.0,0.0,0.0,0.0,0.0,0.0
791,4,23,10.0,0.0,1.0,12.0,0.0,331,6.948640483383686,0.0,3.0211480362537766,0.3021148036253776,3.625377643504532,0.0,,,,,,,,,,,,,0,10.0,0.0,1.0,12.0,0.0,714,0.0,0.0,1.400560224089636,0.1400560224089636,1.680672268907563,0.0,,,,,,,,,,,,,
807,5,1,1.0,0.0,0.0,0.0,0.0,84,1.1904761904761905,0.0,1.1904761904761905,0.0,0.0,0.0,0.0,0.0,0.0,0.0,0.0,0.0,0.0,0.0,0.0,0.0,0.0,0.0,0,1.0,0.0,0.0,0.0,0.0,275,0.0,0.0,0.3636363636363636,0.0,0.0,0.0,0.0,0.0,0.0,0.0,0.0,0.0,25.0,0.0,0.0,0.0,0.0,0.0,0.0
808,5,0,0.0,0.0,0.0,0.0,0.0,30,0.0,0.0,0.0,0.0,0.0,0.0,0.0,0.0,0.0,0.0,0.0,0.0,0.0,0.0,0.0,0.0,0.0,0.0,0,0.0,0.0,0.0,0.0,0.0,104,0.0,0.0,0.0,0.0,0.0,0.0,0.0,0.0,0.0,0.0,0.0,0.0,27.0,0.0,0.0,0.0,0.0,0.0,0.0
810,4,3,3.0,1.0,0.0,0.0,0.0,273,1.098901098901099,0.3663003663003663,1.098901098901099,0.0,0.0,0.0,,,,,,,,,,,,,0,4.0,1.0,0.0,0.0,0.0,700,0.0,0.1428571428571428,0.5714285714285714,0.0,0.0,0.0,,,,,,,,,,,,,
828,4,3,1.0,0.0,1.0,1.0,0.0,308,0.974025974025974,0.0,0.3246753246753247,0.3246753246753247,0.3246753246753247,0.0,,,,,,,,,,,,,0,1.0,0.0,1.0,1.0,0.0,970,0.0,0.0,0.1030927835051546,0.1030927835051546,0.1030927835051546,0.0,,,,,,,,,,,,,
833,4,1,0.0,1.0,0.0,0.0,0.0,162,0.6172839506172839,0.6172839506172839,0.0,0.0,0.0,0.0,0.0,0.0,0.0,0.0,0.0,0.0,0.0,0.0,0.0,0.0,0.0,0.0,0,0.0,1.0,0.0,0.0,0.0,502,0.0,0.199203187250996,0.0,0.0,0.0,0.0,0.0,0.0,0.0,0.0,0.0,0.0,19.0,0.0,0.0,0.0,0.0,0.0,0.0
837,4,1,0.0,1.0,,0.0,0.0,255,0.392156862745098,0.392156862745098,0.0,,0.0,0.0,0.0,0.0,0.0,,0.0,0.0,0.0,0.0,0.0,,0.0,0.0,0,0.0,1.0,,0.0,0.0,696,0.0,0.1436781609195402,0.0,,0.0,0.0,0.0,0.0,0.0,,0.0,0.0,19.0,0.0,0.0,0.0,,0.0,0.0
842,4,3,1.0,,2.0,0.0,0.0,219,1.36986301369863,,0.45662100456621,0.91324200913242,0.0,0.0,0.0,0.0,,0.0,0.0,0.0,0.0,,0.0,0.0,0.0,0.0,0,1.0,,2.0,0.0,0.0,642,0.0,,0.1557632398753894,0.3115264797507788,0.0,0.0,0.0,0.0,,0.0,0.0,0.0,18.0,0.0,,0.0,0.0,0.0,0.0
855,5,0,0.0,0.0,,0.0,0.0,0,,,,,,,,,,,,,,,,,,,0,0.0,0.0,,0.0,0.0,2,0.0,0.0,0.0,,0.0,0.0,,,,,,,,,,,,,
856,4,3,2.0,0.0,1.0,0.0,0.0,121,2.479338842975207,0.0,1.6528925619834711,0.8264462809917356,0.0,0.0,0.0,0.0,0.0,0.0,0.0,0.0,0.0,0.0,0.0,0.0,0.0,0.0,0,2.0,0.0,1.0,0.0,0.0,400,0.0,0.0,0.5,0.25,0.0,0.0,0.0,0.0,0.0,0.0,0.0,0.0,22.0,0.0,0.0,0.0,0.0,0.0,0.0
861,4,3,2.0,0.0,1.0,0.0,0.0,162,1.851851851851852,0.0,1.2345679012345678,0.6172839506172839,0.0,0.0,0.0,0.0,0.0,0.0,0.0,0.0,0.0,0.0,0.0,0.0,0.0,0.0,0,2.0,0.0,1.0,0.0,0.0,606,0.0,0.0,0.33003300330033,0.165016501650165,0.0,0.0,0.0,0.0,0.0,0.0,0.0,0.0,24.0,0.0,0.0,0.0,0.0,0.0,0.0
868,4,3,2.0,0.0,1.0,1.0,0.0,60,5.0,0.0,3.333333333333333,1.6666666666666667,1.6666666666666667,0.0,0.0,0.0,0.0,0.0,0.0,0.0,0.0,0.0,0.0,0.0,0.0,0.0,0,2.0,0.0,1.0,1.0,0.0,210,0.0,0.0,0.9523809523809524,0.4761904761904762,0.4761904761904762,0.0,0.0,0.0,0.0,0.0,0.0,0.0,22.0,0.0,0.0,0.0,0.0,0.0,0.0
872,4,3,0.0,3.0,0.0,0.0,1.0,280,1.0714285714285714,1.0714285714285714,0.0,0.0,0.0,0.3571428571428571,0.0,0.0,0.0,0.0,0.0,0.0,0.0,0.0,0.0,0.0,0.0,0.0,0,0.0,3.0,0.0,0.0,1.0,785,0.0,0.3821656050955414,0.0,0.0,0.0,0.1273885350318471,0.0,0.0,0.0,0.0,0.0,0.0,2.0,0.0,0.0,0.0,0.0,0.0,0.0
896,4,5,1.0,1.0,2.0,1.0,1.0,284,1.7605633802816902,0.352112676056338,0.352112676056338,0.7042253521126761,0.352112676056338,0.352112676056338,0.0,0.0,0.0,0.0,0.0,0.0,0.0,0.0,0.0,0.0,0.0,0.0,0,1.0,1.0,2.0,1.0,1.0,749,0.0,0.1335113484646194,0.1335113484646194,0.2670226969292389,0.1335113484646194,0.1335113484646194,0.0,0.0,0.0,0.0,0.0,0.0,18.0,0.0,0.0,0.0,0.0,0.0,0.0
897,4,5,5.0,1.0,2.0,0.0,1.0,201,2.4875621890547266,0.4975124378109453,2.4875621890547266,0.9950248756218906,0.0,0.4975124378109453,0.0,0.0,0.0,0.0,0.0,1.0,0.0,0.0,0.0,0.0,0.0,14.285714285714285,0,5.0,1.0,2.0,0.0,1.0,546,0.0,0.1831501831501831,0.9157509157509158,0.3663003663003663,0.0,0.1831501831501831,0.0,0.0,0.0,0.0,0.0,1.0,19.0,0.0,0.0,0.0,0.0,0.0,5.263157894736842
902,4,1,0.0,1.0,,0.0,0.0,65,1.5384615384615383,1.5384615384615383,0.0,,0.0,0.0,0.0,0.0,0.0,,0.0,0.0,0.0,0.0,0.0,,0.0,0.0,0,0.0,1.0,,0.0,0.0,173,0.0,0.5780346820809248,0.0,,0.0,0.0,0.0,0.0,0.0,,0.0,0.0,19.0,0.0,0.0,0.0,,0.0,0.0
904,4,7,5.0,0.0,0.0,2.0,0.0,125,5.6000000000000005,0.0,4.0,0.0,1.6,0.0,1.0,0.0,0.0,0.0,1.0,0.0,14.285714285714285,0.0,0.0,0.0,14.285714285714285,0.0,0,5.0,0.0,0.0,2.0,0.0,414,0.0,0.0,1.207729468599034,0.0,0.4830917874396135,0.0,0.0,0.0,0.0,0.0,1.0,0.0,24.0,0.0,0.0,0.0,0.0,4.166666666666666,0.0
905,4,7,2.0,1.0,3.0,1.0,1.0,288,2.430555555555556,0.3472222222222222,0.6944444444444444,1.0416666666666663,0.3472222222222222,0.3472222222222222,0.0,0.0,0.0,0.0,0.0,0.0,0.0,0.0,0.0,0.0,0.0,0.0,0,2.0,1.0,3.0,1.0,1.0,977,0.0,0.1023541453428864,0.2047082906857728,0.3070624360286591,0.1023541453428864,0.1023541453428864,0.0,0.0,0.0,0.0,0.0,0.0,20.0,0.0,0.0,0.0,0.0,0.0,0.0
911,4,6,2.0,2.0,2.0,1.0,0.0,293,2.04778156996587,0.6825938566552902,0.6825938566552902,0.6825938566552902,0.3412969283276451,0.0,0.0,0.0,0.0,0.0,0.0,0.0,0.0,0.0,0.0,0.0,0.0,0.0,0,2.0,2.0,2.0,1.0,0.0,826,0.0,0.2421307506053268,0.2421307506053268,0.2421307506053268,0.1210653753026634,0.0,0.0,0.0,0.0,0.0,0.0,0.0,2.0,0.0,0.0,0.0,0.0,0.0,0.0
912,4,4,1.0,0.0,2.0,1.0,1.0,278,1.4388489208633095,0.0,0.3597122302158274,0.7194244604316548,0.3597122302158274,0.3597122302158274,0.0,0.0,0.0,0.0,0.0,0.0,0.0,0.0,0.0,0.0,0.0,0.0,0,1.0,0.0,2.0,1.0,1.0,732,0.0,0.0,0.1366120218579235,0.273224043715847,0.1366120218579235,0.1366120218579235,0.0,0.0,0.0,0.0,0.0,0.0,10.0,0.0,0.0,0.0,0.0,0.0,0.0
915,4,11,8.0,3.0,0.0,2.0,0.0,246,4.471544715447155,1.2195121951219512,3.252032520325204,0.0,0.8130081300813009,0.0,0.0,0.0,0.0,0.0,0.0,0.0,0.0,0.0,0.0,0.0,0.0,0.0,0,8.0,3.0,0.0,2.0,0.0,652,0.0,0.4601226993865031,1.2269938650306749,0.0,0.3067484662576687,0.0,0.0,0.0,0.0,0.0,0.0,0.0,19.0,0.0,0.0,0.0,0.0,0.0,0.0
921,4,4,2.0,0.0,2.0,0.0,1.0,249,1.6064257028112447,0.0,0.8032128514056224,0.8032128514056224,0.0,0.4016064257028112,0.0,0.0,0.0,0.0,0.0,0.0,0.0,0.0,0.0,0.0,0.0,0.0,0,2.0,0.0,2.0,0.0,1.0,686,0.0,0.0,0.2915451895043732,0.2915451895043732,0.0,0.1457725947521866,0.0,0.0,0.0,0.0,0.0,0.0,18.0,0.0,0.0,0.0,0.0,0.0,0.0
922,4,1,1.0,0.0,0.0,0.0,1.0,181,0.5524861878453038,0.0,0.5524861878453038,0.0,0.0,0.5524861878453038,0.0,0.0,0.0,0.0,0.0,0.0,0.0,0.0,0.0,0.0,0.0,0.0,0,1.0,0.0,0.0,0.0,1.0,494,0.0,0.0,0.2024291497975708,0.0,0.0,0.2024291497975708,0.0,0.0,0.0,0.0,0.0,0.0,17.0,0.0,0.0,0.0,0.0,0.0,0.0
924,4,2,2.0,0.0,0.0,0.0,0.0,88,2.272727272727273,0.0,2.272727272727273,0.0,0.0,0.0,0.0,0.0,0.0,0.0,0.0,0.0,0.0,0.0,0.0,0.0,0.0,0.0,0,2.0,0.0,0.0,0.0,0.0,332,0.0,0.0,0.6024096385542169,0.0,0.0,0.0,0.0,0.0,0.0,0.0,0.0,0.0,26.0,0.0,0.0,0.0,0.0,0.0,0.0
925,4,2,0.0,1.0,0.0,1.0,0.0,192,1.0416666666666663,0.5208333333333333,0.0,0.0,0.5208333333333333,0.0,0.0,0.0,0.0,0.0,0.0,0.0,0.0,0.0,0.0,0.0,0.0,0.0,0,0.0,1.0,0.0,1.0,0.0,406,0.0,0.2463054187192118,0.0,0.0,0.2463054187192118,0.0,0.0,0.0,0.0,0.0,0.0,0.0,14.0,0.0,0.0,0.0,0.0,0.0,0.0
929,4,0,0.0,0.0,0.0,0.0,0.0,14,0.0,0.0,0.0,0.0,0.0,0.0,0.0,0.0,0.0,0.0,0.0,0.0,0.0,0.0,0.0,0.0,0.0,0.0,0,0.0,0.0,0.0,0.0,0.0,36,0.0,0.0,0.0,0.0,0.0,0.0,0.0,0.0,0.0,0.0,0.0,0.0,20.0,0.0,0.0,0.0,0.0,0.0,0.0
935,4,2,0.0,0.0,2.0,0.0,0.0,91,2.197802197802198,0.0,0.0,2.197802197802198,0.0,0.0,0.0,0.0,0.0,0.0,0.0,0.0,0.0,0.0,0.0,0.0,0.0,0.0,0,0.0,0.0,2.0,0.0,0.0,269,0.0,0.0,0.0,0.7434944237918215,0.0,0.0,0.0,0.0,0.0,0.0,0.0,0.0,23.0,0.0,0.0,0.0,0.0,0.0,0.0
937,3,5,0.0,2.0,1.0,2.0,1.0,356,1.4044943820224718,0.5617977528089888,0.0,0.2808988764044944,0.5617977528089888,0.2808988764044944,0.0,0.0,0.0,0.0,0.0,0.0,0.0,0.0,0.0,0.0,0.0,0.0,0,0.0,2.0,1.0,2.0,1.0,715,0.0,0.2797202797202797,0.0,0.1398601398601398,0.2797202797202797,0.1398601398601398,0.0,0.0,0.0,0.0,0.0,0.0,2.0,0.0,0.0,0.0,0.0,0.0,0.0
948,3,16,3.0,10.0,2.0,2.0,0.0,437,3.6613272311212817,2.2883295194508007,0.6864988558352403,0.4576659038901602,0.4576659038901602,0.0,0.0,0.0,0.0,0.0,0.0,0.0,0.0,0.0,0.0,0.0,0.0,0.0,0,3.0,17.0,2.0,2.0,0.0,1260,0.0,1.3492063492063493,0.2380952380952381,0.1587301587301587,0.1587301587301587,0.0,0.0,0.0,0.0,0.0,0.0,0.0,17.0,0.0,0.0,0.0,0.0,0.0,0.0
956,3,1,1.0,0.0,0.0,0.0,0.0,384,0.2604166666666666,0.0,0.2604166666666666,0.0,0.0,0.0,,,,,,,,,,,,,0,1.0,0.0,0.0,0.0,0.0,919,0.0,0.0,0.1088139281828074,0.0,0.0,0.0,,,,,,,,,,,,,
957,3,3,1.0,0.0,0.0,2.0,0.0,335,0.8955223880597015,0.0,0.2985074626865672,0.0,0.5970149253731344,0.0,0.0,0.0,0.0,0.0,0.0,0.0,0.0,0.0,0.0,0.0,0.0,0.0,0,1.0,0.0,0.0,2.0,0.0,790,0.0,0.0,0.1265822784810126,0.0,0.2531645569620253,0.0,0.0,0.0,0.0,0.0,0.0,0.0,2.0,0.0,0.0,0.0,0.0,0.0,0.0
962,4,3,3.0,0.0,0.0,0.0,0.0,118,2.5423728813559325,0.0,2.5423728813559325,0.0,0.0,0.0,1.0,1.0,0.0,0.0,0.0,0.0,14.285714285714285,0.0,14.285714285714285,0.0,0.0,0.0,0,3.0,0.0,0.0,0.0,0.0,375,0.0,0.0,0.8,0.0,0.0,0.0,0.0,1.0,0.0,0.0,0.0,0.0,22.0,0.0,0.0,4.545454545454546,0.0,0.0,0.0
968,3,4,,0.0,0.0,0.0,0.0,359,1.1142061281337048,0.0,,0.0,0.0,0.0,,,,,,,,,,,,,0,,0.0,0.0,0.0,0.0,975,0.0,0.0,,0.0,0.0,0.0,,,,,,,,,,,,,
970,4,5,1.0,1.0,2.0,1.0,0.0,165,3.0303030303030303,0.6060606060606061,0.6060606060606061,1.2121212121212122,0.6060606060606061,0.0,1.0,0.0,0.0,1.0,0.0,0.0,14.285714285714285,0.0,0.0,14.285714285714285,0.0,0.0,0,1.0,1.0,2.0,1.0,0.0,541,0.0,0.1848428835489833,0.1848428835489833,0.3696857670979667,0.1848428835489833,0.0,0.0,0.0,0.0,1.0,0.0,0.0,19.0,0.0,0.0,0.0,5.263157894736842,0.0,0.0
971,4,3,0.0,1.0,0.0,2.0,0.0,70,4.285714285714286,1.4285714285714286,0.0,0.0,2.857142857142857,0.0,0.0,0.0,0.0,0.0,0.0,0.0,0.0,0.0,0.0,0.0,0.0,0.0,0,0.0,1.0,0.0,2.0,0.0,204,0.0,0.4901960784313725,0.0,0.0,0.9803921568627452,0.0,0.0,0.0,0.0,0.0,0.0,0.0,23.0,0.0,0.0,0.0,0.0,0.0,0.0
973,3,5,3.0,1.0,0.0,1.0,0.0,313,1.5974440894568689,0.3194888178913738,0.9584664536741214,0.0,0.3194888178913738,0.0,0.0,0.0,0.0,0.0,0.0,0.0,0.0,0.0,0.0,0.0,0.0,0.0,0,3.0,1.0,0.0,1.0,0.0,848,0.0,0.1179245283018868,0.3537735849056604,0.0,0.1179245283018868,0.0,0.0,0.0,0.0,0.0,0.0,0.0,13.0,0.0,0.0,0.0,0.0,0.0,0.0
975,4,2,2.0,0.0,0.0,0.0,0.0,147,1.3605442176870748,0.0,1.3605442176870748,0.0,0.0,0.0,0.0,0.0,0.0,0.0,0.0,0.0,0.0,0.0,0.0,0.0,0.0,0.0,0,2.0,0.0,0.0,0.0,0.0,462,0.0,0.0,0.4329004329004329,0.0,0.0,0.0,0.0,0.0,0.0,0.0,0.0,0.0,21.0,0.0,0.0,0.0,0.0,0.0,0.0
978,3,3,2.0,0.0,1.0,0.0,0.0,234,1.282051282051282,0.0,0.8547008547008548,0.4273504273504274,0.0,0.0,0.0,0.0,0.0,0.0,0.0,0.0,0.0,0.0,0.0,0.0,0.0,0.0,0,2.0,0.0,1.0,0.0,0.0,775,0.0,0.0,0.2580645161290322,0.1290322580645161,0.0,0.0,0.0,0.0,0.0,0.0,0.0,0.0,21.0,0.0,0.0,0.0,0.0,0.0,0.0
981,4,0,0.0,0.0,0.0,0.0,0.0,24,0.0,0.0,0.0,0.0,0.0,0.0,0.0,0.0,0.0,0.0,0.0,0.0,0.0,0.0,0.0,0.0,0.0,0.0,0,0.0,0.0,0.0,0.0,0.0,76,0.0,0.0,0.0,0.0,0.0,0.0,0.0,0.0,0.0,0.0,0.0,0.0,25.0,0.0,0.0,0.0,0.0,0.0,0.0
985,3,6,0.0,0.0,4.0,,0.0,326,1.8404907975460123,0.0,0.0,1.2269938650306749,,0.0,0.0,0.0,0.0,0.0,,0.0,0.0,0.0,0.0,0.0,,0.0,0,0.0,0.0,4.0,,0.0,970,0.0,0.0,0.0,0.4123711340206186,,0.0,0.0,0.0,0.0,0.0,,0.0,2.0,0.0,0.0,0.0,0.0,,0.0
986,4,2,1.0,1.0,1.0,0.0,0.0,110,1.818181818181818,0.9090909090909092,0.9090909090909092,0.9090909090909092,0.0,0.0,0.0,0.0,0.0,0.0,0.0,0.0,0.0,0.0,0.0,0.0,0.0,0.0,0,1.0,1.0,1.0,0.0,0.0,288,0.0,0.3472222222222222,0.3472222222222222,0.3472222222222222,0.0,0.0,0.0,0.0,0.0,0.0,0.0,0.0,18.0,0.0,0.0,0.0,0.0,0.0,0.0
1003,3,1,0.0,,1.0,1.0,0.0,115,0.8695652173913043,,0.0,0.8695652173913043,0.8695652173913043,0.0,0.0,0.0,,0.0,0.0,0.0,0.0,,0.0,0.0,0.0,0.0,0,0.0,,1.0,1.0,0.0,430,0.0,,0.0,0.2325581395348837,0.2325581395348837,0.0,0.0,0.0,,0.0,0.0,0.0,25.0,0.0,,0.0,0.0,0.0,0.0
1014,3,8,3.0,2.0,1.0,2.0,0.0,407,1.9656019656019657,0.4914004914004914,0.7371007371007371,0.2457002457002457,0.4914004914004914,0.0,,,,,,,,,,,,,0,3.0,2.0,1.0,2.0,0.0,984,0.0,0.2032520325203252,0.3048780487804878,0.1016260162601626,0.2032520325203252,0.0,,,,,,,,,,,,,
1023,4,1,1.0,0.0,0.0,0.0,0.0,118,0.847457627118644,0.0,0.847457627118644,0.0,0.0,0.0,0.0,0.0,0.0,0.0,0.0,0.0,0.0,0.0,0.0,0.0,0.0,0.0,0,1.0,0.0,0.0,0.0,0.0,347,0.0,0.0,0.2881844380403458,0.0,0.0,0.0,0.0,0.0,0.0,0.0,0.0,0.0,22.0,0.0,0.0,0.0,0.0,0.0,0.0
1036,3,7,2.0,2.0,0.0,3.0,0.0,345,2.0289855072463765,0.5797101449275363,0.5797101449275363,0.0,0.8695652173913043,0.0,,,,,,,,,,,,,0,2.0,2.0,0.0,3.0,0.0,850,0.0,0.2352941176470588,0.2352941176470588,0.0,0.3529411764705882,0.0,,,,,,,,,,,,,
1039,3,8,4.0,0.0,3.0,2.0,0.0,302,2.6490066225165565,0.0,1.3245033112582782,0.9933774834437088,0.6622516556291391,0.0,0.0,0.0,0.0,0.0,0.0,0.0,0.0,0.0,0.0,0.0,0.0,0.0,0,4.0,0.0,3.0,2.0,0.0,690,0.0,0.0,0.5797101449275363,0.4347826086956521,0.2898550724637681,0.0,0.0,0.0,0.0,0.0,0.0,0.0,19.0,0.0,0.0,0.0,0.0,0.0,0.0
1040,3,1,0.0,0.0,0.0,1.0,0.0,214,0.4672897196261681,0.0,0.0,0.0,0.4672897196261681,0.0,0.0,0.0,0.0,0.0,0.0,0.0,0.0,0.0,0.0,0.0,0.0,0.0,0,0.0,0.0,0.0,1.0,0.0,546,0.0,0.0,0.0,0.0,0.1831501831501831,0.0,0.0,0.0,0.0,0.0,0.0,0.0,18.0,0.0,0.0,0.0,0.0,0.0,0.0
1042,3,9,6.0,0.0,3.0,0.0,1.0,286,3.146853146853147,0.0,2.097902097902098,1.048951048951049,0.0,0.3496503496503496,,,,,,,,,,,,,0,6.0,0.0,3.0,0.0,1.0,657,0.0,0.0,0.91324200913242,0.45662100456621,0.0,0.15220700152207,,,,,,,,,,,,,
1052,3,5,1.0,1.0,2.0,1.0,0.0,252,1.984126984126984,0.3968253968253968,0.3968253968253968,0.7936507936507936,0.3968253968253968,0.0,,,,,,,,,,,,,0,1.0,1.0,3.0,1.0,0.0,765,0.0,0.130718954248366,0.130718954248366,0.392156862745098,0.130718954248366,0.0,,,,,,,,,,,,,
1056,3,7,2.0,1.0,0.0,4.0,0.0,315,2.2222222222222223,0.3174603174603174,0.6349206349206349,0.0,1.2698412698412698,0.0,,,,,,,,,,,,,0,2.0,1.0,0.0,4.0,0.0,800,0.0,0.125,0.25,0.0,0.5,0.0,,,,,,,,,,,,,
1057,4,0,0.0,0.0,0.0,0.0,1.0,20,0.0,0.0,0.0,0.0,0.0,5.0,0.0,0.0,0.0,0.0,0.0,0.0,0.0,0.0,0.0,0.0,0.0,0.0,0,0.0,0.0,0.0,0.0,1.0,45,0.0,0.0,0.0,0.0,0.0,2.2222222222222223,0.0,0.0,0.0,0.0,0.0,0.0,14.0,0.0,0.0,0.0,0.0,0.0,0.0
1058,2,6,2.0,2.0,0.0,2.0,0.0,445,1.348314606741573,0.449438202247191,0.449438202247191,0.0,0.449438202247191,0.0,0.0,0.0,0.0,0.0,0.0,0.0,0.0,0.0,0.0,0.0,0.0,0.0,0,2.0,2.0,0.0,2.0,0.0,1193,0.0,0.1676445934618608,0.1676445934618608,0.0,0.1676445934618608,0.0,0.0,0.0,0.0,0.0,0.0,0.0,18.0,0.0,0.0,0.0,0.0,0.0,0.0
1061,3,3,0.0,2.0,2.0,,0.0,284,1.056338028169014,0.7042253521126761,0.0,0.7042253521126761,,0.0,0.0,0.0,0.0,0.0,,0.0,0.0,0.0,0.0,0.0,,0.0,0,0.0,2.0,2.0,,0.0,796,0.0,0.2512562814070351,0.0,0.2512562814070351,,0.0,0.0,0.0,0.0,0.0,,0.0,15.0,0.0,0.0,0.0,0.0,,0.0
1065,3,25,8.0,2.0,2.0,15.0,0.0,294,8.503401360544217,0.6802721088435374,2.7210884353741496,0.6802721088435374,5.1020408163265305,0.0,,,,,,,,,,,,,0,9.0,2.0,2.0,15.0,0.0,717,0.0,0.2789400278940028,1.2552301255230125,0.2789400278940028,2.092050209205021,0.0,,,,,,,,,,,,,
1067,3,1,1.0,0.0,0.0,0.0,1.0,215,0.4651162790697674,0.0,0.4651162790697674,0.0,0.0,0.4651162790697674,0.0,0.0,0.0,0.0,0.0,0.0,0.0,0.0,0.0,0.0,0.0,0.0,0,1.0,0.0,0.0,0.0,1.0,712,0.0,0.0,0.1404494382022472,0.0,0.0,0.1404494382022472,0.0,0.0,0.0,0.0,0.0,0.0,22.0,0.0,0.0,0.0,0.0,0.0,0.0
1074,3,1,1.0,0.0,0.0,0.0,0.0,223,0.4484304932735426,0.0,0.4484304932735426,0.0,0.0,0.0,0.0,0.0,0.0,0.0,0.0,0.0,0.0,0.0,0.0,0.0,0.0,0.0,0,1.0,0.0,0.0,0.0,0.0,749,0.0,0.0,0.1335113484646194,0.0,0.0,0.0,0.0,0.0,0.0,0.0,0.0,0.0,23.0,0.0,0.0,0.0,0.0,0.0,0.0
1078,3,25,1.0,13.0,5.0,,0.0,306,8.169934640522875,4.248366013071895,0.326797385620915,1.6339869281045754,,0.0,0.0,0.0,0.0,0.0,,0.0,0.0,0.0,0.0,0.0,,0.0,0,1.0,17.0,5.0,,0.0,1280,0.0,1.328125,0.078125,0.390625,,0.0,0.0,0.0,0.0,0.0,,0.0,2.0,0.0,0.0,0.0,0.0,,0.0
1081,3,3,3.0,1.0,0.0,0.0,1.0,258,1.162790697674419,0.3875968992248062,1.162790697674419,0.0,0.0,0.3875968992248062,0.0,0.0,0.0,0.0,0.0,0.0,0.0,0.0,0.0,0.0,0.0,0.0,0,3.0,1.0,0.0,0.0,1.0,669,0.0,0.1494768310911808,0.4484304932735426,0.0,0.0,0.1494768310911808,0.0,0.0,0.0,0.0,0.0,0.0,18.0,0.0,0.0,0.0,0.0,0.0,0.0
1083,3,8,4.0,2.0,0.0,2.0,0.0,264,3.0303030303030303,0.7575757575757576,1.5151515151515151,0.0,0.7575757575757576,0.0,,,,,,,,,,,,,0,4.0,2.0,0.0,2.0,0.0,622,0.0,0.3215434083601286,0.6430868167202572,0.0,0.3215434083601286,0.0,,,,,,,,,,,,,
1084,3,0,0.0,0.0,0.0,0.0,0.0,150,0.0,0.0,0.0,0.0,0.0,0.0,0.0,0.0,0.0,0.0,0.0,0.0,0.0,0.0,0.0,0.0,0.0,0.0,0,0.0,0.0,0.0,0.0,0.0,424,0.0,0.0,0.0,0.0,0.0,0.0,0.0,0.0,0.0,0.0,0.0,0.0,18.0,0.0,0.0,0.0,0.0,0.0,0.0
1088,2,1,1.0,0.0,0.0,0.0,0.0,304,0.3289473684210526,0.0,0.3289473684210526,0.0,0.0,0.0,,,,,,,,,,,,,0,4.0,3.0,1.0,2.0,0.0,745,0.0,0.4026845637583893,0.5369127516778524,0.1342281879194631,0.2684563758389262,0.0,,,,,,,,,,,,,
1088,3,7,3.0,3.0,1.0,2.0,0.0,623,1.1235955056179776,0.4815409309791332,0.4815409309791332,0.160513643659711,0.3210272873194221,0.0,,,,,,,,,,,,,0,4.0,3.0,1.0,2.0,0.0,745,0.0,0.4026845637583893,0.5369127516778524,0.1342281879194631,0.2684563758389262,0.0,,,,,,,,,,,,,
1089,3,2,2.0,0.0,0.0,0.0,0.0,201,0.9950248756218906,0.0,0.9950248756218906,0.0,0.0,0.0,0.0,0.0,0.0,0.0,0.0,0.0,0.0,0.0,0.0,0.0,0.0,0.0,0,2.0,0.0,0.0,0.0,0.0,589,0.0,0.0,0.3395585738539898,0.0,0.0,0.0,0.0,0.0,0.0,0.0,0.0,0.0,20.0,0.0,0.0,0.0,0.0,0.0,0.0
1091,3,2,0.0,1.0,0.0,1.0,0.0,276,0.7246376811594203,0.3623188405797101,0.0,0.0,0.3623188405797101,0.0,0.0,0.0,0.0,0.0,0.0,0.0,0.0,0.0,0.0,0.0,0.0,0.0,0,0.0,1.0,0.0,1.0,0.0,719,0.0,0.1390820584144645,0.0,0.0,0.1390820584144645,0.0,0.0,0.0,0.0,0.0,0.0,0.0,16.0,0.0,0.0,0.0,0.0,0.0,0.0
1092,3,7,3.0,1.0,0.0,3.0,0.0,272,2.5735294117647056,0.3676470588235294,1.1029411764705883,0.0,1.1029411764705883,0.0,1.0,0.0,0.0,0.0,1.0,0.0,14.285714285714285,0.0,0.0,0.0,14.285714285714285,0.0,0,3.0,1.0,0.0,3.0,0.0,708,0.0,0.1412429378531073,0.423728813559322,0.0,0.423728813559322,0.0,0.0,0.0,0.0,0.0,1.0,0.0,17.0,0.0,0.0,0.0,0.0,5.88235294117647,0.0
1094,2,11,6.0,1.0,4.0,4.0,4.0,418,2.631578947368421,0.2392344497607655,1.4354066985645932,0.9569377990430622,0.9569377990430622,0.9569377990430622,0.0,0.0,0.0,0.0,0.0,0.0,0.0,0.0,0.0,0.0,0.0,0.0,0,6.0,1.0,4.0,4.0,4.0,1105,0.0,0.090497737556561,0.5429864253393665,0.3619909502262443,0.3619909502262443,0.3619909502262443,0.0,0.0,0.0,0.0,0.0,0.0,3.0,0.0,0.0,0.0,0.0,0.0,0.0
1098,3,3,0.0,0.0,1.0,2.0,0.0,252,1.1904761904761905,0.0,0.0,0.3968253968253968,0.7936507936507936,0.0,0.0,0.0,0.0,0.0,0.0,0.0,0.0,0.0,0.0,0.0,0.0,0.0,0,0.0,0.0,1.0,2.0,0.0,771,0.0,0.0,0.0,0.1297016861219195,0.2594033722438391,0.0,0.0,0.0,0.0,0.0,0.0,0.0,20.0,0.0,0.0,0.0,0.0,0.0,0.0
1099,3,5,1.0,2.0,2.0,2.0,1.0,309,1.6181229773462782,0.6472491909385114,0.3236245954692557,0.6472491909385114,0.6472491909385114,0.3236245954692557,,,,,,,,,,,,,0,1.0,2.0,2.0,2.0,1.0,872,0.0,0.2293577981651376,0.1146788990825688,0.2293577981651376,0.2293577981651376,0.1146788990825688,,,,,,,,,,,,,
1100,3,2,1.0,0.0,1.0,0.0,0.0,284,0.7042253521126761,0.0,0.352112676056338,0.352112676056338,0.0,0.0,0.0,0.0,0.0,0.0,0.0,0.0,0.0,0.0,0.0,0.0,0.0,0.0,0,1.0,0.0,1.0,0.0,0.0,761,0.0,0.0,0.1314060446780552,0.1314060446780552,0.0,0.0,0.0,0.0,0.0,0.0,0.0,0.0,16.0,0.0,0.0,0.0,0.0,0.0,0.0
1101,3,8,,1.0,4.0,0.0,0.0,178,4.49438202247191,0.5617977528089888,,2.247191011235955,0.0,0.0,0.0,,0.0,0.0,0.0,0.0,0.0,0.0,,0.0,0.0,0.0,0,,1.0,4.0,0.0,0.0,631,0.0,0.1584786053882725,,0.6339144215530903,0.0,0.0,0.0,,0.0,0.0,0.0,0.0,23.0,0.0,0.0,,0.0,0.0,0.0
1102,3,2,1.0,0.0,0.0,1.0,0.0,212,0.9433962264150944,0.0,0.4716981132075472,0.0,0.4716981132075472,0.0,0.0,0.0,0.0,0.0,0.0,0.0,0.0,0.0,0.0,0.0,0.0,0.0,0,1.0,0.0,0.0,1.0,0.0,611,0.0,0.0,0.1636661211129296,0.0,0.1636661211129296,0.0,0.0,0.0,0.0,0.0,0.0,0.0,18.0,0.0,0.0,0.0,0.0,0.0,0.0
1104,3,30,18.0,2.0,4.0,6.0,1.0,294,10.20408163265306,0.6802721088435374,6.122448979591836,1.3605442176870748,2.0408163265306123,0.3401360544217687,0.0,0.0,0.0,0.0,0.0,0.0,0.0,0.0,0.0,0.0,0.0,0.0,0,21.0,2.0,4.0,6.0,1.0,756,0.0,0.2645502645502645,2.7777777777777777,0.5291005291005291,0.7936507936507936,0.1322751322751322,0.0,0.0,0.0,0.0,0.0,0.0,2.0,0.0,0.0,0.0,0.0,0.0,0.0
1116,3,0,0.0,0.0,0.0,0.0,0.0,105,0.0,0.0,0.0,0.0,0.0,0.0,0.0,0.0,0.0,0.0,0.0,0.0,0.0,0.0,0.0,0.0,0.0,0.0,0,0.0,0.0,0.0,0.0,0.0,259,0.0,0.0,0.0,0.0,0.0,0.0,0.0,0.0,0.0,0.0,0.0,0.0,17.0,0.0,0.0,0.0,0.0,0.0,0.0
1126,3,3,1.0,1.0,0.0,1.0,0.0,306,0.9803921568627452,0.326797385620915,0.326797385620915,0.0,0.326797385620915,0.0,0.0,0.0,0.0,0.0,0.0,0.0,0.0,0.0,0.0,0.0,0.0,0.0,0,1.0,1.0,0.0,1.0,0.0,668,0.0,0.1497005988023952,0.1497005988023952,0.0,0.1497005988023952,0.0,0.0,0.0,0.0,0.0,0.0,0.0,10.0,0.0,0.0,0.0,0.0,0.0,0.0
1127,3,1,0.0,0.0,0.0,1.0,0.0,42,2.380952380952381,0.0,0.0,0.0,2.380952380952381,0.0,0.0,0.0,0.0,0.0,0.0,0.0,0.0,0.0,0.0,0.0,0.0,0.0,0,0.0,0.0,0.0,1.0,0.0,101,0.0,0.0,0.0,0.0,0.99009900990099,0.0,0.0,0.0,0.0,0.0,0.0,0.0,18.0,0.0,0.0,0.0,0.0,0.0,0.0
1133,3,4,1.0,1.0,1.0,3.0,0.0,41,9.75609756097561,2.4390243902439024,2.4390243902439024,2.4390243902439024,7.317073170731707,0.0,0.0,0.0,0.0,0.0,0.0,0.0,0.0,0.0,0.0,0.0,0.0,0.0,0,1.0,1.0,1.0,3.0,0.0,117,0.0,0.8547008547008548,0.8547008547008548,0.8547008547008548,2.564102564102564,0.0,0.0,0.0,0.0,0.0,0.0,0.0,22.0,0.0,0.0,0.0,0.0,0.0,0.0
1139,3,0,0.0,0.0,0.0,0.0,0.0,54,0.0,0.0,0.0,0.0,0.0,0.0,0.0,0.0,0.0,0.0,0.0,0.0,0.0,0.0,0.0,0.0,0.0,0.0,0,0.0,0.0,0.0,0.0,0.0,158,0.0,0.0,0.0,0.0,0.0,0.0,0.0,0.0,0.0,0.0,0.0,0.0,21.0,0.0,0.0,0.0,0.0,0.0,0.0
1140,3,0,0.0,0.0,0.0,0.0,0.0,188,0.0,0.0,0.0,0.0,0.0,0.0,0.0,0.0,0.0,0.0,0.0,0.0,0.0,0.0,0.0,0.0,0.0,0.0,0,0.0,0.0,0.0,0.0,0.0,616,0.0,0.0,0.0,0.0,0.0,0.0,0.0,0.0,0.0,0.0,0.0,0.0,21.0,0.0,0.0,0.0,0.0,0.0,0.0
1142,3,0,0.0,0.0,0.0,,0.0,83,0.0,0.0,0.0,0.0,,0.0,0.0,0.0,0.0,0.0,,0.0,0.0,0.0,0.0,0.0,,0.0,0,0.0,0.0,0.0,,0.0,226,0.0,0.0,0.0,0.0,,0.0,0.0,0.0,0.0,0.0,,0.0,21.0,0.0,0.0,0.0,0.0,,0.0
1144,3,1,1.0,0.0,0.0,0.0,0.0,86,1.162790697674419,0.0,1.162790697674419,0.0,0.0,0.0,0.0,0.0,0.0,0.0,0.0,0.0,0.0,0.0,0.0,0.0,0.0,0.0,0,1.0,0.0,0.0,0.0,0.0,291,0.0,0.0,0.3436426116838488,0.0,0.0,0.0,0.0,0.0,0.0,0.0,0.0,0.0,23.0,0.0,0.0,0.0,0.0,0.0,0.0
1145,3,2,0.0,1.0,0.0,1.0,0.0,65,3.076923076923077,1.5384615384615383,0.0,0.0,1.5384615384615383,0.0,0.0,0.0,0.0,0.0,0.0,0.0,0.0,0.0,0.0,0.0,0.0,0.0,0,0.0,1.0,0.0,1.0,0.0,206,0.0,0.4854368932038834,0.0,0.0,0.4854368932038834,0.0,0.0,0.0,0.0,0.0,0.0,0.0,21.0,0.0,0.0,0.0,0.0,0.0,0.0
1146,2,8,4.0,0.0,0.0,4.0,1.0,460,1.7391304347826086,0.0,0.8695652173913043,0.0,0.8695652173913043,0.217391304347826,,,,,,,,,,,,,0,4.0,0.0,0.0,4.0,1.0,973,0.0,0.0,0.4110996916752312,0.0,0.4110996916752312,0.1027749229188078,,,,,,,,,,,,,
1148,3,3,0.0,2.0,1.0,0.0,0.0,130,2.307692307692308,1.5384615384615383,0.0,0.7692307692307693,0.0,0.0,0.0,0.0,0.0,0.0,0.0,0.0,0.0,0.0,0.0,0.0,0.0,0.0,0,0.0,2.0,1.0,0.0,0.0,459,0.0,0.4357298474945534,0.0,0.2178649237472767,0.0,0.0,0.0,0.0,0.0,0.0,0.0,0.0,25.0,0.0,0.0,0.0,0.0,0.0,0.0
1149,2,14,0.0,1.0,6.0,,0.0,313,4.472843450479233,0.3194888178913738,0.0,1.9169329073482428,,0.0,,,,,,,,,,,,,0,0.0,1.0,7.0,,0.0,834,0.0,0.1199040767386091,0.0,0.8393285371702638,,0.0,,,,,,,,,,,,,
1151,3,2,0.0,1.0,1.0,0.0,0.0,110,1.818181818181818,0.9090909090909092,0.0,0.9090909090909092,0.0,0.0,0.0,0.0,0.0,0.0,0.0,0.0,0.0,0.0,0.0,0.0,0.0,0.0,0,0.0,1.0,1.0,0.0,0.0,391,0.0,0.2557544757033248,0.0,0.2557544757033248,0.0,0.0,0.0,0.0,0.0,0.0,0.0,0.0,25.0,0.0,0.0,0.0,0.0,0.0,0.0
1153,3,2,2.0,0.0,0.0,0.0,0.0,75,2.666666666666667,0.0,2.666666666666667,0.0,0.0,0.0,0.0,0.0,0.0,0.0,0.0,0.0,0.0,0.0,0.0,0.0,0.0,0.0,0,2.0,0.0,0.0,0.0,0.0,269,0.0,0.0,0.7434944237918215,0.0,0.0,0.0,0.0,0.0,0.0,0.0,0.0,0.0,24.0,0.0,0.0,0.0,0.0,0.0,0.0
1158,2,23,8.0,4.0,2.0,9.0,0.0,351,6.552706552706552,1.1396011396011396,2.2792022792022792,0.5698005698005698,2.564102564102564,0.0,,,,,,,,,,,,,0,8.0,4.0,2.0,9.0,0.0,801,0.0,0.4993757802746567,0.9987515605493134,0.2496878901373283,1.1235955056179776,0.0,,,,,,,,,,,,,
1159,3,0,0.0,0.0,0.0,0.0,0.0,9,0.0,0.0,0.0,0.0,0.0,0.0,0.0,0.0,0.0,0.0,0.0,0.0,0.0,0.0,0.0,0.0,0.0,0.0,0,0.0,0.0,0.0,0.0,0.0,21,0.0,0.0,0.0,0.0,0.0,0.0,0.0,0.0,0.0,0.0,0.0,0.0,17.0,0.0,0.0,0.0,0.0,0.0,0.0
1160,3,1,0.0,0.0,1.0,0.0,0.0,18,5.555555555555555,0.0,0.0,5.555555555555555,0.0,0.0,0.0,0.0,0.0,0.0,0.0,0.0,0.0,0.0,0.0,0.0,0.0,0.0,0,0.0,0.0,1.0,0.0,0.0,61,0.0,0.0,0.0,1.639344262295082,0.0,0.0,0.0,0.0,0.0,0.0,0.0,0.0,25.0,0.0,0.0,0.0,0.0,0.0,0.0
1163,3,7,1.0,6.0,0.0,0.0,0.0,101,6.930693069306932,5.9405940594059405,0.99009900990099,0.0,0.0,0.0,0.0,0.0,0.0,0.0,0.0,0.0,0.0,0.0,0.0,0.0,0.0,0.0,0,1.0,6.0,0.0,0.0,0.0,301,0.0,1.9933554817275747,0.3322259136212624,0.0,0.0,0.0,0.0,0.0,0.0,0.0,0.0,0.0,22.0,0.0,0.0,0.0,0.0,0.0,0.0
1164,3,0,0.0,0.0,0.0,0.0,0.0,23,0.0,0.0,0.0,0.0,0.0,0.0,0.0,0.0,0.0,0.0,0.0,0.0,0.0,0.0,0.0,0.0,0.0,0.0,0,0.0,0.0,0.0,0.0,0.0,55,0.0,0.0,0.0,0.0,0.0,0.0,0.0,0.0,0.0,0.0,0.0,0.0,20.0,0.0,0.0,0.0,0.0,0.0,0.0
1168,3,0,0.0,0.0,0.0,0.0,0.0,61,0.0,0.0,0.0,0.0,0.0,0.0,0.0,0.0,0.0,0.0,0.0,0.0,0.0,0.0,0.0,0.0,0.0,0.0,0,0.0,0.0,0.0,0.0,0.0,198,0.0,0.0,0.0,0.0,0.0,0.0,0.0,0.0,0.0,0.0,0.0,0.0,22.0,0.0,0.0,0.0,0.0,0.0,0.0
1170,3,0,0.0,0.0,0.0,0.0,0.0,14,0.0,0.0,0.0,0.0,0.0,0.0,0.0,0.0,0.0,0.0,0.0,0.0,0.0,0.0,0.0,0.0,0.0,0.0,0,0.0,0.0,0.0,0.0,0.0,29,0.0,0.0,0.0,0.0,0.0,0.0,0.0,0.0,0.0,0.0,0.0,0.0,14.0,0.0,0.0,0.0,0.0,0.0,0.0
1171,2,2,1.0,0.0,1.0,0.0,0.0,318,0.628930817610063,0.0,0.3144654088050315,0.3144654088050315,0.0,0.0,0.0,0.0,0.0,0.0,0.0,0.0,0.0,0.0,0.0,0.0,0.0,0.0,0,1.0,0.0,1.0,0.0,0.0,746,0.0,0.0,0.1340482573726541,0.1340482573726541,0.0,0.0,0.0,0.0,0.0,0.0,0.0,0.0,17.0,0.0,0.0,0.0,0.0,0.0,0.0
1172,3,0,0.0,0.0,0.0,0.0,0.0,85,0.0,0.0,0.0,0.0,0.0,0.0,0.0,0.0,0.0,0.0,0.0,0.0,0.0,0.0,0.0,0.0,0.0,0.0,0,0.0,0.0,0.0,0.0,0.0,220,0.0,0.0,0.0,0.0,0.0,0.0,0.0,0.0,0.0,0.0,0.0,0.0,18.0,0.0,0.0,0.0,0.0,0.0,0.0
1173,3,0,0.0,0.0,0.0,0.0,0.0,6,0.0,0.0,0.0,0.0,0.0,0.0,0.0,0.0,0.0,0.0,0.0,0.0,0.0,0.0,0.0,0.0,0.0,0.0,0,0.0,0.0,0.0,0.0,0.0,19,0.0,0.0,0.0,0.0,0.0,0.0,0.0,0.0,0.0,0.0,0.0,0.0,16.0,0.0,0.0,0.0,0.0,0.0,0.0
1177,3,0,,0.0,0.0,0.0,0.0,20,0.0,0.0,,0.0,0.0,0.0,0.0,,0.0,0.0,0.0,0.0,0.0,0.0,,0.0,0.0,0.0,0,,0.0,0.0,0.0,0.0,50,0.0,0.0,,0.0,0.0,0.0,0.0,,0.0,0.0,0.0,0.0,18.0,0.0,0.0,,0.0,0.0,0.0
1178,3,4,3.0,0.0,0.0,1.0,0.0,63,6.349206349206349,0.0,4.761904761904762,0.0,1.5873015873015872,0.0,1.0,1.0,0.0,0.0,0.0,0.0,14.285714285714285,0.0,14.285714285714285,0.0,0.0,0.0,0,3.0,0.0,0.0,1.0,0.0,172,0.0,0.0,1.744186046511628,0.0,0.5813953488372093,0.0,0.0,1.0,0.0,0.0,0.0,0.0,20.0,0.0,0.0,5.0,0.0,0.0,0.0
1184,3,0,0.0,0.0,0.0,0.0,0.0,4,0.0,0.0,0.0,0.0,0.0,0.0,0.0,0.0,0.0,0.0,0.0,0.0,0.0,0.0,0.0,0.0,0.0,0.0,0,0.0,0.0,0.0,0.0,0.0,9,0.0,0.0,0.0,0.0,0.0,0.0,0.0,0.0,0.0,0.0,0.0,0.0,7.0,0.0,0.0,0.0,0.0,0.0,0.0
1191,2,6,1.0,3.0,0.0,2.0,0.0,328,1.829268292682927,0.9146341463414632,0.3048780487804878,0.0,0.6097560975609756,0.0,,,,,,,,,,,,,0,1.0,3.0,0.0,2.0,0.0,831,0.0,0.3610108303249097,0.1203369434416365,0.0,0.2406738868832731,0.0,,,,,,,,,,,,,
1192,2,53,23.0,9.0,2.0,21.0,0.0,353,15.01416430594901,2.549575070821529,6.515580736543909,0.56657223796034,5.94900849858357,0.0,1.0,1.0,0.0,0.0,0.0,0.0,14.285714285714285,0.0,14.285714285714285,0.0,0.0,0.0,0,23.0,9.0,2.0,21.0,0.0,899,0.0,1.0011123470522802,2.5583982202447166,0.2224694104560622,2.3359288097886544,0.0,0.0,1.0,0.0,0.0,0.0,0.0,16.0,0.0,0.0,6.25,0.0,0.0,0.0
1197,3,1,0.0,1.0,0.0,0.0,0.0,19,5.263157894736842,5.263157894736842,0.0,0.0,0.0,0.0,0.0,0.0,0.0,0.0,0.0,0.0,0.0,0.0,0.0,0.0,0.0,0.0,0,0.0,1.0,0.0,0.0,0.0,50,0.0,2.0,0.0,0.0,0.0,0.0,0.0,0.0,0.0,0.0,0.0,0.0,19.0,0.0,0.0,0.0,0.0,0.0,0.0
1198,2,3,3.0,0.0,0.0,0.0,2.0,309,0.9708737864077668,0.0,0.9708737864077668,0.0,0.0,0.6472491909385114,0.0,0.0,0.0,0.0,0.0,0.0,0.0,0.0,0.0,0.0,0.0,0.0,0,3.0,0.0,0.0,0.0,2.0,781,0.0,0.0,0.3841229193341869,0.0,0.0,0.2560819462227913,0.0,0.0,0.0,0.0,0.0,0.0,17.0,0.0,0.0,0.0,0.0,0.0,0.0
1199,2,6,4.0,1.0,0.0,1.0,0.0,333,1.8018018018018016,0.3003003003003003,1.2012012012012012,0.0,0.3003003003003003,0.0,,,,,,,,,,,,,0,4.0,1.0,0.0,1.0,0.0,749,0.0,0.1335113484646194,0.5340453938584779,0.0,0.1335113484646194,0.0,,,,,,,,,,,,,
1200,2,19,9.0,4.0,3.0,7.0,0.0,357,5.322128851540616,1.1204481792717087,2.5210084033613445,0.8403361344537815,1.96078431372549,0.0,0.0,0.0,0.0,0.0,0.0,0.0,0.0,0.0,0.0,0.0,0.0,0.0,0,9.0,4.0,3.0,7.0,0.0,872,0.0,0.4587155963302752,1.0321100917431194,0.3440366972477064,0.8027522935779817,0.0,0.0,0.0,0.0,0.0,0.0,0.0,17.0,0.0,0.0,0.0,0.0,0.0,0.0
1204,2,5,0.0,1.0,2.0,3.0,0.0,297,1.6835016835016834,0.3367003367003366,0.0,0.6734006734006733,1.0101010101010102,0.0,0.0,0.0,0.0,0.0,0.0,0.0,0.0,0.0,0.0,0.0,0.0,0.0,0,0.0,1.0,2.0,3.0,0.0,736,0.0,0.1358695652173913,0.0,0.2717391304347826,0.4076086956521739,0.0,0.0,0.0,0.0,0.0,0.0,0.0,2.0,0.0,0.0,0.0,0.0,0.0,0.0
1207,2,7,2.0,1.0,2.0,3.0,0.0,296,2.364864864864865,0.3378378378378378,0.6756756756756757,0.6756756756756757,1.0135135135135136,0.0,0.0,0.0,0.0,0.0,0.0,0.0,0.0,0.0,0.0,0.0,0.0,0.0,0,2.0,1.0,2.0,3.0,0.0,769,0.0,0.130039011703511,0.2600780234070221,0.2600780234070221,0.3901170351105332,0.0,0.0,0.0,0.0,0.0,0.0,0.0,17.0,0.0,0.0,0.0,0.0,0.0,0.0
1212,2,3,0.0,,0.0,2.0,0.0,282,1.0638297872340423,,0.0,0.0,0.7092198581560284,0.0,0.0,0.0,,0.0,0.0,0.0,0.0,,0.0,0.0,0.0,0.0,0,0.0,,0.0,2.0,0.0,630,0.0,,0.0,0.0,0.3174603174603174,0.0,0.0,0.0,,0.0,0.0,0.0,14.0,0.0,,0.0,0.0,0.0,0.0
1215,2,7,3.0,2.0,0.0,2.0,0.0,330,2.121212121212121,0.6060606060606061,0.9090909090909092,0.0,0.6060606060606061,0.0,0.0,0.0,0.0,0.0,0.0,0.0,0.0,0.0,0.0,0.0,0.0,0.0,0,3.0,2.0,0.0,2.0,0.0,833,0.0,0.2400960384153661,0.3601440576230492,0.0,0.2400960384153661,0.0,0.0,0.0,0.0,0.0,0.0,0.0,2.0,0.0,0.0,0.0,0.0,0.0,0.0
1216,2,5,0.0,2.0,1.0,2.0,0.0,293,1.706484641638225,0.6825938566552902,0.0,0.3412969283276451,0.6825938566552902,0.0,1.0,0.0,0.0,0.0,1.0,0.0,14.285714285714285,0.0,0.0,0.0,14.285714285714285,0.0,0,0.0,2.0,1.0,2.0,0.0,730,0.0,0.273972602739726,0.0,0.136986301369863,0.273972602739726,0.0,0.0,0.0,0.0,0.0,1.0,0.0,2.0,0.0,0.0,0.0,0.0,50.0,0.0
1219,2,10,6.0,0.0,1.0,4.0,0.0,306,3.2679738562091507,0.0,1.96078431372549,0.326797385620915,1.30718954248366,0.0,0.0,0.0,0.0,0.0,0.0,0.0,0.0,0.0,0.0,0.0,0.0,0.0,0,7.0,0.0,1.0,4.0,0.0,699,0.0,0.0,1.0014306151645207,0.1430615164520743,0.5722460658082975,0.0,0.0,0.0,0.0,0.0,0.0,0.0,17.0,0.0,0.0,0.0,0.0,0.0,0.0
1223,2,11,3.0,2.0,0.0,6.0,0.0,312,3.525641025641025,0.641025641025641,0.9615384615384616,0.0,1.9230769230769231,0.0,0.0,0.0,0.0,0.0,0.0,0.0,0.0,0.0,0.0,0.0,0.0,0.0,0,3.0,2.0,0.0,6.0,0.0,1108,0.0,0.1805054151624548,0.2707581227436823,0.0,0.5415162454873645,0.0,0.0,0.0,0.0,0.0,0.0,0.0,26.0,0.0,0.0,0.0,0.0,0.0,0.0
1224,2,3,0.0,0.0,2.0,1.0,0.0,303,0.99009900990099,0.0,0.0,0.6600660066006601,0.33003300330033,0.0,0.0,0.0,0.0,0.0,0.0,0.0,0.0,0.0,0.0,0.0,0.0,0.0,0,0.0,0.0,2.0,1.0,0.0,726,0.0,0.0,0.0,0.2754820936639118,0.1377410468319559,0.0,0.0,0.0,0.0,0.0,0.0,0.0,2.0,0.0,0.0,0.0,0.0,0.0,0.0
1225,2,7,,3.0,2.0,0.0,0.0,312,2.243589743589744,0.9615384615384616,,0.641025641025641,0.0,0.0,0.0,,0.0,0.0,0.0,0.0,0.0,0.0,,0.0,0.0,0.0,0,,3.0,2.0,0.0,0.0,926,0.0,0.3239740820734341,,0.2159827213822894,0.0,0.0,0.0,,0.0,0.0,0.0,0.0,3.0,0.0,0.0,,0.0,0.0,0.0
1231,2,2,2.0,0.0,1.0,0.0,0.0,185,1.0810810810810811,0.0,1.0810810810810811,0.5405405405405406,0.0,0.0,0.0,0.0,0.0,0.0,0.0,0.0,0.0,0.0,0.0,0.0,0.0,0.0,0,2.0,0.0,1.0,0.0,0.0,571,0.0,0.0,0.3502626970227671,0.1751313485113835,0.0,0.0,0.0,0.0,0.0,0.0,0.0,0.0,24.0,0.0,0.0,0.0,0.0,0.0,0.0
1232,2,6,3.0,1.0,1.0,2.0,0.0,291,2.061855670103093,0.3436426116838488,1.0309278350515465,0.3436426116838488,0.6872852233676976,0.0,0.0,0.0,0.0,0.0,0.0,0.0,0.0,0.0,0.0,0.0,0.0,0.0,0,3.0,1.0,1.0,2.0,0.0,749,0.0,0.1335113484646194,0.4005340453938585,0.1335113484646194,0.2670226969292389,0.0,0.0,0.0,0.0,0.0,0.0,0.0,13.0,0.0,0.0,0.0,0.0,0.0,0.0
1233,2,0,0.0,0.0,0.0,0.0,0.0,246,0.0,0.0,0.0,0.0,0.0,0.0,0.0,0.0,0.0,0.0,0.0,0.0,0.0,0.0,0.0,0.0,0.0,0.0,0,0.0,0.0,0.0,0.0,0.0,641,0.0,0.0,0.0,0.0,0.0,0.0,0.0,0.0,0.0,0.0,0.0,0.0,18.0,0.0,0.0,0.0,0.0,0.0,0.0
1235,2,0,,0.0,0.0,0.0,0.0,141,0.0,0.0,,0.0,0.0,0.0,0.0,,0.0,0.0,0.0,0.0,0.0,0.0,,0.0,0.0,0.0,0,,0.0,0.0,0.0,0.0,384,0.0,0.0,,0.0,0.0,0.0,0.0,,0.0,0.0,0.0,0.0,19.0,0.0,0.0,,0.0,0.0,0.0
1236,2,1,1.0,0.0,1.0,0.0,0.0,203,0.4926108374384236,0.0,0.4926108374384236,0.4926108374384236,0.0,0.0,0.0,0.0,0.0,0.0,0.0,0.0,0.0,0.0,0.0,0.0,0.0,0.0,0,1.0,0.0,1.0,0.0,0.0,512,0.0,0.0,0.1953125,0.1953125,0.0,0.0,0.0,0.0,0.0,0.0,0.0,0.0,19.0,0.0,0.0,0.0,0.0,0.0,0.0
1237,2,6,1.0,1.0,2.0,3.0,0.0,311,1.929260450160772,0.3215434083601286,0.3215434083601286,0.6430868167202572,0.964630225080386,0.0,1.0,0.0,1.0,1.0,0.0,0.0,14.285714285714285,14.285714285714285,0.0,14.285714285714285,0.0,0.0,0,1.0,1.0,2.0,3.0,0.0,729,0.0,0.1371742112482853,0.1371742112482853,0.2743484224965706,0.411522633744856,0.0,0.0,0.0,1.0,1.0,0.0,0.0,16.0,0.0,6.25,0.0,6.25,0.0,0.0
1240,2,3,2.0,0.0,1.0,0.0,0.0,231,1.2987012987012987,0.0,0.8658008658008658,0.4329004329004329,0.0,0.0,0.0,0.0,0.0,0.0,0.0,0.0,0.0,0.0,0.0,0.0,0.0,0.0,0,2.0,0.0,1.0,0.0,0.0,787,0.0,0.0,0.2541296060991105,0.1270648030495552,0.0,0.0,0.0,0.0,0.0,0.0,0.0,0.0,27.0,0.0,0.0,0.0,0.0,0.0,0.0
1241,2,0,0.0,0.0,0.0,0.0,0.0,119,0.0,0.0,0.0,0.0,0.0,0.0,0.0,0.0,0.0,0.0,0.0,0.0,0.0,0.0,0.0,0.0,0.0,0.0,0,0.0,0.0,0.0,0.0,0.0,376,0.0,0.0,0.0,0.0,0.0,0.0,0.0,0.0,0.0,0.0,0.0,0.0,22.0,0.0,0.0,0.0,0.0,0.0,0.0
1243,2,6,2.0,1.0,2.0,1.0,0.0,246,2.4390243902439024,0.4065040650406504,0.8130081300813009,0.8130081300813009,0.4065040650406504,0.0,0.0,0.0,0.0,0.0,0.0,0.0,0.0,0.0,0.0,0.0,0.0,0.0,0,2.0,1.0,2.0,1.0,0.0,595,0.0,0.1680672268907563,0.3361344537815126,0.3361344537815126,0.1680672268907563,0.0,0.0,0.0,0.0,0.0,0.0,0.0,17.0,0.0,0.0,0.0,0.0,0.0,0.0
1244,2,0,0.0,0.0,0.0,0.0,0.0,131,0.0,0.0,0.0,0.0,0.0,0.0,0.0,0.0,0.0,0.0,0.0,0.0,0.0,0.0,0.0,0.0,0.0,0.0,0,0.0,0.0,0.0,0.0,0.0,374,0.0,0.0,0.0,0.0,0.0,0.0,0.0,0.0,0.0,0.0,0.0,0.0,19.0,0.0,0.0,0.0,0.0,0.0,0.0
1245,2,5,2.0,1.0,0.0,2.0,0.0,267,1.872659176029963,0.3745318352059925,0.7490636704119851,0.0,0.7490636704119851,0.0,0.0,0.0,0.0,0.0,0.0,0.0,0.0,0.0,0.0,0.0,0.0,0.0,0,2.0,1.0,0.0,2.0,0.0,654,0.0,0.1529051987767584,0.3058103975535168,0.0,0.3058103975535168,0.0,0.0,0.0,0.0,0.0,0.0,0.0,17.0,0.0,0.0,0.0,0.0,0.0,0.0
1246,2,1,1.0,0.0,0.0,0.0,0.0,248,0.4032258064516129,0.0,0.4032258064516129,0.0,0.0,0.0,0.0,0.0,0.0,0.0,0.0,0.0,0.0,0.0,0.0,0.0,0.0,0.0,0,1.0,0.0,0.0,0.0,0.0,862,0.0,0.0,0.1160092807424593,0.0,0.0,0.0,0.0,0.0,0.0,0.0,0.0,0.0,23.0,0.0,0.0,0.0,0.0,0.0,0.0
1252,2,3,1.0,0.0,2.0,0.0,0.0,200,1.5,0.0,0.5,1.0,0.0,0.0,0.0,0.0,0.0,0.0,0.0,0.0,0.0,0.0,0.0,0.0,0.0,0.0,0,1.0,0.0,2.0,0.0,0.0,406,0.0,0.0,0.2463054187192118,0.4926108374384236,0.0,0.0,0.0,0.0,0.0,0.0,0.0,0.0,15.0,0.0,0.0,0.0,0.0,0.0,0.0
1255,2,5,2.0,1.0,2.0,0.0,0.0,271,1.8450184501845015,0.3690036900369003,0.7380073800738007,0.7380073800738007,0.0,0.0,0.0,0.0,0.0,0.0,0.0,0.0,0.0,0.0,0.0,0.0,0.0,0.0,0,2.0,1.0,2.0,0.0,0.0,642,0.0,0.1557632398753894,0.3115264797507788,0.3115264797507788,0.0,0.0,0.0,0.0,0.0,0.0,0.0,0.0,18.0,0.0,0.0,0.0,0.0,0.0,0.0
1258,2,1,0.0,0.0,0.0,1.0,0.0,186,0.5376344086021506,0.0,0.0,0.0,0.5376344086021506,0.0,0.0,0.0,0.0,0.0,0.0,0.0,0.0,0.0,0.0,0.0,0.0,0.0,0,0.0,0.0,0.0,1.0,0.0,435,0.0,0.0,0.0,0.0,0.2298850574712643,0.0,0.0,0.0,0.0,0.0,0.0,0.0,18.0,0.0,0.0,0.0,0.0,0.0,0.0
1259,2,4,1.0,1.0,2.0,0.0,0.0,250,1.6,0.4,0.4,0.8,0.0,0.0,0.0,0.0,0.0,0.0,0.0,0.0,0.0,0.0,0.0,0.0,0.0,0.0,0,1.0,1.0,2.0,0.0,0.0,668,0.0,0.1497005988023952,0.1497005988023952,0.2994011976047904,0.0,0.0,0.0,0.0,0.0,0.0,0.0,0.0,17.0,0.0,0.0,0.0,0.0,0.0,0.0
1261,2,7,1.0,4.0,1.0,3.0,0.0,141,4.964539007092199,2.8368794326241136,0.7092198581560284,0.7092198581560284,2.127659574468085,0.0,0.0,0.0,0.0,0.0,0.0,0.0,0.0,0.0,0.0,0.0,0.0,0.0,0,1.0,4.0,1.0,3.0,0.0,424,0.0,0.9433962264150944,0.2358490566037736,0.2358490566037736,0.7075471698113208,0.0,0.0,0.0,0.0,0.0,0.0,0.0,17.0,0.0,0.0,0.0,0.0,0.0,0.0
1262,2,85,51.0,3.0,6.0,65.0,0.0,112,75.89285714285714,2.6785714285714284,45.535714285714285,5.357142857142857,58.03571428571429,0.0,7.0,6.0,1.0,1.0,5.0,0.0,100.0,14.285714285714285,85.71428571428571,14.285714285714285,71.42857142857143,0.0,0,65.0,3.0,6.0,99.0,0.0,299,0.0,1.0033444816053512,21.73913043478261,2.0066889632107023,33.11036789297659,0.0,0.0,9.0,1.0,1.0,8.0,0.0,20.0,0.0,5.0,45.0,5.0,40.0,0.0
1263,2,1,1.0,0.0,0.0,0.0,0.0,184,0.5434782608695652,0.0,0.5434782608695652,0.0,0.0,0.0,0.0,0.0,0.0,0.0,0.0,0.0,0.0,0.0,0.0,0.0,0.0,0.0,0,1.0,0.0,0.0,0.0,0.0,597,0.0,0.0,0.1675041876046901,0.0,0.0,0.0,0.0,0.0,0.0,0.0,0.0,0.0,21.0,0.0,0.0,0.0,0.0,0.0,0.0
1264,2,3,1.0,2.0,1.0,1.0,0.0,258,1.162790697674419,0.7751937984496124,0.3875968992248062,0.3875968992248062,0.3875968992248062,0.0,0.0,0.0,0.0,0.0,0.0,0.0,0.0,0.0,0.0,0.0,0.0,0.0,0,1.0,2.0,1.0,1.0,0.0,699,0.0,0.2861230329041487,0.1430615164520743,0.1430615164520743,0.1430615164520743,0.0,0.0,0.0,0.0,0.0,0.0,0.0,21.0,0.0,0.0,0.0,0.0,0.0,0.0
1266,2,3,2.0,0.0,1.0,0.0,0.0,222,1.351351351351351,0.0,0.9009009009009008,0.4504504504504504,0.0,0.0,0.0,0.0,0.0,0.0,0.0,0.0,0.0,0.0,0.0,0.0,0.0,0.0,0,2.0,0.0,1.0,0.0,0.0,572,0.0,0.0,0.3496503496503496,0.1748251748251748,0.0,0.0,0.0,0.0,0.0,0.0,0.0,0.0,17.0,0.0,0.0,0.0,0.0,0.0,0.0
1267,2,6,2.0,1.0,2.0,1.0,1.0,264,2.272727272727273,0.3787878787878788,0.7575757575757576,0.7575757575757576,0.3787878787878788,0.3787878787878788,0.0,0.0,0.0,0.0,0.0,0.0,0.0,0.0,0.0,0.0,0.0,0.0,0,2.0,1.0,2.0,1.0,1.0,666,0.0,0.1501501501501501,0.3003003003003003,0.3003003003003003,0.1501501501501501,0.1501501501501501,0.0,0.0,0.0,0.0,0.0,0.0,14.0,0.0,0.0,0.0,0.0,0.0,0.0
1268,2,0,0.0,0.0,0.0,0.0,0.0,15,0.0,0.0,0.0,0.0,0.0,0.0,0.0,0.0,0.0,0.0,0.0,0.0,0.0,0.0,0.0,0.0,0.0,0.0,0,0.0,0.0,0.0,0.0,0.0,46,0.0,0.0,0.0,0.0,0.0,0.0,0.0,0.0,0.0,0.0,0.0,0.0,23.0,0.0,0.0,0.0,0.0,0.0,0.0
1270,2,6,,0.0,0.0,1.0,0.0,156,3.8461538461538463,0.0,,0.0,0.641025641025641,0.0,0.0,,0.0,0.0,0.0,0.0,0.0,0.0,,0.0,0.0,0.0,0,,0.0,0.0,1.0,0.0,361,0.0,0.0,,0.0,0.2770083102493075,0.0,0.0,,0.0,0.0,0.0,0.0,17.0,0.0,0.0,,0.0,0.0,0.0
1271,2,0,0.0,0.0,0.0,0.0,0.0,149,0.0,0.0,0.0,0.0,0.0,0.0,0.0,0.0,0.0,0.0,0.0,0.0,0.0,0.0,0.0,0.0,0.0,0.0,0,0.0,0.0,0.0,0.0,0.0,370,0.0,0.0,0.0,0.0,0.0,0.0,0.0,0.0,0.0,0.0,0.0,0.0,16.0,0.0,0.0,0.0,0.0,0.0,0.0
1272,2,13,2.0,2.0,2.0,9.0,0.0,169,7.6923076923076925,1.183431952662722,1.183431952662722,1.183431952662722,5.325443786982249,0.0,0.0,0.0,0.0,0.0,0.0,0.0,0.0,0.0,0.0,0.0,0.0,0.0,0,3.0,2.0,2.0,10.0,0.0,472,0.0,0.423728813559322,0.6355932203389831,0.423728813559322,2.11864406779661,0.0,0.0,0.0,0.0,0.0,0.0,0.0,16.0,0.0,0.0,0.0,0.0,0.0,0.0
1273,2,2,1.0,0.0,0.0,1.0,0.0,206,0.9708737864077668,0.0,0.4854368932038834,0.0,0.4854368932038834,0.0,0.0,0.0,0.0,0.0,0.0,0.0,0.0,0.0,0.0,0.0,0.0,0.0,0,1.0,0.0,0.0,1.0,0.0,544,0.0,0.0,0.1838235294117647,0.0,0.1838235294117647,0.0,0.0,0.0,0.0,0.0,0.0,0.0,17.0,0.0,0.0,0.0,0.0,0.0,0.0
1274,2,1,1.0,0.0,0.0,0.0,0.0,104,0.9615384615384616,0.0,0.9615384615384616,0.0,0.0,0.0,0.0,0.0,0.0,0.0,0.0,0.0,0.0,0.0,0.0,0.0,0.0,0.0,0,1.0,0.0,0.0,0.0,0.0,299,0.0,0.0,0.334448160535117,0.0,0.0,0.0,0.0,0.0,0.0,0.0,0.0,0.0,21.0,0.0,0.0,0.0,0.0,0.0,0.0
1276,2,0,0.0,0.0,0.0,0.0,0.0,117,0.0,0.0,0.0,0.0,0.0,0.0,0.0,0.0,0.0,0.0,0.0,0.0,0.0,0.0,0.0,0.0,0.0,0.0,0,0.0,0.0,0.0,0.0,0.0,356,0.0,0.0,0.0,0.0,0.0,0.0,0.0,0.0,0.0,0.0,0.0,0.0,22.0,0.0,0.0,0.0,0.0,0.0,0.0
1277,2,0,0.0,0.0,,,0.0,175,0.0,0.0,0.0,,,0.0,0.0,0.0,0.0,,,0.0,0.0,0.0,0.0,,,0.0,0,0.0,0.0,,,0.0,515,0.0,0.0,0.0,,,0.0,0.0,0.0,0.0,,,0.0,18.0,0.0,0.0,0.0,,,0.0
1279,2,0,0.0,0.0,0.0,0.0,0.0,58,0.0,0.0,0.0,0.0,0.0,0.0,0.0,0.0,0.0,0.0,0.0,0.0,0.0,0.0,0.0,0.0,0.0,0.0,0,0.0,0.0,0.0,0.0,0.0,158,0.0,0.0,0.0,0.0,0.0,0.0,0.0,0.0,0.0,0.0,0.0,0.0,22.0,0.0,0.0,0.0,0.0,0.0,0.0
1281,2,0,0.0,0.0,0.0,0.0,0.0,135,0.0,0.0,0.0,0.0,0.0,0.0,0.0,0.0,0.0,0.0,0.0,0.0,0.0,0.0,0.0,0.0,0.0,0.0,0,0.0,0.0,0.0,0.0,0.0,381,0.0,0.0,0.0,0.0,0.0,0.0,0.0,0.0,0.0,0.0,0.0,0.0,18.0,0.0,0.0,0.0,0.0,0.0,0.0
1282,2,1,0.0,1.0,1.0,,0.0,72,1.3888888888888888,1.3888888888888888,0.0,1.3888888888888888,,0.0,0.0,0.0,0.0,0.0,,0.0,0.0,0.0,0.0,0.0,,0.0,0,0.0,1.0,1.0,,0.0,253,0.0,0.3952569169960474,0.0,0.3952569169960474,,0.0,0.0,0.0,0.0,0.0,,0.0,24.0,0.0,0.0,0.0,0.0,,0.0
1283,2,6,3.0,0.0,2.0,1.0,0.0,175,3.428571428571429,0.0,1.7142857142857144,1.1428571428571428,0.5714285714285714,0.0,0.0,0.0,0.0,0.0,0.0,0.0,0.0,0.0,0.0,0.0,0.0,0.0,0,3.0,0.0,2.0,1.0,0.0,600,0.0,0.0,0.5,0.3333333333333333,0.1666666666666666,0.0,0.0,0.0,0.0,0.0,0.0,0.0,18.0,0.0,0.0,0.0,0.0,0.0,0.0
1284,2,4,2.0,2.0,0.0,0.0,0.0,167,2.395209580838324,1.1976047904191618,1.1976047904191618,0.0,0.0,0.0,0.0,0.0,0.0,0.0,0.0,0.0,0.0,0.0,0.0,0.0,0.0,0.0,0,2.0,2.0,0.0,0.0,0.0,477,0.0,0.4192872117400419,0.4192872117400419,0.0,0.0,0.0,0.0,0.0,0.0,0.0,0.0,0.0,21.0,0.0,0.0,0.0,0.0,0.0,0.0
1286,2,0,0.0,0.0,0.0,0.0,0.0,116,0.0,0.0,0.0,0.0,0.0,0.0,0.0,0.0,0.0,0.0,0.0,0.0,0.0,0.0,0.0,0.0,0.0,0.0,0,0.0,0.0,0.0,0.0,0.0,333,0.0,0.0,0.0,0.0,0.0,0.0,0.0,0.0,0.0,0.0,0.0,0.0,22.0,0.0,0.0,0.0,0.0,0.0,0.0
1288,2,5,2.0,0.0,2.0,1.0,0.0,61,8.19672131147541,0.0,3.278688524590164,3.278688524590164,1.639344262295082,0.0,0.0,0.0,0.0,0.0,0.0,0.0,0.0,0.0,0.0,0.0,0.0,0.0,0,2.0,0.0,2.0,1.0,0.0,150,0.0,0.0,1.3333333333333337,1.3333333333333337,0.6666666666666667,0.0,0.0,0.0,0.0,0.0,0.0,0.0,15.0,0.0,0.0,0.0,0.0,0.0,0.0
1291,2,1,0.0,1.0,0.0,0.0,0.0,125,0.8,0.8,0.0,0.0,0.0,0.0,1.0,0.0,1.0,0.0,0.0,0.0,14.285714285714285,14.285714285714285,0.0,0.0,0.0,0.0,0,0.0,1.0,0.0,0.0,0.0,417,0.0,0.2398081534772182,0.0,0.0,0.0,0.0,0.0,0.0,1.0,0.0,0.0,0.0,24.0,0.0,4.166666666666666,0.0,0.0,0.0,0.0
1292,1,18,9.0,4.0,5.0,3.0,1.0,461,3.9045553145336234,0.8676789587852495,1.9522776572668112,1.084598698481562,0.6507592190889371,0.2169197396963123,,,,,,,,,,,,,0,9.0,4.0,5.0,3.0,1.0,850,0.0,0.4705882352941176,1.0588235294117647,0.5882352941176471,0.3529411764705882,0.1176470588235294,,,,,,,,,,,,,
1293,2,2,0.0,1.0,0.0,1.0,1.0,166,1.2048192771084338,0.6024096385542169,0.0,0.0,0.6024096385542169,0.6024096385542169,0.0,0.0,0.0,0.0,0.0,0.0,0.0,0.0,0.0,0.0,0.0,0.0,0,0.0,1.0,0.0,1.0,1.0,456,0.0,0.219298245614035,0.0,0.0,0.219298245614035,0.219298245614035,0.0,0.0,0.0,0.0,0.0,0.0,18.0,0.0,0.0,0.0,0.0,0.0,0.0
1294,2,6,1.0,1.0,5.0,0.0,0.0,107,5.607476635514018,0.9345794392523364,0.9345794392523364,4.672897196261682,0.0,0.0,0.0,0.0,0.0,0.0,0.0,0.0,0.0,0.0,0.0,0.0,0.0,0.0,0,1.0,1.0,8.0,0.0,0.0,271,0.0,0.3690036900369003,0.3690036900369003,2.952029520295203,0.0,0.0,0.0,0.0,0.0,0.0,0.0,0.0,19.0,0.0,0.0,0.0,0.0,0.0,0.0
1295,2,2,0.0,,0.0,2.0,0.0,141,1.4184397163120568,,0.0,0.0,1.4184397163120568,0.0,0.0,0.0,,0.0,0.0,0.0,0.0,,0.0,0.0,0.0,0.0,0,0.0,,0.0,2.0,0.0,377,0.0,,0.0,0.0,0.5305039787798408,0.0,0.0,0.0,,0.0,0.0,0.0,21.0,0.0,,0.0,0.0,0.0,0.0
1300,2,2,0.0,1.0,0.0,1.0,0.0,119,1.680672268907563,0.8403361344537815,0.0,0.0,0.8403361344537815,0.0,1.0,0.0,1.0,0.0,0.0,0.0,14.285714285714285,14.285714285714285,0.0,0.0,0.0,0.0,0,0.0,1.0,0.0,1.0,0.0,341,0.0,0.2932551319648094,0.0,0.0,0.2932551319648094,0.0,0.0,0.0,1.0,0.0,0.0,0.0,22.0,0.0,4.545454545454546,0.0,0.0,0.0,0.0
1304,1,7,2.0,1.0,2.0,2.0,2.0,369,1.8970189701897016,0.2710027100271002,0.5420054200542005,0.5420054200542005,0.5420054200542005,0.5420054200542005,0.0,0.0,0.0,0.0,0.0,0.0,0.0,0.0,0.0,0.0,0.0,0.0,0,2.0,1.0,2.0,2.0,2.0,814,0.0,0.1228501228501228,0.2457002457002457,0.2457002457002457,0.2457002457002457,0.2457002457002457,0.0,0.0,0.0,0.0,0.0,0.0,2.0,0.0,0.0,0.0,0.0,0.0,0.0
1305,2,2,,0.0,1.0,0.0,0.0,90,2.2222222222222223,0.0,,1.1111111111111112,0.0,0.0,0.0,,0.0,0.0,0.0,0.0,0.0,0.0,,0.0,0.0,0.0,0,,0.0,1.0,0.0,0.0,247,0.0,0.0,,0.4048582995951417,0.0,0.0,0.0,,0.0,0.0,0.0,0.0,21.0,0.0,0.0,,0.0,0.0,0.0
1306,1,45,15.0,15.0,5.0,23.0,3.0,270,16.666666666666664,5.555555555555555,5.555555555555555,1.851851851851852,8.518518518518519,1.1111111111111112,,,,,,,,,,,,,0,17.0,18.0,5.0,24.0,3.0,765,0.0,2.3529411764705883,2.2222222222222223,0.6535947712418301,3.1372549019607843,0.392156862745098,,,,,,,,,,,,,
1308,1,8,2.0,2.0,3.0,1.0,0.0,364,2.197802197802198,0.5494505494505495,0.5494505494505495,0.8241758241758242,0.2747252747252747,0.0,,,,,,,,,,,,,0,2.0,2.0,3.0,1.0,0.0,798,0.0,0.2506265664160401,0.2506265664160401,0.3759398496240601,0.12531328320802,0.0,,,,,,,,,,,,,
1311,1,5,2.0,1.0,1.0,1.0,1.0,381,1.3123359580052494,0.2624671916010498,0.5249343832020997,0.2624671916010498,0.2624671916010498,0.2624671916010498,0.0,0.0,0.0,0.0,0.0,0.0,0.0,0.0,0.0,0.0,0.0,0.0,0,2.0,1.0,1.0,1.0,1.0,903,0.0,0.1107419712070874,0.2214839424141749,0.1107419712070874,0.1107419712070874,0.1107419712070874,0.0,0.0,0.0,0.0,0.0,0.0,2.0,0.0,0.0,0.0,0.0,0.0,0.0
1312,2,2,1.0,1.0,1.0,1.0,0.0,52,3.8461538461538463,1.9230769230769231,1.9230769230769231,1.9230769230769231,1.9230769230769231,0.0,0.0,0.0,0.0,0.0,0.0,0.0,0.0,0.0,0.0,0.0,0.0,0.0,0,1.0,1.0,1.0,1.0,0.0,161,0.0,0.6211180124223602,0.6211180124223602,0.6211180124223602,0.6211180124223602,0.0,0.0,0.0,0.0,0.0,0.0,0.0,24.0,0.0,0.0,0.0,0.0,0.0,0.0
1314,2,0,0.0,0.0,0.0,0.0,0.0,1,0.0,0.0,0.0,0.0,0.0,0.0,0.0,0.0,0.0,0.0,0.0,0.0,0.0,0.0,0.0,0.0,0.0,0.0,0,0.0,0.0,0.0,0.0,0.0,3,0.0,0.0,0.0,0.0,0.0,0.0,0.0,0.0,0.0,0.0,0.0,0.0,1.0,0.0,0.0,0.0,0.0,0.0,0.0
1315,2,0,0.0,0.0,0.0,0.0,0.0,43,0.0,0.0,0.0,0.0,0.0,0.0,0.0,0.0,0.0,0.0,0.0,0.0,0.0,0.0,0.0,0.0,0.0,0.0,0,0.0,0.0,0.0,0.0,0.0,115,0.0,0.0,0.0,0.0,0.0,0.0,0.0,0.0,0.0,0.0,0.0,0.0,21.0,0.0,0.0,0.0,0.0,0.0,0.0
1317,1,15,4.0,4.0,2.0,6.0,0.0,245,6.122448979591836,1.6326530612244898,1.6326530612244898,0.8163265306122449,2.4489795918367347,0.0,,,,,,,,,,,,,0,4.0,4.0,2.0,6.0,0.0,603,0.0,0.6633499170812603,0.6633499170812603,0.3316749585406301,0.9950248756218906,0.0,,,,,,,,,,,,,
1319,2,3,0.0,0.0,3.0,0.0,0.0,30,10.0,0.0,0.0,10.0,0.0,0.0,0.0,0.0,0.0,0.0,0.0,0.0,0.0,0.0,0.0,0.0,0.0,0.0,0,0.0,0.0,5.0,0.0,0.0,75,0.0,0.0,0.0,6.666666666666667,0.0,0.0,0.0,0.0,0.0,0.0,0.0,0.0,22.0,0.0,0.0,0.0,0.0,0.0,0.0
1320,1,12,3.0,5.0,1.0,7.0,0.0,414,2.898550724637681,1.207729468599034,0.7246376811594203,0.2415458937198067,1.6908212560386473,0.0,0.0,0.0,0.0,0.0,0.0,0.0,0.0,0.0,0.0,0.0,0.0,0.0,0,3.0,5.0,1.0,7.0,0.0,886,0.0,0.5643340857787811,0.3386004514672686,0.1128668171557562,0.7900677200902935,0.0,0.0,0.0,0.0,0.0,0.0,0.0,11.0,0.0,0.0,0.0,0.0,0.0,0.0
1321,2,6,3.0,0.0,1.0,3.0,0.0,81,7.4074074074074066,0.0,3.7037037037037033,1.2345679012345678,3.7037037037037033,0.0,0.0,0.0,0.0,0.0,0.0,0.0,0.0,0.0,0.0,0.0,0.0,0.0,0,3.0,0.0,1.0,3.0,0.0,218,0.0,0.0,1.376146788990826,0.4587155963302752,1.376146788990826,0.0,0.0,0.0,0.0,0.0,0.0,0.0,20.0,0.0,0.0,0.0,0.0,0.0,0.0
1322,1,3,1.0,0.0,0.0,2.0,1.0,351,0.8547008547008548,0.0,0.2849002849002849,0.0,0.5698005698005698,0.2849002849002849,,,,,,,,,,,,,0,1.0,0.0,0.0,2.0,1.0,784,0.0,0.0,0.1275510204081632,0.0,0.2551020408163265,0.1275510204081632,,,,,,,,,,,,,
1323,2,1,0.0,0.0,,1.0,0.0,65,1.5384615384615383,0.0,0.0,,1.5384615384615383,0.0,0.0,0.0,0.0,,0.0,0.0,0.0,0.0,0.0,,0.0,0.0,0,0.0,0.0,,1.0,0.0,155,0.0,0.0,0.0,,0.6451612903225806,0.0,0.0,0.0,0.0,,0.0,0.0,19.0,0.0,0.0,0.0,,0.0,0.0
1324,1,4,1.0,,2.0,0.0,0.0,221,1.809954751131222,,0.4524886877828055,0.904977375565611,0.0,0.0,,,,,,,,,,,,,0,1.0,,2.0,0.0,0.0,524,0.0,,0.1908396946564885,0.381679389312977,0.0,0.0,,,,,,,,,,,,,
1325,2,4,0.0,0.0,1.0,3.0,0.0,85,4.705882352941177,0.0,0.0,1.1764705882352942,3.5294117647058822,0.0,1.0,0.0,0.0,1.0,0.0,0.0,14.285714285714285,0.0,0.0,14.285714285714285,0.0,0.0,0,0.0,0.0,1.0,3.0,0.0,225,0.0,0.0,0.0,0.4444444444444444,1.3333333333333337,0.0,0.0,0.0,0.0,1.0,0.0,0.0,19.0,0.0,0.0,0.0,5.263157894736842,0.0,0.0
1327,1,5,0.0,4.0,0.0,1.0,1.0,318,1.572327044025157,1.257861635220126,0.0,0.0,0.3144654088050315,0.3144654088050315,0.0,0.0,0.0,0.0,0.0,0.0,0.0,0.0,0.0,0.0,0.0,0.0,0,0.0,4.0,0.0,1.0,1.0,734,0.0,0.544959128065395,0.0,0.0,0.1362397820163487,0.1362397820163487,0.0,0.0,0.0,0.0,0.0,0.0,2.0,0.0,0.0,0.0,0.0,0.0,0.0
1328,2,5,2.0,0.0,0.0,3.0,0.0,66,7.575757575757576,0.0,3.0303030303030303,0.0,4.545454545454546,0.0,1.0,0.0,0.0,0.0,1.0,0.0,14.285714285714285,0.0,0.0,0.0,14.285714285714285,0.0,0,2.0,0.0,0.0,3.0,0.0,208,0.0,0.0,0.9615384615384616,0.0,1.4423076923076923,0.0,0.0,0.0,0.0,0.0,1.0,0.0,23.0,0.0,0.0,0.0,0.0,4.3478260869565215,0.0
1329,1,10,3.0,4.0,0.0,3.0,0.0,356,2.808988764044944,1.1235955056179776,0.8426966292134831,0.0,0.8426966292134831,0.0,1.0,0.0,1.0,0.0,0.0,0.0,14.285714285714285,14.285714285714285,0.0,0.0,0.0,0.0,0,3.0,4.0,0.0,3.0,0.0,921,0.0,0.4343105320304017,0.3257328990228013,0.0,0.3257328990228013,0.0,0.0,0.0,1.0,0.0,0.0,0.0,16.0,0.0,6.25,0.0,0.0,0.0,0.0
1331,1,6,1.0,3.0,1.0,2.0,2.0,316,1.89873417721519,0.949367088607595,0.3164556962025316,0.3164556962025316,0.6329113924050633,0.6329113924050633,0.0,0.0,0.0,0.0,0.0,0.0,0.0,0.0,0.0,0.0,0.0,0.0,0,1.0,3.0,1.0,2.0,2.0,921,0.0,0.3257328990228013,0.1085776330076004,0.1085776330076004,0.2171552660152008,0.2171552660152008,0.0,0.0,0.0,0.0,0.0,0.0,1.0,0.0,0.0,0.0,0.0,0.0,0.0
1333,1,10,7.0,5.0,7.0,0.0,0.0,296,3.3783783783783785,1.6891891891891893,2.364864864864865,2.364864864864865,0.0,0.0,,,,,,,,,,,,,0,10.0,6.0,9.0,0.0,0.0,736,0.0,0.8152173913043478,1.358695652173913,1.2228260869565215,0.0,0.0,,,,,,,,,,,,,
1334,2,0,0.0,0.0,0.0,0.0,0.0,48,0.0,0.0,0.0,0.0,0.0,0.0,0.0,0.0,0.0,0.0,0.0,0.0,0.0,0.0,0.0,0.0,0.0,0.0,0,0.0,0.0,0.0,0.0,0.0,142,0.0,0.0,0.0,0.0,0.0,0.0,0.0,0.0,0.0,0.0,0.0,0.0,18.0,0.0,0.0,0.0,0.0,0.0,0.0
1335,2,3,0.0,2.0,1.0,0.0,0.0,44,6.8181818181818175,4.545454545454546,0.0,2.272727272727273,0.0,0.0,2.0,0.0,1.0,1.0,0.0,0.0,28.57142857142857,14.285714285714285,0.0,14.285714285714285,0.0,0.0,0,0.0,2.0,1.0,0.0,0.0,118,0.0,1.694915254237288,0.0,0.847457627118644,0.0,0.0,0.0,0.0,1.0,1.0,0.0,0.0,20.0,0.0,5.0,0.0,5.0,0.0,0.0
1337,1,8,2.0,3.0,0.0,3.0,0.0,206,3.883495145631068,1.4563106796116505,0.9708737864077668,0.0,1.4563106796116505,0.0,,,,,,,,,,,,,0,2.0,3.0,0.0,3.0,0.0,633,0.0,0.4739336492890995,0.315955766192733,0.0,0.4739336492890995,0.0,,,,,,,,,,,,,
1339,1,7,2.0,2.0,2.0,2.0,1.0,172,4.069767441860465,1.162790697674419,1.162790697674419,1.162790697674419,1.162790697674419,0.5813953488372093,,,,,,,,,,,,,0,2.0,2.0,2.0,2.0,1.0,406,0.0,0.4926108374384236,0.4926108374384236,0.4926108374384236,0.4926108374384236,0.2463054187192118,,,,,,,,,,,,,
1343,1,4,2.0,2.0,0.0,0.0,2.0,352,1.1363636363636365,0.5681818181818182,0.5681818181818182,0.0,0.0,0.5681818181818182,0.0,0.0,0.0,0.0,0.0,0.0,0.0,0.0,0.0,0.0,0.0,0.0,0,2.0,2.0,0.0,0.0,2.0,887,0.0,0.2254791431792559,0.2254791431792559,0.0,0.0,0.2254791431792559,0.0,0.0,0.0,0.0,0.0,0.0,2.0,0.0,0.0,0.0,0.0,0.0,0.0
1344,1,5,0.0,3.0,0.0,2.0,0.0,311,1.607717041800643,0.964630225080386,0.0,0.0,0.6430868167202572,0.0,,,,,,,,,,,,,0,0.0,3.0,0.0,2.0,0.0,796,0.0,0.3768844221105527,0.0,0.0,0.2512562814070351,0.0,,,,,,,,,,,,,
1346,1,12,3.0,4.0,2.0,3.0,0.0,294,4.081632653061225,1.3605442176870748,1.020408163265306,0.6802721088435374,1.020408163265306,0.0,,,,,,,,,,,,,0,3.0,4.0,2.0,3.0,0.0,723,0.0,0.5532503457814661,0.4149377593360996,0.2766251728907331,0.4149377593360996,0.0,,,,,,,,,,,,,
1348,1,19,6.0,3.0,6.0,5.0,0.0,307,6.188925081433225,0.9771986970684038,1.954397394136808,1.954397394136808,1.6286644951140066,0.0,,,,,,,,,,,,,0,6.0,3.0,6.0,5.0,0.0,746,0.0,0.4021447721179624,0.8042895442359249,0.8042895442359249,0.6702412868632708,0.0,,,,,,,,,,,,,
1351,1,0,0.0,0.0,0.0,0.0,0.0,222,0.0,0.0,0.0,0.0,0.0,0.0,,,,,,,,,,,,,0,0.0,0.0,0.0,0.0,0.0,503,0.0,0.0,0.0,0.0,0.0,0.0,,,,,,,,,,,,,
1352,2,0,0.0,0.0,0.0,0.0,0.0,4,0.0,0.0,0.0,0.0,0.0,0.0,0.0,0.0,0.0,0.0,0.0,0.0,0.0,0.0,0.0,0.0,0.0,0.0,0,0.0,0.0,0.0,0.0,0.0,9,0.0,0.0,0.0,0.0,0.0,0.0,0.0,0.0,0.0,0.0,0.0,0.0,7.0,0.0,0.0,0.0,0.0,0.0,0.0
1354,1,9,2.0,4.0,0.0,,0.0,268,3.3582089552238807,1.4925373134328357,0.7462686567164178,0.0,,0.0,0.0,0.0,0.0,0.0,,0.0,0.0,0.0,0.0,0.0,,0.0,0,4.0,4.0,0.0,,0.0,733,0.0,0.5457025920873124,0.5457025920873124,0.0,,0.0,0.0,0.0,0.0,0.0,,0.0,13.0,0.0,0.0,0.0,0.0,,0.0
1356,1,7,1.0,0.0,0.0,6.0,0.0,187,3.7433155080213902,0.0,0.53475935828877,0.0,3.2085561497326207,0.0,,,,,,,,,,,,,0,2.0,0.0,0.0,6.0,0.0,451,0.0,0.0,0.4434589800443459,0.0,1.3303769401330376,0.0,,,,,,,,,,,,,
1359,1,7,1.0,3.0,2.0,2.0,1.0,288,2.430555555555556,1.0416666666666663,0.3472222222222222,0.6944444444444444,0.6944444444444444,0.3472222222222222,0.0,0.0,0.0,0.0,0.0,0.0,0.0,0.0,0.0,0.0,0.0,0.0,0,1.0,3.0,2.0,2.0,1.0,821,0.0,0.3654080389768575,0.1218026796589524,0.2436053593179049,0.2436053593179049,0.1218026796589524,0.0,0.0,0.0,0.0,0.0,0.0,21.0,0.0,0.0,0.0,0.0,0.0,0.0
1360,1,14,4.0,2.0,1.0,8.0,0.0,280,5.0,0.7142857142857143,1.4285714285714286,0.3571428571428571,2.857142857142857,0.0,0.0,0.0,0.0,0.0,0.0,0.0,0.0,0.0,0.0,0.0,0.0,0.0,0,4.0,2.0,1.0,8.0,0.0,727,0.0,0.2751031636863824,0.5502063273727648,0.1375515818431912,1.1004126547455295,0.0,0.0,0.0,0.0,0.0,0.0,0.0,20.0,0.0,0.0,0.0,0.0,0.0,0.0
1361,1,3,0.0,2.0,2.0,1.0,1.0,246,1.2195121951219512,0.8130081300813009,0.0,0.8130081300813009,0.4065040650406504,0.4065040650406504,0.0,0.0,0.0,0.0,0.0,0.0,0.0,0.0,0.0,0.0,0.0,0.0,0,0.0,2.0,2.0,1.0,1.0,508,0.0,0.3937007874015747,0.0,0.3937007874015747,0.1968503937007873,0.1968503937007873,0.0,0.0,0.0,0.0,0.0,0.0,12.0,0.0,0.0,0.0,0.0,0.0,0.0
1362,1,7,3.0,2.0,0.0,4.0,0.0,317,2.2082018927444795,0.6309148264984227,0.946372239747634,0.0,1.2618296529968454,0.0,1.0,0.0,0.0,0.0,1.0,0.0,14.285714285714285,0.0,0.0,0.0,14.285714285714285,0.0,0,3.0,2.0,0.0,4.0,0.0,880,0.0,0.2272727272727272,0.3409090909090909,0.0,0.4545454545454545,0.0,0.0,0.0,0.0,0.0,1.0,0.0,21.0,0.0,0.0,0.0,0.0,4.761904761904762,0.0
1363,1,11,5.0,2.0,1.0,3.0,0.0,298,3.691275167785235,0.6711409395973155,1.6778523489932886,0.3355704697986577,1.006711409395973,0.0,0.0,0.0,0.0,0.0,0.0,0.0,0.0,0.0,0.0,0.0,0.0,0.0,0,5.0,2.0,1.0,3.0,0.0,892,0.0,0.2242152466367713,0.5605381165919282,0.1121076233183856,0.336322869955157,0.0,0.0,0.0,0.0,0.0,0.0,0.0,2.0,0.0,0.0,0.0,0.0,0.0,0.0
1364,1,2,0.0,0.0,0.0,2.0,0.0,283,0.7067137809187279,0.0,0.0,0.0,0.7067137809187279,0.0,0.0,0.0,0.0,0.0,0.0,0.0,0.0,0.0,0.0,0.0,0.0,0.0,0,0.0,0.0,0.0,2.0,0.0,643,0.0,0.0,0.0,0.0,0.3110419906687403,0.0,0.0,0.0,0.0,0.0,0.0,0.0,10.0,0.0,0.0,0.0,0.0,0.0,0.0
1365,1,3,1.0,1.0,0.0,1.0,0.0,290,1.0344827586206895,0.3448275862068966,0.3448275862068966,0.0,0.3448275862068966,0.0,0.0,0.0,0.0,0.0,0.0,0.0,0.0,0.0,0.0,0.0,0.0,0.0,0,1.0,1.0,0.0,1.0,0.0,684,0.0,0.1461988304093567,0.1461988304093567,0.0,0.1461988304093567,0.0,0.0,0.0,0.0,0.0,0.0,0.0,19.0,0.0,0.0,0.0,0.0,0.0,0.0
1366,1,5,1.0,,1.0,1.0,0.0,249,2.0080321285140563,,0.4016064257028112,0.4016064257028112,0.4016064257028112,0.0,,,,,,,,,,,,,0,1.0,,1.0,1.0,0.0,584,0.0,,0.1712328767123287,0.1712328767123287,0.1712328767123287,0.0,,,,,,,,,,,,,
1367,1,23,4.0,5.0,8.0,6.0,0.0,315,7.301587301587302,1.5873015873015872,1.2698412698412698,2.5396825396825395,1.9047619047619049,0.0,0.0,0.0,0.0,0.0,0.0,0.0,0.0,0.0,0.0,0.0,0.0,0.0,0,4.0,5.0,8.0,6.0,0.0,780,0.0,0.641025641025641,0.5128205128205128,1.0256410256410255,0.7692307692307693,0.0,0.0,0.0,0.0,0.0,0.0,0.0,3.0,0.0,0.0,0.0,0.0,0.0,0.0
1368,1,0,0.0,0.0,0.0,0.0,1.0,282,0.0,0.0,0.0,0.0,0.0,0.3546099290780142,0.0,0.0,0.0,0.0,0.0,0.0,0.0,0.0,0.0,0.0,0.0,0.0,0,0.0,0.0,0.0,0.0,1.0,641,0.0,0.0,0.0,0.0,0.0,0.15600624024961,0.0,0.0,0.0,0.0,0.0,0.0,2.0,0.0,0.0,0.0,0.0,0.0,0.0
1370,1,5,1.0,2.0,2.0,0.0,0.0,259,1.9305019305019304,0.7722007722007722,0.3861003861003861,0.7722007722007722,0.0,0.0,0.0,0.0,0.0,0.0,0.0,0.0,0.0,0.0,0.0,0.0,0.0,0.0,0,1.0,2.0,2.0,0.0,0.0,716,0.0,0.2793296089385474,0.1396648044692737,0.2793296089385474,0.0,0.0,0.0,0.0,0.0,0.0,0.0,0.0,19.0,0.0,0.0,0.0,0.0,0.0,0.0
1371,1,4,0.0,3.0,0.0,1.0,0.0,265,1.509433962264151,1.1320754716981132,0.0,0.0,0.3773584905660377,0.0,0.0,0.0,0.0,0.0,0.0,0.0,0.0,0.0,0.0,0.0,0.0,0.0,0,0.0,3.0,0.0,1.0,0.0,650,0.0,0.4615384615384615,0.0,0.0,0.1538461538461538,0.0,0.0,0.0,0.0,0.0,0.0,0.0,10.0,0.0,0.0,0.0,0.0,0.0,0.0
1372,1,11,4.0,4.0,0.0,4.0,0.0,295,3.728813559322034,1.3559322033898304,1.3559322033898304,0.0,1.3559322033898304,0.0,0.0,0.0,0.0,0.0,0.0,0.0,0.0,0.0,0.0,0.0,0.0,0.0,0,4.0,4.0,0.0,4.0,0.0,784,0.0,0.5102040816326531,0.5102040816326531,0.0,0.5102040816326531,0.0,0.0,0.0,0.0,0.0,0.0,0.0,16.0,0.0,0.0,0.0,0.0,0.0,0.0
1373,1,31,7.0,9.0,7.0,17.0,0.0,223,13.901345291479824,4.035874439461884,3.1390134529147984,3.1390134529147984,7.623318385650224,0.0,,,,,,,,,,,,,0,8.0,9.0,7.0,17.0,0.0,514,0.0,1.7509727626459144,1.556420233463035,1.3618677042801557,3.3073929961089497,0.0,,,,,,,,,,,,,
1374,1,4,,2.0,2.0,1.0,0.0,256,1.5625,0.78125,,0.78125,0.390625,0.0,0.0,,0.0,0.0,0.0,0.0,0.0,0.0,,0.0,0.0,0.0,0,,2.0,2.0,1.0,0.0,566,0.0,0.3533568904593639,,0.3533568904593639,0.1766784452296819,0.0,0.0,,0.0,0.0,0.0,0.0,3.0,0.0,0.0,,0.0,0.0,0.0
1375,1,5,0.0,2.0,0.0,3.0,0.0,271,1.8450184501845015,0.7380073800738007,0.0,0.0,1.107011070110701,0.0,,,,,,,,,,,,,0,0.0,2.0,0.0,3.0,0.0,651,0.0,0.3072196620583717,0.0,0.0,0.4608294930875576,0.0,,,,,,,,,,,,,
1376,1,11,4.0,1.0,1.0,6.0,1.0,277,3.9711191335740073,0.3610108303249097,1.444043321299639,0.3610108303249097,2.166064981949458,0.3610108303249097,0.0,0.0,0.0,0.0,0.0,0.0,0.0,0.0,0.0,0.0,0.0,0.0,0,4.0,1.0,1.0,6.0,1.0,855,0.0,0.1169590643274853,0.4678362573099415,0.1169590643274853,0.7017543859649122,0.1169590643274853,0.0,0.0,0.0,0.0,0.0,0.0,25.0,0.0,0.0,0.0,0.0,0.0,0.0
1377,1,10,4.0,2.0,2.0,2.0,0.0,271,3.690036900369003,0.7380073800738007,1.4760147601476017,0.7380073800738007,0.7380073800738007,0.0,,,,,,,,,,,,,0,4.0,2.0,2.0,2.0,0.0,717,0.0,0.2789400278940028,0.5578800557880056,0.2789400278940028,0.2789400278940028,0.0,,,,,,,,,,,,,
1378,1,8,0.0,4.0,3.0,3.0,0.0,273,2.93040293040293,1.465201465201465,0.0,1.098901098901099,1.098901098901099,0.0,,,,,,,,,,,,,0,0.0,4.0,3.0,3.0,0.0,688,0.0,0.5813953488372093,0.0,0.436046511627907,0.436046511627907,0.0,,,,,,,,,,,,,
1380,1,3,0.0,2.0,0.0,1.0,0.0,301,0.9966777408637874,0.6644518272425249,0.0,0.0,0.3322259136212624,0.0,1.0,0.0,0.0,0.0,1.0,0.0,14.285714285714285,0.0,0.0,0.0,14.285714285714285,0.0,0,0.0,2.0,0.0,1.0,0.0,818,0.0,0.2444987775061124,0.0,0.0,0.1222493887530562,0.0,0.0,0.0,0.0,0.0,1.0,0.0,21.0,0.0,0.0,0.0,0.0,4.761904761904762,0.0
1382,1,21,4.0,11.0,1.0,5.0,0.0,306,6.862745098039216,3.594771241830065,1.30718954248366,0.326797385620915,1.6339869281045754,0.0,0.0,0.0,0.0,0.0,0.0,0.0,0.0,0.0,0.0,0.0,0.0,0.0,0,4.0,11.0,1.0,5.0,0.0,874,0.0,1.2585812356979404,0.4576659038901602,0.11441647597254,0.5720823798627002,0.0,0.0,0.0,0.0,0.0,0.0,0.0,2.0,0.0,0.0,0.0,0.0,0.0,0.0
1385,1,7,2.0,3.0,0.0,3.0,0.0,249,2.8112449799196786,1.2048192771084338,0.8032128514056224,0.0,1.2048192771084338,0.0,0.0,0.0,0.0,0.0,0.0,0.0,0.0,0.0,0.0,0.0,0.0,0.0,0,2.0,4.0,0.0,3.0,0.0,623,0.0,0.6420545746388443,0.3210272873194221,0.0,0.4815409309791332,0.0,0.0,0.0,0.0,0.0,0.0,0.0,18.0,0.0,0.0,0.0,0.0,0.0,0.0
1388,1,16,5.0,4.0,1.0,9.0,0.0,305,5.245901639344262,1.3114754098360657,1.639344262295082,0.3278688524590163,2.950819672131148,0.0,0.0,0.0,0.0,0.0,0.0,0.0,0.0,0.0,0.0,0.0,0.0,0.0,0,5.0,4.0,1.0,10.0,0.0,780,0.0,0.5128205128205128,0.641025641025641,0.1282051282051282,1.282051282051282,0.0,0.0,0.0,0.0,0.0,0.0,0.0,1.0,0.0,0.0,0.0,0.0,0.0,0.0
1389,1,4,1.0,1.0,1.0,1.0,0.0,312,1.282051282051282,0.3205128205128205,0.3205128205128205,0.3205128205128205,0.3205128205128205,0.0,1.0,0.0,0.0,1.0,0.0,0.0,14.285714285714285,0.0,0.0,14.285714285714285,0.0,0.0,0,1.0,1.0,1.0,1.0,0.0,593,0.0,0.1686340640809443,0.1686340640809443,0.1686340640809443,0.1686340640809443,0.0,0.0,0.0,0.0,1.0,0.0,0.0,12.0,0.0,0.0,0.0,8.333333333333332,0.0,0.0
1391,1,5,1.0,2.0,0.0,2.0,2.0,256,1.953125,0.78125,0.390625,0.0,0.78125,0.78125,0.0,0.0,0.0,0.0,0.0,0.0,0.0,0.0,0.0,0.0,0.0,0.0,0,1.0,2.0,0.0,2.0,2.0,718,0.0,0.2785515320334262,0.1392757660167131,0.0,0.2785515320334262,0.2785515320334262,0.0,0.0,0.0,0.0,0.0,0.0,20.0,0.0,0.0,0.0,0.0,0.0,0.0
1395,1,3,0.0,2.0,,0.0,0.0,184,1.6304347826086956,1.0869565217391304,0.0,,0.0,0.0,0.0,0.0,0.0,,0.0,0.0,0.0,0.0,0.0,,0.0,0.0,0,0.0,2.0,,0.0,0.0,552,0.0,0.3623188405797101,0.0,,0.0,0.0,0.0,0.0,0.0,,0.0,0.0,23.0,0.0,0.0,0.0,,0.0,0.0
1396,1,10,1.0,,5.0,6.0,0.0,223,4.484304932735426,,0.4484304932735426,2.242152466367713,2.690582959641256,0.0,1.0,0.0,,1.0,0.0,0.0,14.285714285714285,,0.0,14.285714285714285,0.0,0.0,0,1.0,,6.0,7.0,0.0,597,0.0,,0.1675041876046901,1.0050251256281406,1.1725293132328307,0.0,0.0,0.0,,1.0,0.0,0.0,20.0,0.0,,0.0,5.0,0.0,0.0
1397,1,12,6.0,2.0,0.0,4.0,0.0,249,4.819277108433735,0.8032128514056224,2.409638554216868,0.0,1.6064257028112447,0.0,0.0,0.0,0.0,0.0,0.0,0.0,0.0,0.0,0.0,0.0,0.0,0.0,0,7.0,2.0,0.0,4.0,0.0,688,0.0,0.2906976744186046,1.0174418604651163,0.0,0.5813953488372093,0.0,0.0,0.0,0.0,0.0,0.0,0.0,21.0,0.0,0.0,0.0,0.0,0.0,0.0
1398,1,5,2.0,1.0,0.0,2.0,0.0,258,1.937984496124031,0.3875968992248062,0.7751937984496124,0.0,0.7751937984496124,0.0,0.0,0.0,0.0,0.0,0.0,0.0,0.0,0.0,0.0,0.0,0.0,0.0,0,2.0,1.0,0.0,3.0,0.0,668,0.0,0.1497005988023952,0.2994011976047904,0.0,0.4491017964071856,0.0,0.0,0.0,0.0,0.0,0.0,0.0,19.0,0.0,0.0,0.0,0.0,0.0,0.0
1399,1,7,1.0,0.0,4.0,2.0,0.0,254,2.755905511811024,0.0,0.3937007874015747,1.574803149606299,0.7874015748031495,0.0,0.0,0.0,0.0,0.0,0.0,0.0,0.0,0.0,0.0,0.0,0.0,0.0,0,1.0,0.0,6.0,2.0,0.0,701,0.0,0.0,0.1426533523537803,0.8559201141226819,0.2853067047075606,0.0,0.0,0.0,0.0,0.0,0.0,0.0,19.0,0.0,0.0,0.0,0.0,0.0,0.0
1400,1,9,1.0,5.0,0.0,4.0,0.0,231,3.896103896103896,2.1645021645021645,0.4329004329004329,0.0,1.7316017316017316,0.0,0.0,0.0,0.0,0.0,0.0,0.0,0.0,0.0,0.0,0.0,0.0,0.0,0,1.0,5.0,0.0,4.0,0.0,585,0.0,0.8547008547008548,0.1709401709401709,0.0,0.6837606837606838,0.0,0.0,0.0,0.0,0.0,0.0,0.0,21.0,0.0,0.0,0.0,0.0,0.0,0.0
1401,1,34,30.0,3.0,2.0,3.0,0.0,252,13.492063492063492,1.1904761904761905,11.904761904761903,0.7936507936507936,1.1904761904761905,0.0,1.0,0.0,0.0,1.0,1.0,0.0,14.285714285714285,0.0,0.0,14.285714285714285,14.285714285714285,0.0,0,50.0,3.0,2.0,3.0,0.0,635,0.0,0.4724409448818897,7.874015748031496,0.3149606299212598,0.4724409448818897,0.0,0.0,0.0,0.0,1.0,1.0,0.0,18.0,0.0,0.0,0.0,5.555555555555555,5.555555555555555,0.0
1404,1,9,1.0,2.0,1.0,5.0,2.0,256,3.515625,0.78125,0.390625,0.390625,1.953125,0.78125,0.0,0.0,0.0,0.0,0.0,0.0,0.0,0.0,0.0,0.0,0.0,0.0,0,1.0,2.0,1.0,5.0,2.0,953,0.0,0.2098635886673662,0.1049317943336831,0.1049317943336831,0.5246589716684155,0.2098635886673662,0.0,0.0,0.0,0.0,0.0,0.0,30.0,0.0,0.0,0.0,0.0,0.0,0.0
1405,1,5,0.0,,0.0,4.0,0.0,166,3.0120481927710845,,0.0,0.0,2.409638554216868,0.0,0.0,0.0,,0.0,0.0,0.0,0.0,,0.0,0.0,0.0,0.0,0,0.0,,0.0,4.0,0.0,570,0.0,,0.0,0.0,0.7017543859649122,0.0,0.0,0.0,,0.0,0.0,0.0,22.0,0.0,,0.0,0.0,0.0,0.0
1406,1,9,1.0,5.0,1.0,2.0,0.0,212,4.245283018867925,2.358490566037736,0.4716981132075472,0.4716981132075472,0.9433962264150944,0.0,2.0,1.0,1.0,0.0,0.0,0.0,28.57142857142857,14.285714285714285,14.285714285714285,0.0,0.0,0.0,0,1.0,5.0,1.0,2.0,0.0,559,0.0,0.8944543828264758,0.1788908765652951,0.1788908765652951,0.3577817531305903,0.0,0.0,1.0,1.0,0.0,0.0,0.0,18.0,0.0,5.555555555555555,5.555555555555555,0.0,0.0,0.0
1407,1,5,1.0,2.0,0.0,2.0,0.0,215,2.3255813953488373,0.9302325581395348,0.4651162790697674,0.0,0.9302325581395348,0.0,0.0,0.0,0.0,0.0,0.0,0.0,0.0,0.0,0.0,0.0,0.0,0.0,0,1.0,2.0,0.0,2.0,0.0,572,0.0,0.3496503496503496,0.1748251748251748,0.0,0.3496503496503496,0.0,0.0,0.0,0.0,0.0,0.0,0.0,19.0,0.0,0.0,0.0,0.0,0.0,0.0
1409,1,14,3.0,2.0,1.0,8.0,1.0,180,7.777777777777778,1.1111111111111112,1.6666666666666667,0.5555555555555556,4.444444444444445,0.5555555555555556,2.0,0.0,0.0,0.0,2.0,0.0,28.57142857142857,0.0,0.0,0.0,28.57142857142857,0.0,0,3.0,2.0,1.0,8.0,1.0,570,0.0,0.3508771929824561,0.5263157894736842,0.175438596491228,1.4035087719298245,0.175438596491228,0.0,0.0,0.0,0.0,2.0,0.0,25.0,0.0,0.0,0.0,0.0,8.0,0.0
1410,1,7,,4.0,1.0,0.0,0.0,253,2.766798418972332,1.5810276679841897,,0.3952569169960474,0.0,0.0,0.0,,0.0,0.0,0.0,0.0,0.0,0.0,,0.0,0.0,0.0,0,,4.0,1.0,0.0,0.0,636,0.0,0.628930817610063,,0.1572327044025157,0.0,0.0,0.0,,0.0,0.0,0.0,0.0,18.0,0.0,0.0,,0.0,0.0,0.0
1412,1,5,0.0,3.0,0.0,2.0,0.0,201,2.4875621890547266,1.4925373134328357,0.0,0.0,0.9950248756218906,0.0,1.0,0.0,1.0,0.0,0.0,0.0,14.285714285714285,14.285714285714285,0.0,0.0,0.0,0.0,0,0.0,3.0,0.0,2.0,0.0,542,0.0,0.5535055350553505,0.0,0.0,0.3690036900369003,0.0,0.0,0.0,1.0,0.0,0.0,0.0,17.0,0.0,5.88235294117647,0.0,0.0,0.0,0.0
1414,1,6,2.0,3.0,1.0,0.0,0.0,267,2.247191011235955,1.1235955056179776,0.7490636704119851,0.3745318352059925,0.0,0.0,0.0,0.0,0.0,0.0,0.0,0.0,0.0,0.0,0.0,0.0,0.0,0.0,0,2.0,3.0,1.0,0.0,0.0,715,0.0,0.4195804195804196,0.2797202797202797,0.1398601398601398,0.0,0.0,0.0,0.0,0.0,0.0,0.0,0.0,14.0,0.0,0.0,0.0,0.0,0.0,0.0
1417,1,8,,3.0,0.0,1.0,0.0,223,3.587443946188341,1.345291479820628,,0.0,0.4484304932735426,0.0,0.0,,0.0,0.0,0.0,0.0,0.0,0.0,,0.0,0.0,0.0,0,,3.0,0.0,1.0,0.0,620,0.0,0.4838709677419355,,0.0,0.1612903225806451,0.0,0.0,,0.0,0.0,0.0,0.0,21.0,0.0,0.0,,0.0,0.0,0.0
1418,1,1,1.0,0.0,0.0,0.0,0.0,121,0.8264462809917356,0.0,0.8264462809917356,0.0,0.0,0.0,0.0,0.0,0.0,0.0,0.0,0.0,0.0,0.0,0.0,0.0,0.0,0.0,0,1.0,0.0,0.0,0.0,0.0,266,0.0,0.0,0.3759398496240601,0.0,0.0,0.0,0.0,0.0,0.0,0.0,0.0,0.0,17.0,0.0,0.0,0.0,0.0,0.0,0.0
1419,1,4,0.0,0.0,0.0,4.0,0.0,235,1.702127659574468,0.0,0.0,0.0,1.702127659574468,0.0,0.0,0.0,0.0,0.0,0.0,0.0,0.0,0.0,0.0,0.0,0.0,0.0,0,0.0,0.0,0.0,4.0,0.0,540,0.0,0.0,0.0,0.0,0.7407407407407408,0.0,0.0,0.0,0.0,0.0,0.0,0.0,14.0,0.0,0.0,0.0,0.0,0.0,0.0
1422,1,5,0.0,5.0,0.0,0.0,1.0,251,1.99203187250996,1.99203187250996,0.0,0.0,0.0,0.398406374501992,0.0,0.0,0.0,0.0,0.0,0.0,0.0,0.0,0.0,0.0,0.0,0.0,0,0.0,6.0,0.0,0.0,1.0,668,0.0,0.8982035928143712,0.0,0.0,0.0,0.1497005988023952,0.0,0.0,0.0,0.0,0.0,0.0,16.0,0.0,0.0,0.0,0.0,0.0,0.0
1423,1,6,2.0,3.0,1.0,0.0,0.0,195,3.076923076923077,1.5384615384615383,1.0256410256410255,0.5128205128205128,0.0,0.0,0.0,0.0,0.0,0.0,0.0,0.0,0.0,0.0,0.0,0.0,0.0,0.0,0,2.0,3.0,1.0,0.0,0.0,531,0.0,0.5649717514124294,0.3766478342749529,0.1883239171374764,0.0,0.0,0.0,0.0,0.0,0.0,0.0,0.0,20.0,0.0,0.0,0.0,0.0,0.0,0.0
1424,1,10,2.0,3.0,2.0,3.0,0.0,179,5.58659217877095,1.675977653631285,1.11731843575419,1.11731843575419,1.675977653631285,0.0,1.0,0.0,1.0,0.0,0.0,0.0,14.285714285714285,14.285714285714285,0.0,0.0,0.0,0.0,0,2.0,3.0,2.0,3.0,0.0,538,0.0,0.5576208178438662,0.3717472118959107,0.3717472118959107,0.5576208178438662,0.0,0.0,0.0,1.0,0.0,0.0,0.0,22.0,0.0,4.545454545454546,0.0,0.0,0.0,0.0
1425,1,4,0.0,0.0,0.0,4.0,0.0,147,2.7210884353741496,0.0,0.0,0.0,2.7210884353741496,0.0,0.0,0.0,0.0,0.0,0.0,0.0,0.0,0.0,0.0,0.0,0.0,0.0,0,0.0,0.0,0.0,4.0,0.0,407,0.0,0.0,0.0,0.0,0.9828009828009828,0.0,0.0,0.0,0.0,0.0,0.0,0.0,18.0,0.0,0.0,0.0,0.0,0.0,0.0
1427,1,6,1.0,1.0,0.0,4.0,0.0,56,10.714285714285714,1.7857142857142856,1.7857142857142856,0.0,7.142857142857142,0.0,0.0,0.0,0.0,0.0,0.0,0.0,0.0,0.0,0.0,0.0,0.0,0.0,0,1.0,1.0,0.0,4.0,0.0,134,0.0,0.7462686567164178,0.7462686567164178,0.0,2.985074626865672,0.0,0.0,0.0,0.0,0.0,0.0,0.0,15.0,0.0,0.0,0.0,0.0,0.0,0.0
1429,1,7,0.0,4.0,1.0,2.0,1.0,203,3.4482758620689653,1.9704433497536944,0.0,0.4926108374384236,0.9852216748768472,0.4926108374384236,1.0,0.0,0.0,1.0,0.0,0.0,14.285714285714285,0.0,0.0,14.285714285714285,0.0,0.0,0,0.0,4.0,1.0,2.0,1.0,583,0.0,0.6861063464837049,0.0,0.1715265866209262,0.3430531732418524,0.1715265866209262,0.0,0.0,0.0,1.0,0.0,0.0,21.0,0.0,0.0,0.0,4.761904761904762,0.0,0.0
1430,1,3,0.0,1.0,2.0,1.0,0.0,184,1.6304347826086956,0.5434782608695652,0.0,1.0869565217391304,0.5434782608695652,0.0,0.0,0.0,0.0,0.0,0.0,0.0,0.0,0.0,0.0,0.0,0.0,0.0,0,0.0,1.0,2.0,1.0,0.0,486,0.0,0.205761316872428,0.0,0.411522633744856,0.205761316872428,0.0,0.0,0.0,0.0,0.0,0.0,0.0,18.0,0.0,0.0,0.0,0.0,0.0,0.0
1432,1,2,0.0,1.0,0.0,1.0,0.0,92,2.1739130434782608,1.0869565217391304,0.0,0.0,1.0869565217391304,0.0,0.0,0.0,0.0,0.0,0.0,0.0,0.0,0.0,0.0,0.0,0.0,0.0,0,0.0,1.0,0.0,1.0,0.0,246,0.0,0.4065040650406504,0.0,0.0,0.4065040650406504,0.0,0.0,0.0,0.0,0.0,0.0,0.0,20.0,0.0,0.0,0.0,0.0,0.0,0.0
1433,1,13,2.0,5.0,2.0,4.0,0.0,195,6.666666666666667,2.564102564102564,1.0256410256410255,1.0256410256410255,2.051282051282051,0.0,1.0,0.0,0.0,1.0,0.0,0.0,14.285714285714285,0.0,0.0,14.285714285714285,0.0,0.0,0,2.0,5.0,2.0,4.0,0.0,601,0.0,0.8319467554076538,0.3327787021630615,0.3327787021630615,0.6655574043261231,0.0,0.0,0.0,0.0,1.0,0.0,0.0,21.0,0.0,0.0,0.0,4.761904761904762,0.0,0.0
1434,1,1,0.0,0.0,0.0,1.0,0.0,196,0.5102040816326531,0.0,0.0,0.0,0.5102040816326531,0.0,0.0,0.0,0.0,0.0,0.0,0.0,0.0,0.0,0.0,0.0,0.0,0.0,0,0.0,0.0,0.0,1.0,0.0,462,0.0,0.0,0.0,0.0,0.2164502164502164,0.0,0.0,0.0,0.0,0.0,0.0,0.0,15.0,0.0,0.0,0.0,0.0,0.0,0.0
1435,1,7,0.0,0.0,0.0,7.0,0.0,130,5.384615384615385,0.0,0.0,0.0,5.384615384615385,0.0,0.0,0.0,0.0,0.0,0.0,0.0,0.0,0.0,0.0,0.0,0.0,0.0,0,0.0,0.0,0.0,7.0,0.0,341,0.0,0.0,0.0,0.0,2.0527859237536656,0.0,0.0,0.0,0.0,0.0,0.0,0.0,21.0,0.0,0.0,0.0,0.0,0.0,0.0
1436,1,4,0.0,2.0,0.0,2.0,0.0,206,1.9417475728155336,0.9708737864077668,0.0,0.0,0.9708737864077668,0.0,0.0,0.0,0.0,0.0,0.0,0.0,0.0,0.0,0.0,0.0,0.0,0.0,0,0.0,2.0,0.0,2.0,0.0,573,0.0,0.3490401396160558,0.0,0.0,0.3490401396160558,0.0,0.0,0.0,0.0,0.0,0.0,0.0,22.0,0.0,0.0,0.0,0.0,0.0,0.0
1437,1,3,1.0,1.0,0.0,1.0,0.0,159,1.8867924528301887,0.628930817610063,0.628930817610063,0.0,0.628930817610063,0.0,0.0,0.0,0.0,0.0,0.0,0.0,0.0,0.0,0.0,0.0,0.0,0.0,0,1.0,1.0,0.0,1.0,0.0,359,0.0,0.2785515320334262,0.2785515320334262,0.0,0.2785515320334262,0.0,0.0,0.0,0.0,0.0,0.0,0.0,16.0,0.0,0.0,0.0,0.0,0.0,0.0
1440,1,3,1.0,,0.0,2.0,0.0,149,2.013422818791946,,0.6711409395973155,0.0,1.342281879194631,0.0,0.0,0.0,,0.0,0.0,0.0,0.0,,0.0,0.0,0.0,0.0,0,1.0,,0.0,2.0,0.0,469,0.0,,0.2132196162046908,0.0,0.4264392324093816,0.0,0.0,0.0,,0.0,0.0,0.0,20.0,0.0,,0.0,0.0,0.0,0.0
1442,1,1,1.0,0.0,0.0,0.0,0.0,165,0.6060606060606061,0.0,0.6060606060606061,0.0,0.0,0.0,0.0,0.0,0.0,0.0,0.0,0.0,0.0,0.0,0.0,0.0,0.0,0.0,0,1.0,0.0,0.0,0.0,0.0,412,0.0,0.0,0.2427184466019417,0.0,0.0,0.0,0.0,0.0,0.0,0.0,0.0,0.0,19.0,0.0,0.0,0.0,0.0,0.0,0.0
1443,1,0,0.0,0.0,0.0,0.0,0.0,114,0.0,0.0,0.0,0.0,0.0,0.0,0.0,0.0,0.0,0.0,0.0,0.0,0.0,0.0,0.0,0.0,0.0,0.0,0,0.0,0.0,0.0,0.0,0.0,273,0.0,0.0,0.0,0.0,0.0,0.0,0.0,0.0,0.0,0.0,0.0,0.0,19.0,0.0,0.0,0.0,0.0,0.0,0.0
1447,1,5,3.0,1.0,0.0,1.0,0.0,162,3.08641975308642,0.6172839506172839,1.851851851851852,0.0,0.6172839506172839,0.0,0.0,0.0,0.0,0.0,0.0,0.0,0.0,0.0,0.0,0.0,0.0,0.0,0,4.0,1.0,0.0,1.0,0.0,447,0.0,0.2237136465324384,0.8948545861297539,0.0,0.2237136465324384,0.0,0.0,0.0,0.0,0.0,0.0,0.0,24.0,0.0,0.0,0.0,0.0,0.0,0.0
1449,1,2,0.0,0.0,0.0,2.0,0.0,131,1.5267175572519085,0.0,0.0,0.0,1.5267175572519085,0.0,0.0,0.0,0.0,0.0,0.0,0.0,0.0,0.0,0.0,0.0,0.0,0.0,0,0.0,0.0,0.0,2.0,0.0,353,0.0,0.0,0.0,0.0,0.56657223796034,0.0,0.0,0.0,0.0,0.0,0.0,0.0,18.0,0.0,0.0,0.0,0.0,0.0,0.0
1451,1,4,0.0,2.0,0.0,2.0,4.0,147,2.7210884353741496,1.3605442176870748,0.0,0.0,1.3605442176870748,2.7210884353741496,0.0,0.0,0.0,0.0,0.0,0.0,0.0,0.0,0.0,0.0,0.0,0.0,0,0.0,2.0,0.0,2.0,4.0,468,0.0,0.4273504273504274,0.0,0.0,0.4273504273504274,0.8547008547008548,0.0,0.0,0.0,0.0,0.0,0.0,22.0,0.0,0.0,0.0,0.0,0.0,0.0
1453,1,3,0.0,0.0,1.0,2.0,0.0,93,3.225806451612903,0.0,0.0,1.0752688172043012,2.1505376344086025,0.0,1.0,0.0,0.0,1.0,0.0,0.0,14.285714285714285,0.0,0.0,14.285714285714285,0.0,0.0,0,0.0,0.0,1.0,2.0,0.0,259,0.0,0.0,0.0,0.3861003861003861,0.7722007722007722,0.0,0.0,0.0,0.0,1.0,0.0,0.0,23.0,0.0,0.0,0.0,4.3478260869565215,0.0,0.0
1454,1,4,0.0,1.0,1.0,2.0,0.0,109,3.669724770642202,0.9174311926605504,0.0,0.9174311926605504,1.834862385321101,0.0,0.0,0.0,0.0,0.0,0.0,0.0,0.0,0.0,0.0,0.0,0.0,0.0,0,0.0,1.0,1.0,2.0,0.0,270,0.0,0.3703703703703704,0.0,0.3703703703703704,0.7407407407407408,0.0,0.0,0.0,0.0,0.0,0.0,0.0,20.0,0.0,0.0,0.0,0.0,0.0,0.0
1455,1,3,0.0,1.0,,2.0,0.0,137,2.18978102189781,0.7299270072992701,0.0,,1.45985401459854,0.0,0.0,0.0,0.0,,0.0,0.0,0.0,0.0,0.0,,0.0,0.0,0,0.0,1.0,,2.0,0.0,344,0.0,0.2906976744186046,0.0,,0.5813953488372093,0.0,0.0,0.0,0.0,,0.0,0.0,22.0,0.0,0.0,0.0,,0.0,0.0
1456,1,3,2.0,0.0,0.0,1.0,0.0,131,2.2900763358778624,0.0,1.5267175572519085,0.0,0.7633587786259541,0.0,0.0,0.0,0.0,0.0,0.0,0.0,0.0,0.0,0.0,0.0,0.0,0.0,0,2.0,0.0,0.0,1.0,0.0,413,0.0,0.0,0.4842615012106537,0.0,0.2421307506053268,0.0,0.0,0.0,0.0,0.0,0.0,0.0,23.0,0.0,0.0,0.0,0.0,0.0,0.0
1457,1,2,0.0,0.0,2.0,0.0,1.0,38,5.263157894736842,0.0,0.0,5.263157894736842,0.0,2.631578947368421,2.0,0.0,0.0,2.0,0.0,0.0,28.57142857142857,0.0,0.0,28.57142857142857,0.0,0.0,0,0.0,0.0,2.0,0.0,1.0,108,0.0,0.0,0.0,1.851851851851852,0.0,0.9259259259259258,0.0,0.0,0.0,2.0,0.0,0.0,23.0,0.0,0.0,0.0,8.695652173913043,0.0,0.0
1458,1,3,1.0,0.0,0.0,2.0,1.0,52,5.769230769230769,0.0,1.9230769230769231,0.0,3.8461538461538463,1.9230769230769231,0.0,0.0,0.0,0.0,0.0,0.0,0.0,0.0,0.0,0.0,0.0,0.0,0,1.0,0.0,0.0,2.0,1.0,129,0.0,0.0,0.7751937984496124,0.0,1.550387596899225,0.7751937984496124,0.0,0.0,0.0,0.0,0.0,0.0,24.0,0.0,0.0,0.0,0.0,0.0,0.0
1460,1,3,0.0,2.0,0.0,1.0,0.0,107,2.803738317757009,1.8691588785046729,0.0,0.0,0.9345794392523364,0.0,0.0,0.0,0.0,0.0,0.0,0.0,0.0,0.0,0.0,0.0,0.0,0.0,0,0.0,2.0,0.0,1.0,0.0,286,0.0,0.6993006993006993,0.0,0.0,0.3496503496503496,0.0,0.0,0.0,0.0,0.0,0.0,0.0,23.0,0.0,0.0,0.0,0.0,0.0,0.0
1461,1,2,0.0,2.0,0.0,1.0,0.0,74,2.702702702702702,2.702702702702702,0.0,0.0,1.351351351351351,0.0,0.0,0.0,0.0,0.0,0.0,0.0,0.0,0.0,0.0,0.0,0.0,0.0,0,0.0,2.0,0.0,1.0,0.0,224,0.0,0.8928571428571428,0.0,0.0,0.4464285714285714,0.0,0.0,0.0,0.0,0.0,0.0,0.0,20.0,0.0,0.0,0.0,0.0,0.0,0.0
1462,1,0,0.0,0.0,0.0,0.0,0.0,18,0.0,0.0,0.0,0.0,0.0,0.0,0.0,0.0,0.0,0.0,0.0,0.0,0.0,0.0,0.0,0.0,0.0,0.0,0,0.0,0.0,0.0,0.0,0.0,41,0.0,0.0,0.0,0.0,0.0,0.0,0.0,0.0,0.0,0.0,0.0,0.0,18.0,0.0,0.0,0.0,0.0,0.0,0.0
1463,1,0,0.0,0.0,0.0,0.0,0.0,72,0.0,0.0,0.0,0.0,0.0,0.0,0.0,0.0,0.0,0.0,0.0,0.0,0.0,0.0,0.0,0.0,0.0,0.0,0,0.0,0.0,0.0,0.0,0.0,149,0.0,0.0,0.0,0.0,0.0,0.0,0.0,0.0,0.0,0.0,0.0,0.0,15.0,0.0,0.0,0.0,0.0,0.0,0.0
1465,1,0,0.0,0.0,0.0,0.0,0.0,107,0.0,0.0,0.0,0.0,0.0,0.0,0.0,0.0,0.0,0.0,0.0,0.0,0.0,0.0,0.0,0.0,0.0,0.0,0,0.0,0.0,0.0,0.0,0.0,262,0.0,0.0,0.0,0.0,0.0,0.0,0.0,0.0,0.0,0.0,0.0,0.0,22.0,0.0,0.0,0.0,0.0,0.0,0.0
1468,1,2,0.0,0.0,0.0,2.0,0.0,78,2.564102564102564,0.0,0.0,0.0,2.564102564102564,0.0,0.0,0.0,0.0,0.0,0.0,0.0,0.0,0.0,0.0,0.0,0.0,0.0,0,0.0,0.0,0.0,2.0,0.0,186,0.0,0.0,0.0,0.0,1.0752688172043012,0.0,0.0,0.0,0.0,0.0,0.0,0.0,18.0,0.0,0.0,0.0,0.0,0.0,0.0
1470,1,2,0.0,0.0,0.0,2.0,0.0,39,5.128205128205128,0.0,0.0,0.0,5.128205128205128,0.0,0.0,0.0,0.0,0.0,0.0,0.0,0.0,0.0,0.0,0.0,0.0,0.0,0,0.0,0.0,0.0,2.0,0.0,116,0.0,0.0,0.0,0.0,1.7241379310344829,0.0,0.0,0.0,0.0,0.0,0.0,0.0,28.0,0.0,0.0,0.0,0.0,0.0,0.0
1471,1,0,0.0,0.0,0.0,0.0,0.0,45,0.0,0.0,0.0,0.0,0.0,0.0,0.0,0.0,0.0,0.0,0.0,0.0,0.0,0.0,0.0,0.0,0.0,0.0,0,0.0,0.0,0.0,0.0,0.0,117,0.0,0.0,0.0,0.0,0.0,0.0,0.0,0.0,0.0,0.0,0.0,0.0,23.0,0.0,0.0,0.0,0.0,0.0,0.0
1472,1,18,14.0,10.0,17.0,13.0,0.0,61,29.508196721311474,16.39344262295082,22.950819672131143,27.86885245901639,21.311475409836063,0.0,2.0,2.0,2.0,2.0,2.0,0.0,28.57142857142857,28.57142857142857,28.57142857142857,28.57142857142857,28.57142857142857,0.0,0,15.0,11.0,19.0,16.0,0.0,152,0.0,7.236842105263158,9.86842105263158,12.5,10.526315789473683,0.0,0.0,2.0,3.0,3.0,3.0,0.0,18.0,0.0,16.666666666666664,11.11111111111111,16.666666666666664,16.666666666666664,0.0
1473,1,0,0.0,0.0,0.0,0.0,0.0,21,0.0,0.0,0.0,0.0,0.0,0.0,0.0,0.0,0.0,0.0,0.0,0.0,0.0,0.0,0.0,0.0,0.0,0.0,0,0.0,0.0,0.0,0.0,0.0,46,0.0,0.0,0.0,0.0,0.0,0.0,0.0,0.0,0.0,0.0,0.0,0.0,16.0,0.0,0.0,0.0,0.0,0.0,0.0
1474,1,0,0.0,0.0,0.0,0.0,0.0,73,0.0,0.0,0.0,0.0,0.0,0.0,0.0,0.0,0.0,0.0,0.0,0.0,0.0,0.0,0.0,0.0,0.0,0.0,0,0.0,0.0,0.0,0.0,0.0,189,0.0,0.0,0.0,0.0,0.0,0.0,0.0,0.0,0.0,0.0,0.0,0.0,20.0,0.0,0.0,0.0,0.0,0.0,0.0
1475,1,2,0.0,1.0,0.0,2.0,0.0,39,5.128205128205128,2.564102564102564,0.0,0.0,5.128205128205128,0.0,0.0,0.0,0.0,0.0,0.0,0.0,0.0,0.0,0.0,0.0,0.0,0.0,0,0.0,1.0,0.0,2.0,0.0,82,0.0,1.2195121951219512,0.0,0.0,2.4390243902439024,0.0,0.0,0.0,0.0,0.0,0.0,0.0,16.0,0.0,0.0,0.0,0.0,0.0,0.0
1476,1,1,0.0,1.0,0.0,0.0,0.0,34,2.941176470588235,2.941176470588235,0.0,0.0,0.0,0.0,1.0,0.0,1.0,0.0,0.0,0.0,14.285714285714285,14.285714285714285,0.0,0.0,0.0,0.0,0,0.0,1.0,0.0,0.0,0.0,89,0.0,1.1235955056179776,0.0,0.0,0.0,0.0,0.0,0.0,1.0,0.0,0.0,0.0,24.0,0.0,4.166666666666666,0.0,0.0,0.0,0.0
1477,1,3,0.0,,0.0,0.0,0.0,72,4.166666666666666,,0.0,0.0,0.0,0.0,0.0,0.0,,0.0,0.0,0.0,0.0,,0.0,0.0,0.0,0.0,0,0.0,,0.0,0.0,0.0,190,0.0,,0.0,0.0,0.0,0.0,0.0,0.0,,0.0,0.0,0.0,21.0,0.0,,0.0,0.0,0.0,0.0
1478,1,3,0.0,1.0,0.0,3.0,0.0,72,4.166666666666666,1.3888888888888888,0.0,0.0,4.166666666666666,0.0,0.0,0.0,0.0,0.0,0.0,0.0,0.0,0.0,0.0,0.0,0.0,0.0,0,0.0,1.0,0.0,3.0,0.0,226,0.0,0.4424778761061947,0.0,0.0,1.327433628318584,0.0,0.0,0.0,0.0,0.0,0.0,0.0,23.0,0.0,0.0,0.0,0.0,0.0,0.0
1479,1,0,0.0,0.0,0.0,0.0,0.0,4,0.0,0.0,0.0,0.0,0.0,0.0,0.0,0.0,0.0,0.0,0.0,0.0,0.0,0.0,0.0,0.0,0.0,0.0,0,0.0,0.0,0.0,0.0,0.0,9,0.0,0.0,0.0,0.0,0.0,0.0,0.0,0.0,0.0,0.0,0.0,0.0,7.0,0.0,0.0,0.0,0.0,0.0,0.0
1480,1,1,0.0,0.0,1.0,0.0,0.0,27,3.7037037037037033,0.0,0.0,3.7037037037037033,0.0,0.0,1.0,0.0,0.0,1.0,0.0,0.0,14.285714285714285,0.0,0.0,14.285714285714285,0.0,0.0,0,0.0,0.0,1.0,0.0,0.0,57,0.0,0.0,0.0,1.7543859649122806,0.0,0.0,0.0,0.0,0.0,1.0,0.0,0.0,15.0,0.0,0.0,0.0,6.666666666666667,0.0,0.0
1483,1,0,0.0,0.0,0.0,0.0,0.0,24,0.0,0.0,0.0,0.0,0.0,0.0,0.0,0.0,0.0,0.0,0.0,0.0,0.0,0.0,0.0,0.0,0.0,0.0,0,0.0,0.0,0.0,0.0,0.0,58,0.0,0.0,0.0,0.0,0.0,0.0,0.0,0.0,0.0,0.0,0.0,0.0,24.0,0.0,0.0,0.0,0.0,0.0,0.0
1484,1,0,0.0,0.0,0.0,0.0,0.0,1,0.0,0.0,0.0,0.0,0.0,0.0,0.0,0.0,0.0,0.0,0.0,0.0,0.0,0.0,0.0,0.0,0.0,0.0,0,0.0,0.0,0.0,0.0,0.0,4,0.0,0.0,0.0,0.0,0.0,0.0,0.0,0.0,0.0,0.0,0.0,0.0,2.0,0.0,0.0,0.0,0.0,0.0,0.0
1485,1,2,1.0,1.0,1.0,1.0,0.0,22,9.090909090909092,4.545454545454546,4.545454545454546,4.545454545454546,4.545454545454546,0.0,0.0,0.0,0.0,0.0,0.0,0.0,0.0,0.0,0.0,0.0,0.0,0.0,0,1.0,1.0,1.0,1.0,0.0,64,0.0,1.5625,1.5625,1.5625,1.5625,0.0,0.0,0.0,0.0,0.0,0.0,0.0,24.0,0.0,0.0,0.0,0.0,0.0,0.0
1486,1,3,0.0,0.0,2.0,1.0,0.0,64,4.6875,0.0,0.0,3.125,1.5625,0.0,0.0,0.0,0.0,0.0,0.0,0.0,0.0,0.0,0.0,0.0,0.0,0.0,0,0.0,0.0,2.0,1.0,0.0,171,0.0,0.0,0.0,1.1695906432748535,0.5847953216374269,0.0,0.0,0.0,0.0,0.0,0.0,0.0,22.0,0.0,0.0,0.0,0.0,0.0,0.0
1487,1,2,0.0,1.0,0.0,1.0,0.0,25,8.0,4.0,0.0,0.0,4.0,0.0,1.0,0.0,1.0,0.0,0.0,0.0,14.285714285714285,14.285714285714285,0.0,0.0,0.0,0.0,0,0.0,1.0,0.0,1.0,0.0,64,0.0,1.5625,0.0,0.0,1.5625,0.0,0.0,0.0,1.0,0.0,0.0,0.0,21.0,0.0,4.761904761904762,0.0,0.0,0.0,0.0
1489,1,0,0.0,0.0,0.0,0.0,1.0,8,0.0,0.0,0.0,0.0,0.0,12.5,0.0,0.0,0.0,0.0,0.0,1.0,0.0,0.0,0.0,0.0,0.0,14.285714285714285,0,0.0,0.0,0.0,0.0,1.0,18,0.0,0.0,0.0,0.0,0.0,5.555555555555555,0.0,0.0,0.0,0.0,0.0,1.0,15.0,0.0,0.0,0.0,0.0,0.0,6.666666666666667
1495,1,0,0.0,0.0,0.0,0.0,0.0,21,0.0,0.0,0.0,0.0,0.0,0.0,0.0,0.0,0.0,0.0,0.0,0.0,0.0,0.0,0.0,0.0,0.0,0.0,0,0.0,0.0,0.0,0.0,0.0,46,0.0,0.0,0.0,0.0,0.0,0.0,0.0,0.0,0.0,0.0,0.0,0.0,16.0,0.0,0.0,0.0,0.0,0.0,0.0
1501,1,2,0.0,1.0,0.0,1.0,0.0,21,9.523809523809524,4.761904761904762,0.0,0.0,4.761904761904762,0.0,1.0,0.0,0.0,0.0,1.0,0.0,14.285714285714285,0.0,0.0,0.0,14.285714285714285,0.0,0,0.0,1.0,0.0,1.0,0.0,43,0.0,2.3255813953488373,0.0,0.0,2.3255813953488373,0.0,0.0,0.0,0.0,0.0,1.0,0.0,14.0,0.0,0.0,0.0,0.0,7.142857142857142,0.0
1503,1,0,0.0,0.0,0.0,0.0,0.0,7,0.0,0.0,0.0,0.0,0.0,0.0,0.0,0.0,0.0,0.0,0.0,0.0,0.0,0.0,0.0,0.0,0.0,0.0,0,0.0,0.0,0.0,0.0,0.0,15,0.0,0.0,0.0,0.0,0.0,0.0,0.0,0.0,0.0,0.0,0.0,0.0,13.0,0.0,0.0,0.0,0.0,0.0,0.0
1504,1,0,0.0,0.0,0.0,0.0,0.0,12,0.0,0.0,0.0,0.0,0.0,0.0,0.0,0.0,0.0,0.0,0.0,0.0,0.0,0.0,0.0,0.0,0.0,0.0,0,0.0,0.0,0.0,0.0,0.0,24,0.0,0.0,0.0,0.0,0.0,0.0,0.0,0.0,0.0,0.0,0.0,0.0,14.0,0.0,0.0,0.0,0.0,0.0,0.0
1507,1,4,4.0,0.0,0.0,,0.0,7,57.14285714285714,0.0,57.14285714285714,0.0,,0.0,4.0,4.0,0.0,0.0,,0.0,57.14285714285714,0.0,57.14285714285714,0.0,,0.0,0,5.0,0.0,0.0,,0.0,15,0.0,0.0,33.33333333333333,0.0,,0.0,0.0,5.0,0.0,0.0,,0.0,13.0,0.0,0.0,38.46153846153847,0.0,,0.0
1511,1,1,0.0,0.0,0.0,1.0,0.0,3,33.33333333333333,0.0,0.0,0.0,33.33333333333333,0.0,1.0,0.0,0.0,0.0,1.0,0.0,14.285714285714285,0.0,0.0,0.0,14.285714285714285,0.0,0,0.0,0.0,0.0,1.0,0.0,7,0.0,0.0,0.0,0.0,14.285714285714285,0.0,0.0,0.0,0.0,0.0,1.0,0.0,5.0,0.0,0.0,0.0,0.0,20.0,0.0
