cow,peak_flow_lf_cl,peak_flow_lb_cl,peak_flow_rf_cl,peak_flow_rb_cl,dim,peak_flow_lf_7d,peak_flow_lb_7d,peak_flow_rf_7d,peak_flow_rb_7d
254,,2.282150803461063,1.5098640296662547,1.284548825710754,320,,,,
453,1.8407462686567164,1.8844776119402986,1.4007462686567165,1.5909701492537314,291,,,,
454,1.7727188940092165,1.4030414746543778,1.3640552995391706,1.603379416282642,241,1.4433333333333334,1.26,1.2266666666666666,1.4833333333333334
497,1.4325619834710743,1.6869421487603307,1.4211570247933885,2.1544628099173555,309,,,,
571,1.17375,1.4728125,1.23,1.6940625,28,1.1294117647058823,1.4505882352941177,1.2352941176470589,1.588235294117647
627,2.237211155378486,2.400239043824701,2.4279681274900398,2.6368924302788845,93,2.3188235294117647,2.7282352941176473,2.4,2.7388235294117647
628,1.5015189873417722,1.9518987341772152,,1.9625316455696202,31,1.477142857142857,1.8771428571428572,,1.9514285714285715
686,2.04,1.734935064935065,1.8522077922077922,1.9948051948051948,50,1.9800000000000002,1.7300000000000002,1.7525000000000002,1.8375000000000001
703,2.37838905775076,1.9500911854103344,1.974255319148936,1.8495136778115502,244,2.412631578947368,1.9610526315789472,1.9799999999999998,1.9200000000000002
711,1.2399121844127332,1.8367508232711307,1.737694840834248,1.7905817782656421,337,1.3800000000000001,1.7,1.54,1.72
722,1.3447169811320754,1.0167924528301886,1.1811320754716983,1.3279245283018868,117,1.3263157894736841,0.9442105263157895,1.2978947368421052,1.2757894736842104
723,2.241219512195122,2.276341463414634,1.889268292682927,2.147560975609756,35,2.442857142857143,2.472857142857143,2.1471428571428572,2.1342857142857143
729,1.545767441860465,1.535720930232558,1.7328837209302326,1.658093023255814,170,1.5766666666666667,1.53,1.6766666666666667,1.62
736,1.0727441860465117,1.2203720930232558,1.2060465116279069,1.2626046511627906,253,1.0447058823529412,1.224705882352941,1.256470588235294,1.2811764705882354
738,2.3112338425381904,1.1615746180963573,2.4012690951821387,2.9773678025851935,293,2.319,1.05,2.181,3.0149999999999997
747,2.0691620111731845,1.68,1.9873743016759777,1.850949720670391,208,2.106666666666667,1.6366666666666667,1.9933333333333334,1.8066666666666669
764,1.6550869565217392,1.5035217391304347,1.5747391304347826,1.0129565217391303,164,1.7684210526315791,1.676842105263158,1.651578947368421,1.0042105263157894
778,,2.0182822085889573,1.7072392638036809,1.2677300613496931,54,,2.1530769230769233,1.8138461538461539,1.3223076923076924
783,1.694198952879581,1.267476439790576,1.5889633507853405,1.3475183246073297,453,,,,
785,1.291858407079646,1.3794690265486724,1.3858407079646018,1.553628318584071,36,1.2725,1.315,1.3575,1.5525
791,1.9343697478991597,2.1122689075630254,2.1272268907563023,2.0457983193277314,331,,,,
807,1.9261090909090912,1.7777454545454545,1.2955636363636363,1.5521454545454545,84,1.8119999999999998,1.824,1.1256,1.4808000000000001
808,1.453269230769231,1.8853846153846154,1.1359615384615385,1.771730769230769,30,1.4222222222222223,1.6577777777777778,0.9955555555555555,1.6177777777777778
810,1.4172857142857143,2.0591142857142857,1.6576285714285712,1.7467714285714286,273,,,,
828,0.9770103092783505,1.3023092783505155,1.3214226804123712,1.2169484536082475,308,,,,
833,0.8842105263157896,1.7126294820717132,1.2352589641434264,1.5964541832669321,162,,1.8,0.9031578947368422,1.62
837,2.2905172413793102,1.7767241379310343,,2.294137931034483,255,2.1189473684210527,1.730526315789474,,2.156842105263158
842,,2.9341121495327105,2.15588785046729,2.5512149532710278,219,,3.1033333333333335,2.1533333333333333,2.6466666666666665
855,1.53,1.17,,1.38,0,,,,
856,1.7597999999999998,1.9011000000000002,1.8853499999999999,1.7485,121,1.7727272727272727,2.07,1.9281818181818182,1.8681818181818182
861,1.6721782178217823,1.750693069306931,1.5258415841584159,2.107920792079208,162,1.43,1.7474999999999998,1.425,2.105
868,2.1325714285714286,1.8165714285714287,2.1271428571428572,1.8871428571428572,60,2.233636363636364,1.8054545454545454,2.233636363636364,1.8490909090909091
872,1.9816815286624205,1.6342929936305732,1.3613503184713376,1.7452738853503185,280,2.55,2.16,1.47,1.98
896,1.3956208277703603,1.2218691588785047,1.3549265687583445,1.26913217623498,284,1.3366666666666667,1.2066666666666666,1.38,1.2866666666666666
897,2.1716483516483516,1.625054945054945,1.9316483516483518,2.238241758241758,201,2.156842105263158,1.7242105263157894,1.954736842105263,2.1757894736842105
902,1.367514450867052,1.8579190751445087,,1.8735260115606938,65,1.2568421052631578,1.9200000000000002,,1.983157894736842
904,1.2178260869565218,1.3298550724637679,1.3579710144927537,1.3981159420289857,125,1.0675000000000001,1.3724999999999998,1.3074999999999999,1.2874999999999999
905,1.551954964176049,2.290317297850563,1.747308085977482,1.9715864892528148,288,1.209,2.1149999999999998,1.479,1.581
911,1.715593220338983,1.706585956416465,1.6284261501210653,1.3871186440677965,293,1.7400000000000002,1.77,1.8900000000000001,1.47
912,1.50827868852459,2.230409836065574,2.205655737704918,1.9619672131147543,278,1.356,2.382,2.316,2.166
915,1.76898773006135,1.869478527607362,1.8407668711656442,1.9453067484662576,246,1.6515789473684213,1.9578947368421054,1.6831578947368422,1.954736842105263
921,1.7142857142857142,1.9669679300291545,1.7563556851311952,2.132448979591837,249,1.5933333333333333,1.36,1.6800000000000002,2.08
922,2.1545344129554653,2.09502024291498,1.882834008097166,2.0441295546558704,181,2.110588235294118,2.2270588235294118,1.9129411764705884,2.0894117647058827
924,1.594156626506024,1.4002409638554216,1.7954819277108434,1.4034939759036145,88,1.6292307692307693,1.4284615384615384,1.8115384615384615,1.386923076923077
925,2.4317733990147783,1.9378817733990148,2.4112315270935962,1.571231527093596,192,2.494285714285714,2.0614285714285714,2.575714285714286,1.5728571428571427
929,1.5783333333333334,1.4883333333333333,1.5783333333333334,1.6700000000000002,14,1.503,1.407,1.536,1.641
935,2.083271375464684,1.7259479553903347,1.2,1.821189591078067,91,2.186086956521739,1.7973913043478262,,1.8704347826086958
937,1.8077202797202796,1.7336223776223776,1.7033286713286715,1.749062937062937,356,2.22,1.98,1.8,1.77
948,1.2866176470588238,2.151952380952381,2.1722380952380953,1.9722380952380951,437,,2.195294117647059,2.364705882352941,1.9835294117647058
956,1.558715995647443,1.9535582154515778,1.1420892274211099,1.8073775843307944,384,,,,
957,1.3058734177215192,1.6885063291139242,1.1752405063291138,1.5502784810126582,335,1.53,1.8599999999999999,1.23,1.62
962,1.4900799999999998,1.60144,1.5801599999999998,1.4868800000000002,118,1.5190909090909093,1.5654545454545454,1.489090909090909,1.4181818181818182
968,2.869723076923077,2.2751384615384618,2.7152615384615384,,359,,,,
970,1.6620332717190387,1.8519038817005544,1.9211090573012939,1.7804436229205176,165,1.7242105263157894,1.9452631578947368,1.8852631578947368,1.8726315789473684
971,1.4697058823529412,2.260294117647059,1.898235294117647,2.1138235294117647,70,1.5182608695652176,2.3243478260869566,1.9930434782608695,2.0843478260869563
973,1.4320754716981132,1.39436320754717,1.4418396226415096,1.2516509433962266,313,1.6246153846153848,1.5323076923076924,1.426153846153846,1.3984615384615384
975,1.0855844155844157,1.4742857142857142,1.6985714285714286,1.5522077922077921,147,1.137142857142857,1.58,1.6942857142857142,1.5457142857142858
978,0.9944516129032258,1.3138064516129033,1.3014967741935484,1.1886193548387096,234,1.022857142857143,1.337142857142857,1.354285714285714,1.2228571428571429
981,2.0431578947368423,2.0723684210526314,1.7336842105263157,1.721842105263158,24,2.0904000000000003,2.0064,1.7184,1.7184
985,2.3078350515463915,,2.0976494845360825,2.041422680412371,326,2.34,,2.31,2.1
986,0.9697916666666667,1.1210416666666667,0.9654166666666667,1.2433333333333332,110,1.0766666666666667,1.2866666666666666,0.9666666666666666,1.3333333333333333
1003,,1.746,1.9244651162790698,2.0252093023255813,115,,1.6391999999999998,2.0232,2.0831999999999997
1014,1.3199999999999998,1.648048780487805,1.251219512195122,1.2270731707317073,407,,,,
1023,1.8010374639769453,1.6755043227665705,1.3201729106628244,1.6336599423631124,118,1.802727272727273,1.7263636363636365,1.279090909090909,1.6418181818181816
1036,1.5865411764705881,1.3385647058823529,1.9357411764705883,1.6359529411764706,345,,,,
1039,1.8009565217391306,1.9430434782608696,1.2852173913043479,2.0031304347826087,302,1.6736842105263159,1.7494736842105265,1.0957894736842106,1.9105263157894736
1040,1.6721978021978021,1.5686813186813187,1.6847252747252748,1.9273626373626371,214,1.6566666666666667,1.5666666666666667,1.8199999999999998,1.9200000000000002
1042,2.23972602739726,1.9387214611872146,2.045662100456621,1.9526027397260273,286,,,,
1052,1.683607843137255,1.9338823529411766,1.308549019607843,1.888313725490196,252,,,,
1056,1.355625,2.1543,1.5306,1.978725,315,,,,
1057,1.1826666666666665,1.3333333333333333,1.4533333333333334,1.3,20,1.2042857142857142,1.3885714285714286,1.56,1.3714285714285714
1058,1.3196311818943838,1.5718189438390613,1.411533948030176,1.650712489522213,445,1.3866666666666667,1.5933333333333333,1.35,1.5433333333333334
1061,1.6175125628140703,,2.01286432160804,1.6312311557788945,284,1.6400000000000001,,2.1599999999999997,1.784
1065,2.597489539748954,2.407866108786611,2.626694560669456,2.196150627615063,294,,,,
1067,1.5556179775280898,1.6823595505617976,1.7664606741573035,1.7791011235955057,215,1.68,1.6772727272727272,1.742727272727273,1.7727272727272727
1074,2.038638184245661,1.990173564753004,1.8114552736982643,1.7959145527369829,223,2.0765217391304347,2.0504347826086957,1.8104347826086957,1.8234782608695652
1078,1.19446875,0.0,1.748015625,1.54828125,306,1.8900000000000001,,2.13,2.0100000000000002
1081,1.7677130044843048,1.4435874439461884,1.802511210762332,1.818206278026906,258,1.7766666666666666,1.4566666666666666,1.71,1.8633333333333333
1083,2.303729903536978,2.425852090032154,2.293118971061093,2.4687459807073955,264,,,,
1084,1.8137264150943395,1.6474528301886793,1.5602830188679246,1.6366981132075473,150,1.8099999999999998,1.6966666666666665,1.58,1.6166666666666667
1088,0.9943087248322148,1.2014496644295303,0.9970469798657717,1.2429261744966442,623,,,,
1089,2.112733446519525,1.9761290322580647,2.1935144312393886,1.9078777589134126,201,1.9949999999999999,1.887,2.163,1.857
1091,1.5079276773296246,1.5463143254520166,1.330931849791377,1.7009457579972185,276,1.4324999999999999,1.48125,1.38375,1.77375
1092,1.691779661016949,1.6309322033898306,1.8359322033898304,1.7827966101694916,272,1.7647058823529411,1.796470588235294,1.9023529411764704,1.7329411764705882
1094,2.0387511312217197,2.415149321266968,2.112923076923077,2.4459909502262445,418,2.18,2.42,1.5200000000000002,2.1999999999999997
1098,1.7581322957198444,1.4587548638132297,2.060544747081712,1.5518287937743191,252,1.53,1.47,2.064,1.53
1099,2.254334862385321,1.7642201834862385,2.3675229357798164,1.7894724770642203,309,,,,
1100,1.3561103810775295,1.6949014454664915,1.494796320630749,1.7170565045992117,284,1.34625,1.73625,1.5075,1.74
1101,2.13080824088748,2.2339778129952457,1.856957210776545,,178,2.068695652173913,2.222608695652174,2.0321739130434784,
1102,1.9023240589198036,1.6436661211129295,1.9108674304418984,1.691783960720131,212,2.0133333333333336,1.6566666666666667,1.98,1.7166666666666666
1104,1.434761904761905,1.6773809523809522,1.635,1.5163492063492061,294,1.62,1.95,1.77,1.3199999999999998
1116,1.581776061776062,1.8053281853281853,1.5277992277992278,1.648957528957529,105,1.68,1.9976470588235296,1.616470588235294,1.7152941176470589
1126,1.3977844311377245,1.0451497005988024,1.1073952095808384,1.1508682634730538,306,1.494,1.1640000000000001,1.206,1.206
1127,1.5867326732673266,1.9384158415841584,1.7916831683168317,1.7893069306930693,42,1.5666666666666667,1.9366666666666665,1.7766666666666666,1.8299999999999998
1133,2.1574358974358976,2.0271794871794873,2.244102564102564,2.102051282051282,41,2.192727272727273,2.13,2.3181818181818183,2.078181818181818
1139,1.1312658227848102,1.410379746835443,1.3275949367088606,1.2763291139240507,54,0.9228571428571428,1.362857142857143,1.1942857142857142,1.2542857142857142
1140,1.6298376623376625,1.9588636363636365,1.8623376623376624,1.7925974025974025,188,1.5599999999999998,2.1228571428571428,1.8714285714285712,1.8085714285714287
1142,1.7253982300884956,,1.8193805309734514,1.5361061946902657,83,1.6885714285714286,,1.7171428571428573,1.52
1144,2.1080412371134023,1.6789690721649484,1.9705154639175255,1.9595876288659795,86,2.016521739130435,1.7895652173913041,1.922608695652174,1.9539130434782608
1145,1.4746601941747572,1.183980582524272,1.6441747572815533,1.266990291262136,65,1.4885714285714287,1.2,1.6342857142857143,1.1742857142857144
1146,1.591387461459404,2.0578211716341213,2.079712230215827,2.0361767728674205,460,,,,
1148,2.031764705882353,2.4118954248366014,2.0683660130718953,1.5184313725490197,130,2.0831999999999997,2.388,2.1528,1.6128
1149,2.455107913669065,,2.4384892086330936,2.08273381294964,313,,,,
1151,2.3878772378516624,2.3260358056265984,2.3868030690537085,2.4139641943734014,110,2.5152,2.3952,2.5248000000000004,2.484
1153,2.02817843866171,2.4189591078066917,2.053382899628253,2.3170260223048325,75,2.095,2.4925,2.0625,2.345
1158,1.607865168539326,1.7605992509363295,1.2507116104868914,1.828389513108614,351,,,,
1159,1.4828571428571429,1.2,1.582857142857143,1.4057142857142857,9,1.5035294117647058,1.2,1.5635294117647058,1.3905882352941177
1160,1.7390163934426228,1.877704918032787,1.758688524590164,1.6868852459016395,18,1.7184,1.8816,1.8192,1.6032
1163,0.847375415282392,1.2889036544850498,1.0152159468438537,1.1487707641196012,101,0.7663636363636364,1.3036363636363637,1.0663636363636364,1.17
1164,2.4283636363636365,2.0825454545454547,2.5058181818181815,2.329090909090909,23,2.4539999999999997,2.064,2.535,2.334
1168,1.0069696969696968,1.2130303030303031,0.9933333333333334,1.241111111111111,61,1.009090909090909,1.1727272727272728,0.9709090909090908,1.3363636363636362
1170,1.6882758620689655,2.04,2.033793103448276,1.8972413793103449,14,1.8728571428571428,2.0571428571428574,2.142857142857143,1.9285714285714286
1171,1.914691689008043,2.3398123324396782,1.9376139410187667,2.1859785522788204,318,1.9094117647058824,2.5694117647058823,1.9941176470588236,2.357647058823529
1172,2.0751818181818185,2.202272727272727,1.7686363636363638,2.2753636363636365,85,1.8466666666666667,2.106666666666667,1.7333333333333334,2.283333333333333
1173,1.3326315789473684,1.1842105263157894,1.2221052631578946,1.2473684210526315,6,1.34625,1.185,1.22625,1.22625
1177,1.8828,1.9872,1.7904,,20,1.7966666666666669,1.9400000000000002,1.6666666666666667,
1178,1.821279069767442,1.8948837209302327,1.225813953488372,1.3294186046511627,63,1.9769999999999999,1.92,1.248,1.341
1184,2.966666666666667,2.606666666666667,2.16,2.64,4,2.9657142857142857,2.6571428571428575,2.1942857142857144,2.674285714285714
1191,1.5062093862815886,1.5069314079422382,1.444115523465704,1.4167509025270757,328,,,,
1192,1.3036484983314793,1.8014015572858733,1.3583759733036709,1.8754171301446052,353,1.4625,1.7325,1.45125,2.2125
1197,1.6908,1.5852000000000002,1.7196,1.3763999999999998,19,1.7242105263157894,1.5442105263157895,1.6863157894736842,1.3073684210526315
1198,2.0370806658130602,2.200486555697823,1.508527528809219,2.2253777208706786,309,1.9094117647058824,2.1388235294117646,1.4223529411764706,2.110588235294118
1199,1.7037917222963954,1.856475300400534,1.8575166889185581,1.8527102803738318,333,,,,
1200,1.729059633027523,1.084197247706422,1.4640825688073396,1.2562844036697247,357,1.7929411764705883,1.0447058823529414,1.4505882352941177,1.231764705882353
1204,1.7753804347826088,1.6796739130434784,1.8353804347826086,1.592445652173913,297,1.74,1.65,1.8599999999999999,1.41
1207,1.733368010403121,1.6036150845253576,1.360182054616385,1.5481404421326397,296,1.6023529411764708,1.531764705882353,1.4717647058823529,1.231764705882353
1212,0.0,2.1516190476190475,2.2044761904761905,2.0594285714285716,282,,2.177142857142857,2.2714285714285714,2.172857142857143
1215,1.3877070828331333,1.4742857142857142,1.5695078031212486,1.4587995198079233,330,1.5,1.62,1.59,1.53
1216,1.5647671232876712,1.607013698630137,1.7615342465753425,1.730054794520548,293,1.7999999999999998,1.5899999999999999,1.71,1.05
1219,2.2608583690987123,1.6300429184549357,2.039570815450644,1.559570815450644,306,2.145882352941176,1.171764705882353,1.8741176470588234,1.5458823529411765
1223,1.8251624548736463,2.20283393501805,1.942635379061372,1.9640794223826714,312,1.7146153846153847,1.9384615384615385,1.8138461538461539,1.7746153846153847
1224,2.19,2.2869421487603305,2.130330578512397,2.01900826446281,303,2.4,2.25,2.25,2.19
1225,2.374341252699784,1.9445572354211664,2.4423110151187903,,312,2.58,2.22,2.54,
1231,2.151173380035026,1.82353765323993,2.055446584938704,1.7056392294220666,185,1.9574999999999998,1.7825,1.8775000000000002,1.64
1232,1.0884913217623498,1.6727102803738316,1.3376234979973298,1.5413351134846462,291,1.2553846153846153,1.8507692307692307,1.4953846153846155,1.5092307692307694
1233,1.921216848673947,1.6939157566302652,1.9723244929797192,1.6723244929797192,246,1.8933333333333333,1.5833333333333333,1.9866666666666666,1.5433333333333334
1235,1.27109375,1.86890625,1.8539062499999999,,141,1.3042105263157895,2.0084210526315793,1.8631578947368421,
1236,1.3285546875,1.148671875,1.5420703125,1.2645703125,203,1.206315789473684,1.111578947368421,1.5,1.2
1237,2.1330864197530865,1.9678189300411522,1.891275720164609,1.4646090534979423,311,2.22,2.16,1.68,1.5150000000000001
1240,1.380838627700127,1.370012706480305,1.4833036848792882,1.5872172808132148,231,1.4044444444444446,1.413333333333333,1.5822222222222222,1.58
1241,2.333617021276596,2.2322872340425532,2.052127659574468,2.2281382978723405,119,2.326363636363636,2.3345454545454545,2.0045454545454544,2.22
1243,2.2203025210084033,2.1639327731092437,2.1909579831932775,2.1585882352941175,246,2.156470588235294,2.421176470588235,2.1741176470588237,2.2270588235294118
1244,2.864598930481283,1.6047593582887698,2.8140641711229946,2.798021390374332,131,2.8547368421052632,1.7778947368421054,2.8042105263157895,2.7505263157894735
1245,2.337889908256881,2.3013761467889906,2.0759633027522937,1.973211009174312,267,2.368235294117647,2.375294117647059,1.8282352941176472,1.9623529411764706
1246,1.1404176334106728,1.6250812064965197,1.8729466357308584,1.4633178654292345,248,1.1165217391304347,1.6408695652173915,1.9434782608695653,1.5260869565217392
1252,1.3709852216748768,1.3448275862068966,1.6204433497536945,1.1253694581280789,200,1.328,1.4200000000000002,1.62,1.1320000000000001
1255,1.7185981308411213,1.8022429906542055,1.6497196261682245,1.959626168224299,271,1.7000000000000002,1.836666666666667,1.6900000000000002,2.0233333333333334
1258,2.06551724137931,1.9820689655172414,2.0126896551724136,2.2168275862068967,186,2.0166666666666666,2.0066666666666664,1.9500000000000002,2.14
1259,1.5301796407185628,1.5832634730538924,1.790748502994012,1.4107185628742516,250,1.535294117647059,1.6552941176470588,1.7223529411764706,1.3905882352941177
1261,1.9197169811320756,1.7257075471698113,1.5338207547169813,1.589433962264151,141,2.0223529411764707,1.86,1.5776470588235294,1.775294117647059
1262,1.52247491638796,1.3320401337792642,1.5762541806020067,1.0067558528428093,112,1.6350000000000002,1.089,1.677,1.044
1263,1.5468341708542714,1.6862311557788945,1.7165829145728642,1.7440201005025127,184,1.5142857142857142,1.7028571428571428,1.7914285714285714,1.7314285714285713
1264,2.439885550786838,2.093905579399142,2.3074678111587983,2.2875536480686693,258,2.4057142857142857,2.1371428571428575,2.454285714285714,2.051428571428571
1266,1.209965034965035,1.27520979020979,1.5267482517482516,1.5265034965034965,222,1.1505882352941175,1.3341176470588234,1.595294117647059,1.5282352941176471
1267,1.4901801801801802,1.2871171171171172,1.329009009009009,1.1527927927927928,264,1.4357142857142857,1.217142857142857,1.3285714285714287,1.127142857142857
1268,2.393478260869565,2.675217391304348,2.28,2.402608695652174,15,2.214782608695652,2.58,2.2956521739130435,2.2878260869565215
1270,3.0827700831024933,2.0529639889196676,2.913074792243767,0.0,156,3.155294117647059,2.428235294117647,2.9823529411764707,
1271,2.119945945945946,1.3582702702702703,1.709189189189189,1.4659459459459458,149,2.2275,1.5525,1.71,1.4625
1272,2.5377966101694915,0.51,1.4759745762711864,1.872457627118644,169,2.76,,1.515,1.9837500000000001
1273,1.7257720588235295,1.7140808823529412,1.6504411764705882,1.6191176470588236,206,1.6729411764705884,1.7188235294117646,1.6905882352941177,1.5776470588235294
1274,1.3671571906354514,1.7271571906354515,1.29190635451505,1.7622742474916386,104,1.3257142857142856,1.817142857142857,1.3142857142857143,1.7714285714285716
1276,1.5758426966292134,1.2908426966292135,1.4526404494382021,1.659438202247191,117,1.5818181818181818,1.3663636363636362,1.5572727272727271,1.8
1277,2.2601941747572813,,,2.019378640776699,175,2.3800000000000003,,,2.16
1279,1.8474683544303796,2.332025316455696,2.167974683544304,2.1759493670886076,58,1.8136363636363635,2.170909090909091,2.1845454545454546,2.07
1281,1.8521259842519684,1.4874015748031497,1.7815748031496061,1.5548031496062993,135,2.07,1.58,1.8833333333333333,1.5166666666666666
1282,2.054703557312253,,2.1322529644268777,2.3312252964426876,72,1.9925,,2.2,2.3375
1283,2.2448,2.0614,1.8045,2.137,175,2.27,2.216666666666667,1.836666666666667,2.2466666666666666
1284,1.8032704402515722,1.7068032786885245,1.831069182389937,1.6719496855345912,167,1.98,,1.9457142857142857,1.78
1286,1.5922522522522524,2.0803603603603604,1.4452252252252251,1.8733333333333335,116,1.6172727272727272,2.1054545454545455,1.3963636363636363,1.8981818181818182
1288,1.0504,1.0976,1.1936,1.1236,61,1.108,1.32,1.3159999999999998,1.248
1291,1.8823021582733812,1.645611510791367,2.3261870503597124,1.832661870503597,125,1.8499999999999999,1.7149999999999999,2.4724999999999997,1.8875
1292,1.8046588235294119,1.5729882352941176,1.9071529411764705,1.604329411764706,461,,,,
1293,1.6644736842105263,1.7392105263157895,1.5067105263157896,1.7563157894736843,166,1.6766666666666667,1.7333333333333334,1.4,1.7333333333333334
1294,1.834538745387454,2.7832472324723248,1.8309963099630997,1.9981549815498154,107,1.5126315789473685,2.8421052631578947,1.8978947368421053,1.5726315789473684
1295,,1.857294429708223,1.4406366047745358,1.9247745358090185,141,,1.8914285714285715,1.4942857142857142,1.8828571428571428
1300,1.4959530791788855,2.0628739002932552,1.3824633431085045,1.8047507331378299,119,1.6363636363636365,2.0481818181818183,1.2463636363636363,1.8136363636363635
1304,1.9968796068796069,1.9694594594594597,1.9107125307125306,1.8271990171990171,369,1.74,1.83,1.65,1.68
1305,1.5714170040485829,1.319514170040486,1.5575708502024292,,90,1.4714285714285713,1.3314285714285714,1.4885714285714284,
1306,1.0955294117647059,0.9965490196078431,0.9883921568627451,1.047921568627451,270,,,,
1308,2.6016541353383458,2.5974436090225566,2.4309022556390976,2.3726315789473684,364,,,,
1311,1.4734883720930232,1.742923588039867,1.7962790697674418,1.7572757475083056,381,1.95,2.25,2.22,2.2199999999999998
1312,1.3725465838509316,1.3472049689440995,1.4496894409937888,1.163478260869565,52,1.2474999999999998,1.2874999999999999,1.3949999999999998,1.0725
1314,1.68,1.4799999999999998,1.68,1.68,1,1.8,1.38,1.68,1.56
1315,1.7019130434782608,1.6017391304347826,1.720695652173913,1.613217391304348,43,1.6742857142857144,1.6428571428571428,1.562857142857143,1.6114285714285717
1317,1.932139303482587,1.839402985074627,1.9789054726368158,2.0660696517412935,245,,,,
1319,1.832,2.3984,1.1814285714285713,2.184,30,2.018181818181818,2.5090909090909093,,2.3536363636363635
1320,1.251602708803612,1.4889616252821671,1.2451015801354404,1.419119638826185,414,1.62,1.8818181818181818,1.4781818181818183,1.6745454545454548
1321,2.4355045871559637,2.4423853211009177,2.4002752293577982,2.161376146788991,81,2.4059999999999997,2.3609999999999998,2.472,2.268
1322,2.376734693877551,2.0507908163265305,2.4458418367346937,2.1132397959183673,351,,,,
1323,1.7841290322580647,1.8971612903225807,,1.7674838709677418,65,1.7494736842105265,1.888421052631579,,1.6831578947368422
1324,0.0,1.504351145038168,1.7758396946564885,1.608435114503817,221,,,,
1325,1.54,2.2314666666666665,2.4384,1.7672,85,,2.4252631578947366,2.182105263157895,1.56
1327,1.1996730245231606,1.2581198910081743,1.3035694822888282,1.2296730245231609,318,1.44,1.56,1.3199999999999998,1.5
1328,2.629326923076923,2.0382692307692305,2.120769230769231,1.8966346153846154,66,2.6791304347826084,2.199130434782609,2.0869565217391304,1.9017391304347826
1329,1.4338762214983711,1.7153745928338764,1.2686644951140065,1.4510749185667753,356,1.48125,1.9200000000000002,1.3087499999999999,1.51875
1331,1.9960912052117266,1.9228664495114007,2.0335504885993485,1.5208469055374594,316,2.28,2.28,2.16,1.86
1333,1.3583152173913045,1.7446467391304348,1.8766304347826088,1.1314285714285715,296,,,,
1334,1.0854929577464787,1.3238028169014084,1.3056338028169014,1.3580281690140845,48,1.0533333333333335,1.3366666666666667,1.3433333333333333,1.2533333333333332
1335,2.0354237288135595,2.394406779661017,1.8544067796610169,1.9616949152542371,44,1.9260000000000002,2.412,1.734,1.9739999999999998
1337,2.0391469194312797,2.0938388625592417,2.2336492890995263,2.1929857819905214,206,,,,
1339,1.1551724137931034,0.9254187192118227,1.0838423645320197,0.9165024630541873,172,,,,
1343,1.6169560315670801,1.759143179255919,1.6493573844419391,1.6680721533258174,352,1.83,1.8599999999999999,1.8599999999999999,1.8900000000000001
1344,1.9066582914572865,2.041582914572864,2.1984422110552764,2.166030150753769,311,,,,
1346,1.6641493775933611,1.723070539419087,1.5175933609958507,1.6938589211618258,294,,,,
1348,1.901823056300268,1.9526541554959786,1.9868364611260054,1.7625201072386059,307,,,,
1351,1.4228230616302187,1.7169781312127237,1.405765407554672,1.5619085487077535,222,,,,
1352,2.1133333333333333,1.9466666666666665,2.026666666666667,1.8199999999999998,4,2.1342857142857143,1.9885714285714287,2.0742857142857143,1.8514285714285716
1354,1.9446384720327423,0.105,2.0523601637107776,1.7741336971350614,268,2.3446153846153845,,1.896923076923077,1.9153846153846155
1356,2.183281596452328,2.375521064301552,2.196851441241685,2.299290465631929,187,,,,
1359,1.507819732034105,1.4086479902557856,1.5341291108404385,1.3182460414129111,288,1.6914285714285715,1.4542857142857142,1.682857142857143,1.3485714285714285
1360,1.1790371389270977,1.4792847317744156,1.2478679504814305,1.266767537826685,280,1.329,1.581,1.383,1.392
1361,1.5033070866141731,1.302283464566929,1.3913385826771654,1.6901574803149606,246,1.54,1.32,1.47,1.5650000000000002
1362,1.7511818181818182,2.058340909090909,2.21475,1.965,317,1.8828571428571428,2.2085714285714286,2.1114285714285717,1.9657142857142857
1363,2.763026905829596,1.690627802690583,2.867017937219731,1.714372197309417,298,3.0300000000000002,2.16,2.88,1.92
1364,1.8779160186625194,2.0958009331259717,2.0240435458786936,2.219813374805599,283,2.106,2.148,2.2199999999999998,2.2920000000000003
1365,2.650175438596491,2.265964912280702,2.6314912280701757,2.228421052631579,290,2.703157894736842,2.2989473684210524,2.64,2.317894736842105
1366,0.39,1.8315410958904113,1.7952739726027398,1.7054794520547945,249,,,,
1367,2.3746923076923077,2.113769230769231,2.3386153846153843,2.2449999999999997,315,2.48,2.14,2.56,2.6
1368,1.8863026521060844,1.839219968798752,1.865990639625585,1.7301716068642745,282,2.19,1.98,1.89,1.74
1370,1.6253631284916201,1.6477374301675978,1.5897486033519552,1.7084078212290503,259,1.8726315789473684,1.803157894736842,1.5221052631578948,1.7842105263157895
1371,0.9088615384615385,1.2310153846153846,0.9348923076923076,1.1841230769230768,265,1.014,1.476,1.116,1.5539999999999998
1372,1.4008163265306122,1.6976020408163266,1.5767602040816326,1.8087244897959183,295,1.5825,1.8825,1.6275,2.14875
1373,1.2064202334630352,1.273774319066148,1.4084824902723736,1.2205447470817121,223,,,,
1374,1.652756183745583,2.329469964664311,1.5845936395759717,0.0,256,1.6600000000000001,2.34,1.4800000000000002,
1375,1.4296774193548387,1.0272811059907834,1.318064516129032,1.5697695852534561,271,,,,
1376,1.727719298245614,1.5577543859649123,1.880140350877193,1.4364912280701756,277,1.8359999999999999,1.6512,1.7856,1.416
1377,1.9003347280334728,1.569121338912134,2.0389958158995816,1.5605857740585776,271,,,,
1378,1.6480813953488374,1.781511627906977,1.8965406976744186,1.6393604651162792,273,,,,
1380,1.909804400977995,1.9378239608801957,2.0202689486552567,1.746601466992665,301,1.9,2.0085714285714285,1.9114285714285715,1.6542857142857144
1382,1.9854233409610984,2.1319221967963387,2.1757894736842105,2.0018993135011445,306,2.49,2.43,2.4000000000000004,2.34
1385,1.439422150882825,1.403884430176565,1.5351524879614766,1.6883788121990368,249,1.52,1.4433333333333334,1.34,1.6933333333333334
1388,1.3753076923076923,1.485051282051282,1.5132307692307692,1.4347692307692306,305,1.8,1.8,1.92,1.8
1389,1.5630016863406409,0.8499156829679595,1.443743676222597,1.0873861720067453,312,1.76,0.6699999999999999,1.32,1.08
1391,1.6884401114206127,1.2673537604456826,1.9696378830083565,1.647409470752089,256,1.812,1.404,1.9920000000000002,1.791
1395,1.2028260869565217,1.1570652173913045,0.675,1.2679347826086955,184,1.3643478260869564,1.2834782608695652,,1.445217391304348
1396,0.7999999999999999,1.8587939698492464,1.9942713567839194,1.7025125628140703,223,,2.076,1.887,1.572
1397,2.138633720930233,2.0232558139534884,2.1846802325581396,1.923139534883721,249,2.2085714285714286,2.045714285714286,2.1142857142857143,1.8685714285714288
1398,1.3421856287425151,1.8090718562874253,1.4170958083832335,1.6869161676646705,258,1.4178947368421053,1.86,1.44,1.7747368421052632
1399,1.2924393723252496,1.2238801711840228,1.3342082738944365,1.0804279600570614,254,1.3389473684210527,1.1936842105263157,1.294736842105263,1.02
1400,1.566974358974359,1.2196923076923076,1.8861538461538463,1.4923076923076923,231,1.677142857142857,1.1942857142857142,1.9571428571428573,1.4342857142857144
1401,2.389795275590551,1.5353385826771655,2.3836535433070862,2.055023622047244,252,2.84,1.8833333333333333,2.34,1.9966666666666666
1404,2.0569989506820567,2.243231899265478,2.2541238195173134,2.323252885624344,256,2.174,2.3160000000000003,2.202,2.352
1405,0.06,1.7714736842105263,1.5635789473684212,1.233157894736842,166,,2.0945454545454543,1.7018181818181817,1.330909090909091
1406,2.0961359570661897,1.8576386404293381,1.8178175313059033,1.7251878354203936,212,1.9500000000000002,1.7033333333333334,1.9300000000000002,1.3166666666666667
1407,1.4510139860139861,1.4838461538461538,1.487097902097902,1.4105244755244755,215,1.4021052631578947,1.4526315789473685,1.4052631578947368,1.4810526315789474
1409,1.2716842105263158,1.3913684210526316,1.1431578947368422,1.5070526315789474,180,1.3056,1.524,1.3008000000000002,1.6272
1410,1.01188679245283,1.633490566037736,1.120754716981132,0.54,253,1.1266666666666667,1.7333333333333334,1.14,
1412,1.2256826568265684,0.824169741697417,1.3939483394833947,0.9397416974169741,201,1.44,0.8364705882352941,1.588235294117647,1.0694117647058823
1414,1.6867132867132868,1.3287272727272728,1.94206993006993,1.6366153846153848,267,1.9028571428571428,1.5299999999999998,1.9457142857142855,1.9585714285714284
1417,1.654548387096774,1.380967741935484,1.7561612903225805,0.12,223,1.9771428571428573,1.5485714285714287,1.8942857142857144,
1418,2.1534586466165417,2.1029323308270675,2.1545864661654135,1.8818796992481202,121,2.4,2.2694117647058825,2.2023529411764704,1.8423529411764705
1419,1.7052222222222224,1.4973333333333332,1.7181111111111111,1.351,235,1.8642857142857143,1.5685714285714287,1.7100000000000002,1.3285714285714287
1422,1.2472455089820358,1.8455988023952095,2.2599700598802395,1.920179640718563,251,1.0575,2.00625,2.25375,2.00625
1423,1.8819209039548022,1.6279096045197738,1.687909604519774,1.7990960451977402,195,2.0940000000000003,1.6949999999999998,1.764,1.8690000000000002
1424,1.4350929368029741,1.1897397769516729,1.2753903345724906,1.282081784386617,179,1.6090909090909091,1.1209090909090909,1.3963636363636363,1.497272727272727
1425,0.9598525798525799,0.9539557739557739,0.9773955773955775,1.163882063882064,147,1.0566666666666666,1.0433333333333334,1.0166666666666666,1.37
1427,1.815223880597015,2.284925373134328,1.5188059701492538,1.743134328358209,56,1.944,2.428,1.636,1.824
1429,1.3206174957118353,1.4500857632933104,1.5196569468267582,1.1189022298456262,203,1.5,1.7314285714285713,1.7142857142857142,1.3199999999999998
1430,0.9785185185185186,1.1436625514403291,1.217283950617284,1.1320987654320989,184,1.19,1.2166666666666666,1.4066666666666667,1.0666666666666667
1432,1.3639024390243901,1.350731707317073,1.6902439024390243,1.3860975609756099,92,1.431,1.4309999999999998,1.857,1.443
1433,1.384792013311148,1.4468885191347753,1.3485524126455908,1.3080199667221297,195,1.5685714285714285,1.6257142857142857,1.2914285714285714,1.3771428571428572
1434,1.605974025974026,1.3864935064935064,1.6564935064935065,1.4051948051948053,196,1.8599999999999999,1.412,1.8279999999999998,1.568
1435,1.7686803519061585,1.8045747800586511,1.6199999999999999,1.2841055718475074,130,1.8057142857142858,1.7885714285714287,1.5514285714285714,1.34
1436,1.6208376963350786,1.5677486910994765,1.5968586387434556,1.3386387434554974,206,1.6472727272727274,1.579090909090909,1.5763636363636364,1.2954545454545454
1437,1.1872980501392758,1.368467966573816,1.2818941504178272,1.3482451253481893,159,1.3387499999999999,1.47,1.34625,1.4625
1440,,1.3556929637526653,0.9153518123667378,1.2982515991471215,149,,1.533,1.002,1.3439999999999999
1442,1.641844660194175,1.2431067961165048,1.4335922330097086,1.6157766990291262,165,1.5410526315789475,1.1842105263157894,1.4210526315789473,1.6421052631578947
1443,1.1204395604395605,0.930989010989011,1.1327472527472529,0.9901098901098901,114,1.1021052631578947,0.9315789473684211,1.0389473684210526,0.994736842105263
1447,1.4497986577181208,1.0738255033557047,1.4401342281879195,1.175302013422819,162,1.5875000000000001,1.045,1.1624999999999999,1.0250000000000001
1449,2.3430594900849857,2.0603966005665724,2.056657223796034,1.6183002832861189,131,2.4833333333333334,2.31,2.0433333333333334,1.7766666666666666
1451,1.7171794871794872,1.4464102564102563,1.8021794871794872,1.454102564102564,147,1.7481818181818183,1.5981818181818184,2.0481818181818183,1.5327272727272727
1453,1.9702702702702704,1.9241698841698842,2.0891119691119693,1.7122007722007722,93,2.0295652173913044,1.9930434782608697,1.9460869565217391,1.711304347826087
1454,1.231037037037037,0.9737777777777779,1.2244444444444444,0.9699259259259259,109,1.2,0.9869999999999999,1.335,0.9179999999999999
1455,1.915639534883721,2.0093023255813955,,1.9850581395348839,137,1.971818181818182,1.9663636363636363,,2.0318181818181817
1456,1.1366585956416464,1.2944309927360775,1.3669249394673122,1.2361743341404359,131,1.1347826086956523,1.432173913043478,1.3565217391304347,1.2521739130434784
1457,1.7216666666666667,1.3527777777777776,1.4566666666666666,1.3933333333333333,38,1.86,1.567826086956522,1.4686956521739132,1.4686956521739132
1458,1.9500000000000002,1.7497674418604652,1.9493023255813955,1.811627906976744,52,,1.8675,1.86,1.7675
1460,0.8792307692307693,0.9344055944055945,0.9885314685314684,0.9574125874125874,107,0.8947826086956521,1.0069565217391305,0.9182608695652175,0.991304347826087
1461,1.5211607142857144,1.7290178571428572,1.3746428571428573,1.3829464285714284,74,1.653,1.7850000000000001,1.482,1.473
1462,2.8317073170731706,2.262439024390244,2.746829268292683,2.0707317073170732,18,2.71,2.3066666666666666,2.7133333333333334,2.016666666666667
1463,1.386442953020134,1.6204026845637585,1.2108724832214763,1.2970469798657718,72,1.424,1.7280000000000002,1.144,1.34
1465,1.1853435114503816,1.0344274809160305,1.1065648854961834,1.0786259541984733,107,1.0527272727272727,1.0963636363636364,1.1672727272727272,1.0772727272727272
1468,1.3,1.1683870967741936,1.1519354838709677,1.094516129032258,78,1.38,1.2266666666666666,1.1733333333333333,1.1233333333333333
1470,1.985689655172414,1.9825862068965516,1.909137931034483,1.5367241379310344,39,1.875,1.9842857142857144,1.8171428571428572,1.5064285714285715
1471,1.8574358974358973,1.534871794871795,1.4917948717948717,1.8897435897435897,45,1.8208695652173914,1.5156521739130435,1.3982608695652172,1.833913043478261
1472,1.1380263157894737,0.8889473684210527,1.029078947368421,0.9023684210526316,61,1.1033333333333333,0.9033333333333334,1.02,0.7633333333333333
1473,1.3095652173913044,1.9891304347826086,1.3734782608695653,1.8456521739130436,21,1.26,1.9575,1.31625,1.76625
1474,1.7796825396825398,1.4682539682539681,1.4942857142857144,1.3307936507936509,73,1.842,1.524,1.488,1.4220000000000002
1475,2.321707317073171,1.9404878048780487,2.0685365853658535,2.2199999999999998,39,2.4525,1.9837500000000001,2.1225,2.31375
1476,1.1271910112359549,0.8548314606741573,1.0146067415730338,0.883820224719101,34,1.165,0.8450000000000001,0.93,0.8650000000000001
1477,0.54,1.0329473684210526,1.2401052631578948,0.9186315789473684,72,,1.1914285714285715,1.3914285714285715,0.9742857142857143
1478,1.5799115044247787,1.7349557522123895,1.891858407079646,1.454867256637168,72,1.7295652173913043,1.8678260869565217,2.013913043478261,1.5730434782608695
1479,1.2044444444444444,1.3866666666666667,1.3133333333333335,1.1777777777777778,4,1.2314285714285715,1.397142857142857,1.302857142857143,1.1971428571428573
1480,0.9621052631578947,1.3347368421052632,0.9768421052631578,0.9631578947368421,27,0.9079999999999999,1.356,0.92,0.984
1483,2.0255172413793106,1.9779310344827585,2.2386206896551726,1.6924137931034482,24,1.9875,1.9400000000000002,2.2150000000000003,1.6675000000000002
1484,1.725,1.38,1.515,1.395,1,1.41,1.0499999999999998,1.32,1.35
1485,0.920625,1.0303125,1.0725,1.14,22,0.8525,1.0475,1.0775,1.1275
1486,1.6656140350877193,2.1347368421052635,1.7221052631578948,2.473684210526316,64,1.6881818181818182,2.266363636363636,1.9854545454545454,2.5118181818181817
1487,1.21125,1.5871875,1.224375,1.2834375,25,1.1199999999999999,1.5514285714285714,1.2342857142857144,1.2428571428571429
1489,2.0533333333333332,1.7533333333333334,1.8266666666666669,1.6533333333333333,8,2.036,1.732,1.772,1.608
1495,1.9004347826086956,1.3591304347826088,1.8821739130434783,1.4686956521739132,21,1.845,1.275,1.8525,1.3387499999999999
1501,1.6827906976744187,1.7399999999999998,1.855813953488372,1.5348837209302326,21,1.74,1.8857142857142857,1.9628571428571429,1.5214285714285716
1503,1.74,1.028,1.832,0.988,7,1.6984615384615387,1.0015384615384615,1.8276923076923077,0.9923076923076923
1504,0.9975,1.0775,1.085,1.0225,12,1.0371428571428571,1.0842857142857143,1.032857142857143,0.99
1507,0.972,0.6225,1.2719999999999998,1.392,7,0.9784615384615385,0.6225,1.26,1.3846153846153846
1511,1.8085714285714285,1.8085714285714285,1.6542857142857144,1.5942857142857143,3,1.6919999999999997,1.716,1.56,1.512
