Animal Number;Date;Begin Time;End Time;Yield;Device Name;Lactation Number;Conductivity LF;Conductivity LR;Conductivity RF;Conductivity RR;Mean Flow LF;Mean Flow LR;Mean Flow RF;Mean Flow RR;Yield LF;Yield LR;Yield RF;Yield RR;OCC(*1000 cells/ml);Peak Flow LF;Peak Flow LR;Peak Flow RF;Peak Flow RR;Interval
454;11/17/2023;11/17/2023 10:11 AM;10:24 AM;14.90;VMS_2;7;4.78;4.98;4.87;4.53;1.98;1.98;1.59;2.25;1.85;4.94;2.54;5.58;662;3.04;2.65;2.78;3.17;10:07:30
454;11/17/2023;11/17/2023 10:53 PM;10:58 PM;18.94;VMS_2;7;5.06;4.94;5.32;4.78;1.59;2.25;1.32;3.17;3.31;5.38;2.67;7.58;471;2.78;3.44;2.12;4.23;12:29:02
571;11/17/2023;11/17/2023 8:59 AM;9:13 AM;45.68;VMS_3;6;4.57;4.70;4.82;4.67;1.72;2.38;2.12;2.78;9.02;16.09;7.61;12.96;;3.31;3.31;2.91;3.57;11:46:58
571;11/17/2023;11/17/2023 7:30 PM;7:39 PM;46.80;VMS_4;6;4.72;4.81;4.88;4.56;1.59;2.38;2.12;2.65;8.73;17.75;7.08;13.25;;2.38;3.44;2.91;3.44;10:16:38
627;11/17/2023;11/17/2023 4:58 PM;5:06 PM;47.42;VMS_1;6;4.38;4.28;4.34;4.22;3.44;4.37;3.84;4.37;8.66;13.91;10.34;14.51;300;5.03;5.69;5.03;6.08;09:04:00
627;11/17/2023;11/17/2023 7:47 AM;7:54 AM;65.96;VMS_1;6;4.56;4.41;4.55;4.43;3.97;4.76;3.70;4.89;11.42;17.84;15.08;21.63;237;5.69;6.61;4.89;6.75;14:50:59
628;11/17/2023;11/17/2023 6:48 AM;6:54 AM;41.07;VMS_2;6;4.72;4.51;;4.79;2.51;3.44;;3.44;10.14;14.44;;16.49;97;3.17;4.37;;4.37;10:35:10
628;11/17/2023;11/17/2023 6:15 PM;6:23 PM;49.67;VMS_2;6;4.78;4.59;;4.61;2.12;3.04;;3.17;12.21;19.40;;18.06;97;2.78;3.84;;4.63;11:20:39
686;11/17/2023;11/17/2023 8:34 PM;8:43 PM;68.54;VMS_3;5;4.94;4.76;4.88;4.71;3.04;2.78;3.04;3.31;14.84;19.49;15.92;18.30;;4.63;3.97;4.50;4.23;09:47:27
686;11/17/2023;11/17/2023 10:37 AM;10:46 AM;57.36;VMS_3;5;5.03;4.91;4.95;4.87;2.91;2.65;2.78;3.17;12.39;16.23;13.29;15.45;;4.10;3.97;4.10;4.10;08:13:29
686;11/17/2023;11/17/2023 2:15 AM;2:24 AM;50.04;VMS_3;5;4.77;4.69;4.70;4.67;3.04;2.25;2.38;2.78;10.85;14.40;11.64;13.16;;4.23;3.31;3.31;3.70;07:04:52
703;11/17/2023;11/17/2023 10:34 AM;10:40 AM;41.65;VMS_1;5;4.17;4.36;4.46;4.42;4.10;3.97;3.31;3.44;10.47;11.18;10.82;9.17;208;5.56;5.56;4.10;4.63;12:38:38
703;11/17/2023;11/17/2023 6:38 PM;6:42 PM;29.23;VMS_1;5;4.17;4.28;4.34;4.36;3.84;3.31;3.57;3.04;7.58;8.05;7.76;5.84;217;5.42;4.50;4.37;4.23;07:57:56
722;11/17/2023;11/17/2023 6:04 PM;6:18 PM;69.25;VMS_1;5;4.98;5.48;4.75;4.69;1.98;1.19;1.85;1.72;19.38;12.99;18.34;18.54;60;3.04;1.98;2.91;3.04;10:55:10
722;11/17/2023;11/17/2023 6:55 AM;7:09 AM;67.33;VMS_1;5;4.90;5.81;4.82;4.77;2.25;1.32;2.51;2.12;17.66;14.31;16.93;18.43;22;3.31;2.12;3.70;3.04;08:59:58
723;11/17/2023;11/17/2023 5:50 PM;5:55 PM;26.52;VMS_4;5;4.06;4.08;4.07;3.74;3.84;4.23;3.84;3.84;6.28;6.83;6.70;6.70;;4.89;5.42;5.03;4.89;08:43:03
723;11/17/2023;11/17/2023 9:00 AM;9:07 AM;49.58;VMS_2;5;4.78;4.72;4.67;4.33;3.84;4.50;3.17;3.57;14.97;16.87;7.74;10.01;94;5.16;5.56;4.63;4.89;15:13:51
729;11/17/2023;11/17/2023 11:28 AM;11:40 AM;59.06;VMS_1;5;5.04;5.10;5.13;5.09;2.38;2.38;2.65;2.65;14.22;13.16;16.80;14.88;45;3.31;3.17;3.84;3.70;10:27:56
729;11/17/2023;11/17/2023 12:52 AM;1:00 AM;38.62;VMS_2;5;5.05;4.99;5.14;5.05;2.12;2.25;2.51;2.38;9.04;8.38;12.24;8.97;31;3.04;3.17;3.70;3.17;04:53:52
729;11/17/2023;11/17/2023 10:53 PM;11:03 PM;67.86;VMS_1;5;4.58;4.61;4.73;4.63;2.91;2.51;2.78;2.65;16.45;15.41;19.58;16.42;80;3.97;3.44;3.84;3.44;11:13:16
736;11/17/2023;11/17/2023 3:28 PM;3:38 PM;50.42;VMS_2;5;5.05;4.74;5.25;4.87;1.85;2.25;2.12;2.25;9.39;14.22;12.48;14.33;25;2.51;2.78;2.91;3.17;13:08:16
736;11/17/2023;11/17/2023 2:13 AM;2:19 AM;19.58;VMS_2;5;4.71;4.66;0.00;4.72;1.72;2.12;0.00;2.12;4.17;7.47;0.00;7.94;17;2.25;2.78;0.00;2.78;07:29:47
738;11/17/2023;11/17/2023 10:49 AM;10:58 AM;30.12;VMS_1;5;5.04;5.03;5.13;4.76;4.23;1.06;3.70;5.42;7.72;1.21;5.62;15.56;125;5.56;2.25;5.16;7.01;10:52:03
738;11/17/2023;11/17/2023 7:29 PM;7:34 PM;24.07;VMS_2;5;5.04;5.33;5.25;4.81;3.31;0.79;3.31;4.76;6.42;1.01;3.75;12.90;400;5.16;1.19;4.89;6.22;08:31:23
747;11/17/2023;11/17/2023 7:14 PM;7:23 PM;47.73;VMS_1;5;5.04;4.95;4.94;5.03;3.31;2.25;3.04;2.78;12.99;11.68;11.90;11.16;17;4.50;3.70;3.84;3.57;12:02:04
747;11/17/2023;11/17/2023 7:05 AM;7:12 AM;44.29;VMS_2;5;5.65;5.46;5.81;5.52;3.57;2.51;3.17;3.17;10.93;11.62;11.11;10.63;22;4.63;3.44;4.89;4.37;10:22:41
764;11/17/2023;11/17/2023 11:08 PM;11:15 PM;38.62;VMS_3;5;4.20;4.19;4.28;6.49;2.91;2.91;2.78;1.32;11.90;13.25;10.52;2.95;;3.97;3.84;3.44;2.78;08:10:32
764;11/17/2023;11/17/2023 2:49 PM;2:58 PM;41.54;VMS_3;5;4.29;4.25;4.36;6.13;2.51;2.65;2.51;1.32;12.85;14.97;11.84;1.87;;3.97;3.57;3.84;2.51;08:58:24
764;11/17/2023;11/17/2023 5:44 AM;5:50 AM;27.25;VMS_4;5;4.21;4.22;4.28;5.98;2.65;2.51;2.65;1.06;8.44;9.61;7.54;1.65;;3.70;3.17;3.70;2.38;06:22:45
778;11/17/2023;11/17/2023 7:58 AM;8:06 AM;37.79;VMS_2;5;;4.38;4.41;4.59;;3.97;3.31;2.12;;16.89;8.99;11.90;102;;5.16;4.50;2.91;08:13:22
778;11/17/2023;11/17/2023 2:02 PM;2:09 PM;30.58;VMS_2;5;;4.40;4.51;4.73;;3.97;3.31;2.12;;12.43;9.04;9.11;157;;5.16;4.37;2.91;05:55:52
778;11/17/2023;11/17/2023 8:26 PM;8:33 PM;28.66;VMS_2;5;;4.26;4.32;4.53;;3.57;3.17;2.12;;11.11;8.14;9.41;162;;4.76;4.23;3.04;06:17:33
785;11/17/2023;11/17/2023 9:10 PM;9:18 PM;36.16;VMS_1;5;3.57;3.43;3.60;3.68;1.98;1.98;2.12;2.38;8.05;9.61;9.55;8.95;60;2.78;2.65;3.04;3.70;08:09:20
785;11/17/2023;11/17/2023 12:51 PM;1:01 PM;47.99;VMS_1;5;3.85;3.82;3.79;3.76;1.85;1.85;1.98;2.51;10.10;12.24;12.41;13.25;48;2.78;2.65;2.91;3.57;10:47:35
785;11/17/2023;11/17/2023 1:57 AM;2:03 AM;28.57;VMS_1;5;3.88;3.96;3.88;3.89;2.25;2.12;2.12;2.78;6.46;7.30;7.58;7.23;102;3.31;2.91;2.65;3.57;05:50:35
807;11/17/2023;11/17/2023 8:18 AM;8:27 AM;48.85;VMS_1;5;4.36;4.35;4.42;4.56;2.91;3.17;1.98;2.38;10.54;15.94;13.12;9.26;131;4.50;4.63;2.65;3.70;09:09:54
807;11/17/2023;11/17/2023 5:53 PM;6:03 PM;45.39;VMS_1;5;4.31;4.35;4.27;4.42;3.04;3.31;1.72;2.65;10.16;15.85;11.62;7.76;200;3.97;4.63;2.51;3.44;09:26:16
808;11/17/2023;11/17/2023 5:33 PM;5:44 PM;49.60;VMS_1;5;4.38;4.35;4.34;4.42;1.85;2.65;1.32;2.78;10.71;15.08;7.67;16.14;20;2.91;3.70;1.98;3.84;08:41:01
808;11/17/2023;11/17/2023 8:41 AM;8:52 AM;47.77;VMS_1;5;4.49;4.42;4.42;4.56;1.32;2.65;1.32;2.38;9.46;15.32;7.61;15.39;34;1.98;3.57;2.38;3.57;08:17:45
808;11/17/2023;11/17/2023 12:17 AM;12:24 AM;33.07;VMS_1;5;4.49;4.57;4.41;4.69;2.12;2.78;1.06;2.38;7.34;10.63;4.08;11.02;31;3.17;3.57;1.72;3.31;05:40:53
833;11/17/2023;11/17/2023 9:30 AM;9:40 AM;40.87;VMS_1;4;;4.29;7.01;4.30;;2.78;0.79;2.51;;21.65;1.50;17.73;668;;4.10;1.85;3.57;13:58:49
833;11/17/2023;11/17/2023 7:55 PM;8:03 PM;33.27;VMS_1;4;;4.14;0.00;4.10;;2.91;0.93;2.91;;17.39;1.08;14.79;1425;;3.84;2.38;4.10;10:15:18
837;11/17/2023;11/17/2023 4:50 PM;4:58 PM;43.78;VMS_2;4;4.38;4.33;;4.13;3.57;2.78;;3.97;14.88;12.35;;16.56;11;4.76;3.57;;5.29;10:39:36
837;11/17/2023;11/17/2023 6:04 AM;6:11 AM;42.53;VMS_1;4;4.23;4.22;;4.03;3.44;2.78;;3.97;14.82;11.84;;15.87;5;5.03;3.84;;5.29;12:01:46
842;11/17/2023;11/17/2023 8:35 AM;8:41 AM;43.36;VMS_1;4;;4.28;4.22;4.09;;5.56;3.97;4.50;;15.30;9.50;18.56;168;;6.88;5.16;5.82;09:51:01
842;11/17/2023;11/17/2023 5:46 PM;5:52 PM;39.18;VMS_1;4;;4.28;4.34;4.16;;5.56;4.10;4.63;;13.78;9.24;16.16;162;;7.28;5.42;5.95;09:04:45
855;11/17/2023;11/17/2023 5:06 PM;5:12 PM;15.52;VMS_4;5;4.33;4.28;;4.34;2.38;1.72;;2.12;6.77;3.92;;4.83;;3.17;3.17;;3.57;10:48:05
855;11/17/2023;11/17/2023 6:12 AM;6:18 AM;12.65;VMS_3;5;3.96;4.09;;4.47;2.12;1.32;;1.59;5.56;2.78;;4.32;;3.57;1.98;;2.51;00:00:00
856;11/17/2023;11/17/2023 3:24 PM;3:32 PM;43.08;VMS_1;4;3.98;4.08;4.07;4.29;2.65;3.44;3.31;2.91;10.60;13.07;10.01;9.39;402;3.57;4.76;5.16;4.23;07:38:55
856;11/17/2023;11/17/2023 7:38 AM;7:46 AM;51.76;VMS_1;4;4.36;4.41;4.42;4.70;3.17;3.31;2.78;3.31;12.13;16.47;12.83;10.34;771;4.37;4.37;3.84;4.63;09:33:47
861;11/17/2023;11/17/2023 2:35 AM;2:41 AM;23.77;VMS_2;4;4.37;4.52;0.00;4.45;1.98;2.78;0.00;2.91;5.31;8.82;0.00;9.63;97;2.91;3.57;0.00;3.97;07:20:16
861;11/17/2023;11/17/2023 12:24 PM;12:32 PM;41.40;VMS_1;4;4.25;4.29;4.79;4.36;2.65;3.04;2.65;3.57;6.83;11.62;11.71;11.24;57;3.70;4.37;3.57;4.76;09:43:08
861;11/17/2023;11/17/2023 9:02 PM;9:09 PM;35.83;VMS_1;4;4.10;4.08;4.00;4.16;1.98;2.38;1.72;3.31;6.70;12.21;5.97;10.93;60;2.91;3.44;2.38;4.63;08:30:14
868;11/17/2023;11/17/2023 2:24 PM;2:29 PM;23.90;VMS_1;4;4.25;4.22;4.33;4.16;3.70;3.17;3.31;2.91;6.11;6.19;4.78;6.81;34;4.89;3.97;4.63;4.10;04:16:23
868;11/17/2023;11/17/2023 7:31 PM;7:36 PM;29.12;VMS_1;4;4.24;4.14;4.21;4.23;3.44;2.65;3.17;2.78;7.30;7.89;6.13;7.80;31;4.76;3.70;4.10;3.84;05:01:53
868;11/17/2023;11/17/2023 9:58 AM;10:07 AM;62.83;VMS_1;4;4.57;4.56;4.53;4.64;3.44;2.78;3.04;2.78;15.54;17.33;11.84;18.12;20;4.76;3.97;4.10;3.84;11:18:51
896;11/17/2023;11/17/2023 10:06 PM;10:13 PM;32.47;VMS_2;4;5.06;5.01;4.86;5.18;2.25;1.85;2.12;1.85;6.79;9.63;9.02;7.03;51;3.17;2.51;3.31;2.65;11:54:54
896;11/17/2023;11/17/2023 10:04 AM;10:11 AM;29.01;VMS_2;4;5.18;5.05;5.00;5.26;2.25;2.12;2.25;2.12;5.82;8.38;8.05;6.77;51;3.04;3.04;3.04;3.04;11:27:04
897;11/17/2023;11/17/2023 10:43 AM;10:51 AM;44.29;VMS_2;4;4.72;4.72;4.80;4.80;3.97;2.78;3.57;3.84;8.77;14.02;8.05;13.45;22;5.29;4.37;5.03;5.16;09:07:20
897;11/17/2023;11/17/2023 1:29 AM;1:36 AM;34.55;VMS_2;4;4.72;4.66;4.68;4.78;3.04;2.65;3.04;3.04;5.93;11.49;6.64;10.49;25;4.63;3.84;4.63;4.63;06:42:36
897;11/17/2023;11/17/2023 8:17 PM;8:26 PM;43.67;VMS_2;4;4.92;4.80;4.85;4.93;3.44;2.51;3.04;3.57;7.78;15.15;7.25;13.49;17;4.89;3.70;4.50;4.89;09:26:47
902;11/17/2023;11/17/2023 12:36 AM;12:43 AM;37.43;VMS_3;4;4.90;4.62;;4.07;1.85;2.78;;2.91;8.60;14.13;;14.70;;2.65;3.84;;4.10;07:16:53
902;11/17/2023;11/17/2023 2:28 PM;2:39 PM;49.58;VMS_3;4;5.29;4.51;;4.07;1.98;3.17;;3.17;11.11;18.36;;20.11;;2.78;4.23;;4.10;13:45:15
902;11/17/2023;11/17/2023 11:57 PM;12:07 AM;47.99;VMS_3;4;5.06;4.27;;3.82;1.85;3.04;;3.04;10.08;17.97;;19.95;;3.17;4.10;;4.23;09:18:51
904;11/17/2023;11/17/2023 6:51 PM;7:01 PM;42.02;VMS_2;4;4.64;4.59;4.58;4.60;1.72;1.85;1.72;1.72;8.91;13.80;8.29;11.02;20;2.51;2.65;2.65;2.65;07:33:24
904;11/17/2023;11/17/2023 2:31 AM;2:37 AM;23.59;VMS_1;4;4.09;4.29;4.21;4.16;1.59;2.12;1.59;1.85;5.51;7.52;4.76;5.80;28;2.25;3.04;2.25;2.51;04:08:52
904;11/17/2023;11/17/2023 11:07 AM;11:17 AM;42.77;VMS_2;4;4.52;4.65;4.60;4.73;1.72;1.98;1.98;1.98;9.04;13.62;8.86;11.24;2;2.25;2.78;2.78;3.31;08:29:39
904;11/17/2023;11/17/2023 11:45 PM;11:53 PM;29.63;VMS_1;4;4.24;4.28;4.26;4.17;1.72;1.85;1.85;1.85;6.53;9.46;6.13;7.52;14;2.51;2.78;2.91;2.38;04:44:44
905;11/17/2023;11/17/2023 8:46 AM;8:51 AM;30.84;VMS_2;4;4.71;4.52;4.94;4.93;2.12;4.23;2.38;3.04;3.57;13.82;4.03;9.41;117;3.84;5.95;3.44;4.37;09:46:36
905;11/17/2023;11/17/2023 8:12 PM;8:19 PM;37.74;VMS_1;4;4.64;4.28;4.67;4.70;2.12;3.70;2.91;2.51;4.43;16.71;5.75;10.85;131;3.04;5.69;4.23;4.23;11:20:11
912;11/17/2023;11/17/2023 6:35 PM;6:42 PM;47.25;VMS_2;4;5.31;4.92;4.99;4.95;1.98;3.97;3.70;3.31;6.31;14.55;11.95;14.44;157;3.04;5.29;4.76;4.10;16:48:38
912;11/17/2023;11/17/2023 1:41 AM;1:47 AM;40.65;VMS_1;4;5.02;4.63;4.54;4.63;1.98;4.23;3.70;3.57;5.62;11.13;11.71;12.19;282;2.78;5.69;4.76;5.03;15:11:25
915;11/17/2023;11/17/2023 1:48 AM;1:56 AM;39.99;VMS_1;4;4.75;4.96;4.68;4.90;2.38;3.04;2.65;3.17;8.07;12.99;8.05;10.89;840;3.44;4.23;3.44;4.10;08:59:44
915;11/17/2023;11/17/2023 12:33 PM;12:43 PM;47.02;VMS_1;4;4.85;4.96;4.93;5.30;2.25;3.57;2.91;3.31;8.47;14.44;9.61;14.51;402;3.31;5.03;3.57;4.50;10:36:52
915;11/17/2023;11/17/2023 10:25 PM;10:35 PM;41.16;VMS_1;4;4.71;4.61;4.61;4.77;2.38;3.04;2.91;3.04;8.53;10.08;9.50;13.05;194;3.17;4.23;3.97;3.97;09:41:58
922;11/17/2023;11/17/2023 11:13 PM;11:20 PM;40.28;VMS_1;4;4.17;4.14;4.06;3.97;3.44;3.57;3.04;3.57;9.77;8.69;10.80;11.02;14;4.89;4.76;4.10;4.50;08:56:08
922;11/17/2023;11/17/2023 2:12 PM;2:17 PM;35.85;VMS_2;4;4.32;4.46;4.38;4.26;3.84;3.70;3.17;3.70;8.93;8.33;9.15;9.44;11;5.16;4.89;4.37;4.89;07:53:59
922;11/17/2023;11/17/2023 6:11 AM;6:18 AM;44.91;VMS_1;4;4.16;4.15;4.15;4.03;3.57;3.44;3.44;3.17;10.63;9.83;11.93;12.52;17;5.03;4.89;4.63;4.10;09:50:12
924;11/17/2023;11/17/2023 5:12 AM;5:21 AM;41.34;VMS_1;4;4.29;4.55;4.22;4.22;2.51;2.12;2.78;1.98;13.25;6.90;13.40;7.78;237;3.57;2.78;3.97;2.65;07:00:15
924;11/17/2023;11/17/2023 7:24 PM;7:31 PM;31.20;VMS_1;4;4.51;4.81;4.48;4.43;2.65;1.98;2.91;1.98;11.20;4.61;9.72;5.67;151;3.70;2.78;3.97;2.78;06:04:31
924;11/17/2023;11/17/2023 1:10 PM;1:19 PM;41.76;VMS_1;4;4.18;4.42;4.13;4.16;2.38;2.38;2.91;2.12;13.34;7.23;13.51;7.67;254;3.31;3.31;3.70;3.04;07:49:30
925;11/17/2023;11/17/2023 10:15 AM;10:24 AM;54.43;VMS_1;4;4.50;4.56;4.59;4.70;3.57;2.91;3.70;2.12;11.05;16.91;12.02;14.46;28;4.89;3.84;4.76;2.78;12:59:47
925;11/17/2023;11/17/2023 9:33 PM;9:39 PM;45.35;VMS_1;4;4.24;4.28;4.20;4.23;3.84;3.17;4.37;2.65;8.88;14.55;9.63;12.28;20;5.42;4.10;6.48;3.70;11:08:18
929;11/17/2023;11/17/2023 6:06 AM;6:15 AM;44.89;VMS_2;4;4.38;4.32;4.88;4.45;2.25;1.98;2.65;2.51;13.54;10.67;9.08;11.60;954;3.17;2.91;4.23;3.70;08:26:21
929;11/17/2023;11/17/2023 11:14 PM;11:23 PM;43.10;VMS_2;4;4.46;4.47;4.84;4.52;2.38;2.25;2.78;2.65;12.96;10.65;9.13;10.36;682;3.17;2.91;4.10;3.70;07:50:13
929;11/17/2023;11/17/2023 3:15 PM;3:24 PM;46.08;VMS_2;4;4.45;4.53;4.85;4.60;2.51;1.98;2.91;2.51;13.03;10.69;10.23;12.13;782;3.57;2.91;4.10;3.44;09:00:13
935;11/17/2023;11/17/2023 8:47 PM;8:53 PM;39.79;VMS_1;4;4.11;4.08;;4.09;3.44;2.91;;3.04;13.60;13.71;;12.48;40;4.76;4.10;;3.97;08:37:07
935;11/17/2023;11/17/2023 2:04 AM;2:10 AM;25.24;VMS_1;4;4.35;4.29;;4.30;3.31;2.78;;2.65;8.55;8.58;;8.11;17;4.63;3.70;;3.84;05:14:57
935;11/17/2023;11/17/2023 12:02 PM;12:09 PM;44.38;VMS_2;4;4.58;4.52;;4.54;3.44;3.04;;3.17;15.32;15.10;;13.96;11;5.03;3.84;;4.50;09:52:17
921;11/17/2023;11/17/2023 11:24 PM;11:30 PM;33.00;VMS_2;4;4.60;4.74;4.51;4.72;2.51;2.12;2.65;3.44;7.10;6.17;8.38;11.35;174;3.44;3.17;4.23;4.50;12:25:30
921;11/17/2023;11/17/2023 10:51 AM;10:58 AM;23.72;VMS_2;4;4.38;4.65;4.39;4.47;2.25;1.72;2.78;3.04;5.09;4.43;6.37;7.83;148;3.17;2.91;4.10;4.10;07:48:20
921;11/17/2023;11/17/2023 2:58 AM;3:03 AM;22.91;VMS_1;4;4.22;4.62;4.15;4.36;2.25;1.59;2.51;3.04;5.18;4.23;5.56;7.94;131;3.31;2.38;3.70;4.50;08:33:49
948;11/17/2023;11/17/2023 1:53 PM;2:01 PM;47.38;VMS_2;3;;4.73;4.78;4.73;;3.70;4.23;3.57;;14.42;15.21;17.75;11;;4.63;5.69;4.76;13:51:06
962;11/17/2023;11/17/2023 1:19 AM;1:28 AM;46.87;VMS_1;4;4.89;4.90;5.21;4.90;2.12;2.91;2.38;2.12;9.85;15.17;8.40;13.45;245;3.31;3.97;3.31;2.78;08:16:18
962;11/17/2023;11/17/2023 11:18 AM;11:29 AM;51.17;VMS_2;4;5.05;5.05;5.60;5.13;2.12;2.51;2.38;1.98;10.12;16.64;9.19;15.21;380;2.91;3.31;3.31;3.44;09:49:41
962;11/17/2023;11/17/2023 10:59 PM;11:12 PM;55.98;VMS_2;4;4.93;4.87;5.52;5.05;2.25;2.38;2.38;1.85;11.31;17.22;10.49;16.95;420;2.91;4.10;3.31;2.78;11:30:20
970;11/17/2023;11/17/2023 2:39 AM;2:44 AM;28.04;VMS_4;4;4.08;4.15;4.01;3.91;2.51;3.17;3.17;2.91;6.06;7.65;5.91;8.42;;3.70;4.37;4.63;3.97;06:48:42
970;11/17/2023;11/17/2023 3:08 PM;3:15 PM;49.38;VMS_3;4;4.16;3.98;3.89;3.92;3.17;3.70;3.31;3.31;9.63;13.80;10.89;15.06;;4.63;5.03;4.50;4.23;12:23:12
970;11/17/2023;11/17/2023 11:32 PM;11:38 PM;37.13;VMS_3;4;4.13;4.06;4.08;4.02;2.91;3.31;3.31;2.91;7.56;10.74;7.52;11.31;;4.10;4.23;4.23;4.10;08:16:37
971;11/17/2023;11/17/2023 12:03 AM;12:08 AM;24.87;VMS_3;4;4.84;4.83;4.90;4.80;2.12;3.70;2.91;3.31;4.03;8.42;3.77;8.64;;3.31;5.29;4.37;4.23;05:09:54
971;11/17/2023;11/17/2023 6:40 AM;6:45 AM;32.06;VMS_3;4;4.77;4.63;4.83;4.67;2.38;3.57;2.51;3.44;5.22;11.02;4.83;10.98;;3.57;4.63;4.10;4.50;06:32:15
971;11/17/2023;11/17/2023 7:21 PM;7:29 PM;52.43;VMS_4;4;4.78;4.75;5.01;4.62;2.25;3.44;2.91;3.44;9.06;16.78;8.38;18.21;;3.04;5.69;4.23;4.76;12:35:51
973;11/17/2023;11/17/2023 1:56 PM;2:09 PM;58.51;VMS_4;3;4.66;4.42;4.34;4.32;2.25;2.38;1.72;1.85;14.73;14.64;13.67;15.48;;3.17;3.44;2.65;2.91;19:20:32
975;11/17/2023;11/17/2023 10:44 PM;10:51 PM;25.82;VMS_1;4;3.90;4.01;4.27;3.90;1.72;2.25;2.12;2.12;4.70;8.40;4.96;7.76;894;2.65;3.70;3.31;3.04;04:55:46
975;11/17/2023;11/17/2023 5:38 PM;5:48 PM;51.96;VMS_2;4;4.52;4.66;4.71;4.60;1.59;2.38;2.51;2.25;9.68;16.31;10.63;15.34;262;2.78;3.57;3.70;3.44;10:22:15
975;11/17/2023;11/17/2023 7:09 AM;7:16 AM;42.44;VMS_1;4;4.36;4.34;4.55;4.37;1.98;3.17;2.91;3.17;7.80;12.94;9.13;12.57;14;2.91;4.37;3.97;4.10;07:44:46
978;11/17/2023;11/17/2023 9:34 AM;9:43 AM;37.52;VMS_2;3;4.31;4.38;4.33;4.33;1.46;2.25;2.25;1.98;9.55;9.48;9.04;9.46;20;2.12;3.04;2.91;2.65;09:04:12
978;11/17/2023;11/17/2023 12:22 AM;12:30 AM;32.89;VMS_2;3;4.38;4.45;4.40;4.39;1.46;2.25;2.12;1.98;8.38;8.40;7.50;8.62;28;1.98;3.31;3.04;2.91;07:56:22
978;11/17/2023;11/17/2023 5:07 PM;5:15 PM;30.23;VMS_2;3;4.11;4.26;4.18;4.26;1.59;2.25;2.12;1.85;7.50;7.72;7.10;7.91;31;2.25;3.04;2.91;2.51;07:24:01
981;11/17/2023;11/17/2023 5:58 AM;6:04 AM;40.39;VMS_1;4;4.36;4.28;4.35;4.36;3.97;3.17;3.04;3.31;10.76;10.14;10.30;9.19;25;5.29;3.97;4.23;4.37;07:55:04
981;11/17/2023;11/17/2023 9:25 PM;9:31 PM;37.61;VMS_1;4;4.30;4.15;4.34;4.30;3.57;3.44;2.78;3.04;9.15;9.35;10.21;8.91;28;4.37;4.76;3.97;3.84;07:48:44
981;11/17/2023;11/17/2023 1:30 PM;1:36 PM;35.41;VMS_2;4;4.31;4.19;4.32;4.40;3.57;3.70;2.78;3.17;9.11;9.33;9.04;7.94;11;4.63;4.76;3.84;3.97;07:25:50
986;11/17/2023;11/17/2023 9:16 AM;9:29 AM;65.68;VMS_1;4;4.43;4.55;4.69;4.49;1.85;1.98;1.46;1.98;16.09;17.61;12.87;19.09;22;2.65;3.57;2.12;3.31;13:50:49
986;11/17/2023;11/17/2023 6:19 PM;6:31 PM;57.67;VMS_1;4;4.17;4.28;4.41;4.23;1.46;1.98;1.46;2.12;13.60;15.08;10.96;18.03;22;2.25;2.91;2.25;3.17;08:49:40
1003;11/17/2023;11/17/2023 4:35 PM;4:43 PM;31.44;VMS_1;3;;4.48;4.47;4.42;;2.38;3.31;3.44;;9.26;10.65;11.53;25;;3.70;4.23;4.63;08:09:45
1003;11/17/2023;11/17/2023 12:04 AM;12:10 AM;32.83;VMS_1;3;;4.17;4.21;4.16;;2.51;3.04;3.44;;10.14;11.22;11.46;11;;3.70;3.97;4.37;06:33:02
1003;11/17/2023;11/17/2023 8:18 AM;8:25 AM;40.87;VMS_2;3;;4.45;4.54;4.33;;2.78;3.31;3.44;;13.80;13.60;13.47;5;;4.10;4.63;4.50;08:07:31
1023;11/17/2023;11/17/2023 12:46 PM;12:55 PM;36.97;VMS_2;4;4.51;4.32;4.38;4.41;2.51;2.51;1.85;2.38;8.93;9.30;9.30;9.44;14;3.57;3.84;2.65;3.17;07:04:02
1023;11/17/2023;11/17/2023 5:32 AM;5:42 AM;59.99;VMS_1;4;4.23;4.22;4.22;4.16;2.91;2.78;2.12;2.78;14.84;13.58;15.67;15.90;11;4.37;4.37;2.91;3.84;10:37:42
1039;11/17/2023;11/17/2023 1:10 AM;1:19 AM;44.05;VMS_1;3;4.76;5.23;5.01;4.96;2.38;2.78;1.59;2.78;10.71;10.87;8.58;13.89;57;3.31;4.10;2.65;3.57;10:34:34
1039;11/17/2023;11/17/2023 12:08 PM;12:16 PM;40.83;VMS_1;3;4.64;5.22;4.87;4.76;2.78;2.91;1.72;3.04;9.96;10.87;7.69;12.30;62;4.23;3.97;2.38;4.23;10:49:00
1039;11/17/2023;11/17/2023 9:40 PM;9:48 PM;38.34;VMS_1;3;4.78;5.35;4.94;4.97;2.12;2.51;1.46;2.78;9.35;9.83;7.08;12.08;40;3.04;3.57;2.12;3.84;09:24:26
1040;11/17/2023;11/17/2023 5:25 PM;5:38 PM;55.12;VMS_2;3;4.92;4.66;4.71;4.67;1.98;2.12;2.65;2.78;9.15;16.84;10.12;19.00;154;2.65;2.91;3.84;3.57;09:47:28
1040;11/17/2023;11/17/2023 7:29 AM;7:38 AM;47.80;VMS_1;3;4.56;4.34;4.48;4.30;2.38;2.51;1.98;3.57;7.80;15.45;7.76;16.78;251;3.31;3.84;3.31;4.63;07:54:43
1057;11/17/2023;11/17/2023 1:01 AM;1:14 AM;55.23;VMS_2;4;4.38;4.32;4.27;4.31;1.98;1.98;2.51;2.12;9.77;12.21;17.79;15.45;11;2.65;2.78;3.57;3.17;11:26:07
1057;11/17/2023;11/17/2023 2:00 PM;2:15 PM;59.68;VMS_1;4;4.18;4.42;4.20;4.29;1.98;2.25;2.51;2.12;11.24;13.49;19.05;15.90;22;2.78;3.57;3.44;3.04;12:46:37
1058;11/17/2023;11/17/2023 12:07 AM;12:13 AM;35.10;VMS_2;2;4.24;4.25;4.20;4.25;2.12;2.38;1.98;2.38;7.61;9.19;8.55;9.74;180;2.91;3.44;2.91;3.31;09:51:35
1058;11/17/2023;11/17/2023 9:27 AM;9:34 AM;35.83;VMS_2;2;4.45;4.38;4.33;4.33;2.12;2.51;2.25;2.51;7.61;9.52;8.88;9.81;111;2.91;3.31;3.31;3.44;09:14:06
1058;11/17/2023;11/17/2023 9:02 PM;9:09 PM;43.30;VMS_2;2;4.45;4.40;4.32;4.32;1.98;2.38;2.12;2.38;9.37;11.46;10.54;11.93;88;2.91;3.44;3.04;3.17;11:28:00
1061;11/17/2023;11/17/2023 12:10 PM;12:20 PM;38.87;VMS_2;3;4.71;;4.66;4.54;2.65;;3.57;3.17;10.63;;12.28;15.96;20;3.97;;5.56;4.23;11:01:04
1061;11/17/2023;11/17/2023 1:01 AM;1:09 AM;44.69;VMS_1;3;4.62;;4.54;4.49;2.78;;3.17;2.91;12.39;;13.89;18.41;22;4.10;;4.23;3.70;11:43:04
1061;11/17/2023;11/17/2023 11:36 PM;11:45 PM;43.28;VMS_1;3;4.51;;4.40;4.44;2.65;;3.70;2.78;11.88;;14.00;17.39;20;3.97;;4.89;3.57;11:16:38
1067;11/17/2023;11/17/2023 7:07 PM;7:12 PM;26.48;VMS_3;3;4.68;4.55;4.76;4.64;2.78;3.04;2.91;2.91;6.06;7.96;5.82;6.64;;3.84;3.97;3.70;3.70;08:31:48
1067;11/17/2023;11/17/2023 10:29 AM;10:35 AM;35.96;VMS_4;3;5.01;4.97;5.02;4.69;2.78;2.78;2.91;3.04;8.25;10.71;7.67;9.33;;3.84;3.84;3.84;4.10;10:49:26
1074;11/17/2023;11/17/2023 7:13 AM;7:19 AM;40.12;VMS_2;3;4.78;4.65;4.87;4.72;3.57;3.57;3.44;3.17;8.47;13.05;6.61;11.99;20;4.76;4.50;5.03;4.37;07:31:41
1074;11/17/2023;11/17/2023 2:56 PM;3:03 PM;36.16;VMS_2;3;4.65;4.66;4.52;4.60;3.17;3.04;2.78;2.91;6.72;11.44;5.36;12.63;17;4.37;3.84;3.97;3.70;07:36:13
1081;11/17/2023;11/17/2023 7:15 PM;7:21 PM;35.63;VMS_2;3;4.51;4.46;4.45;4.47;2.91;2.38;2.65;3.17;7.91;9.85;8.97;8.88;288;3.97;3.31;3.70;3.97;07:32:30
1081;11/17/2023;11/17/2023 11:33 AM;11:43 AM;54.26;VMS_2;3;4.99;4.79;4.73;4.80;2.78;2.25;3.04;2.78;12.17;14.07;14.24;13.78;237;4.10;3.04;4.10;4.10;10:45:04
1081;11/17/2023;11/17/2023 12:42 AM;12:48 AM;37.13;VMS_1;3;4.69;4.43;4.41;4.49;2.91;2.38;3.17;3.17;8.40;9.74;9.63;9.35;182;3.97;3.04;4.10;4.10;07:24:15
1084;11/17/2023;11/17/2023 3:55 AM;4:00 AM;34.48;VMS_1;3;4.36;4.22;4.21;4.29;3.04;2.65;2.51;2.78;7.78;9.72;7.36;9.61;22;3.97;3.97;3.17;3.70;07:19:07
1084;11/17/2023;11/17/2023 3:04 PM;3:15 PM;53.04;VMS_2;3;4.58;4.53;4.52;4.53;2.91;2.51;2.25;2.65;12.08;14.82;10.98;15.17;5;3.97;3.44;3.31;3.44;11:03:24
1089;11/17/2023;11/17/2023 1:46 PM;1:52 PM;43.23;VMS_2;3;4.45;4.39;4.51;4.53;3.70;3.44;3.97;3.70;9.55;10.87;10.54;12.28;11;5.29;4.89;5.82;4.63;07:56:25
1089;11/17/2023;11/17/2023 10:27 PM;10:34 PM;40.65;VMS_2;3;4.52;4.53;4.59;4.57;3.17;2.91;3.17;2.91;8.91;10.71;9.66;11.38;8;4.10;3.84;4.37;3.84;08:35:22
1089;11/17/2023;11/17/2023 5:43 AM;5:49 AM;57.65;VMS_1;3;4.56;4.62;4.69;4.63;3.57;3.31;3.70;3.44;13.21;14.57;14.02;15.85;17;5.16;4.89;4.63;4.63;11:48:26
1091;11/17/2023;11/17/2023 9:08 AM;9:16 AM;51.76;VMS_2;3;4.78;4.85;4.93;4.86;2.25;2.51;2.38;3.17;10.87;14.40;9.19;17.31;74;3.31;3.17;3.70;4.10;11:28:16
1091;11/17/2023;11/17/2023 7:55 PM;8:03 PM;45.70;VMS_2;3;4.52;4.59;4.52;4.46;2.25;2.51;2.12;2.78;9.79;12.21;8.44;15.26;137;3.17;3.31;3.44;3.70;10:39:07
1092;11/17/2023;11/17/2023 8:28 PM;8:35 PM;52.93;VMS_1;3;4.44;4.28;4.34;4.36;2.91;2.91;3.17;3.17;11.88;14.59;13.29;13.16;31;3.97;3.97;4.76;4.23;13:41:27
1092;11/17/2023;11/17/2023 6:41 AM;6:46 AM;37.52;VMS_1;3;4.36;4.29;4.35;4.36;3.04;3.04;3.17;2.91;8.29;10.32;9.81;9.11;20;4.10;4.63;4.10;3.84;08:52:09
1098;11/17/2023;11/17/2023 11:56 AM;12:05 PM;47.95;VMS_1;3;5.31;5.29;4.87;5.16;2.65;2.25;3.70;2.25;8.44;12.50;14.51;12.50;97;3.57;3.04;4.89;3.04;09:10:52
1098;11/17/2023;11/17/2023 2:39 AM;2:45 AM;38.74;VMS_1;3;5.29;5.23;4.95;5.10;2.38;2.25;3.44;2.78;6.19;9.90;12.54;10.10;334;3.17;3.31;4.50;3.84;07:30:26
1098;11/17/2023;11/17/2023 8:04 PM;8:11 PM;44.20;VMS_1;3;5.05;5.14;4.88;5.10;2.65;2.65;3.17;2.65;7.45;11.77;13.98;11.00;217;3.57;3.97;4.10;3.57;07:58:55
1100;11/17/2023;11/17/2023 3:04 PM;3:11 PM;31.26;VMS_1;3;4.85;4.82;4.80;4.83;2.12;3.04;2.25;3.31;6.15;9.59;6.37;9.15;142;3.17;4.76;3.44;4.50;07:28:54
1100;11/17/2023;11/17/2023 7:29 AM;7:36 AM;43.63;VMS_2;3;5.32;5.11;5.28;5.20;2.12;3.04;2.25;2.78;8.58;13.96;8.93;12.17;25;3.17;4.37;3.57;3.97;10:13:40
1100;11/17/2023;11/17/2023 11:50 PM;11:56 PM;33.22;VMS_2;3;5.07;5.07;5.05;5.05;2.25;2.78;1.98;2.78;6.66;10.01;7.01;9.55;20;3.31;3.84;3.31;3.97;08:39:38
1101;11/17/2023;11/17/2023 10:32 AM;10:42 AM;41.98;VMS_2;3;4.78;4.72;4.93;;3.04;3.31;2.38;;12.08;12.17;17.73;;54;4.37;4.37;3.70;;08:35:43
1101;11/17/2023;11/17/2023 1:51 AM;1:56 AM;18.70;VMS_2;3;4.71;4.72;0.00;;3.44;3.44;0.00;;9.41;9.28;0.00;;128;4.63;4.63;0.00;;06:58:21
1101;11/17/2023;11/17/2023 7:02 PM;7:09 PM;37.79;VMS_2;3;4.71;4.66;4.52;;3.04;3.57;2.91;;11.88;12.02;13.89;;94;4.37;4.76;4.10;;08:19:29
1102;11/17/2023;11/17/2023 12:14 AM;12:19 AM;30.45;VMS_2;3;4.31;4.19;4.34;4.25;3.31;2.51;3.04;2.65;8.58;7.25;6.72;7.89;51;4.50;3.44;4.89;3.97;07:19:38
1102;11/17/2023;11/17/2023 11:45 AM;11:52 AM;50.11;VMS_2;3;4.52;4.45;4.66;4.33;3.17;2.91;3.44;2.78;14.15;12.52;10.85;12.59;20;4.37;3.70;4.76;3.57;11:25:47
1102;11/17/2023;11/17/2023 8:34 PM;8:39 PM;37.10;VMS_2;3;4.31;4.33;4.38;4.19;3.17;2.78;3.04;2.65;10.38;8.93;8.22;9.57;22;3.97;3.57;4.10;3.70;08:41:06
1116;11/17/2023;11/17/2023 1:45 AM;1:53 AM;51.68;VMS_4;3;4.55;4.48;4.55;4.51;2.51;2.91;2.51;2.91;9.68;15.94;11.44;14.62;;3.70;3.97;3.57;4.50;11:16:11
1116;11/17/2023;11/17/2023 11:04 PM;11:10 PM;44.05;VMS_4;3;4.25;4.20;4.21;4.14;2.51;3.04;2.65;2.78;8.44;13.67;9.79;12.15;;3.57;4.10;3.57;3.97;08:36:39
1116;11/17/2023;11/17/2023 2:17 PM;2:27 PM;54.85;VMS_4;3;4.40;4.36;4.48;4.32;2.51;3.17;2.78;2.91;10.19;16.80;12.68;15.19;;3.44;4.10;3.70;3.84;12:23:57
1126;11/17/2023;11/17/2023 9:57 PM;10:08 PM;58.49;VMS_1;3;4.11;4.01;4.07;4.03;2.51;1.72;1.85;1.98;15.79;14.86;12.39;15.45;11;3.31;2.65;2.51;2.91;18:59:25
1126;11/17/2023;11/17/2023 2:47 AM;2:57 AM;44.71;VMS_1;3;3.89;4.02;4.01;3.96;2.38;1.59;1.85;1.85;11.55;12.32;9.46;11.38;54;3.17;2.25;2.65;2.51;12:48:13
1127;11/17/2023;11/17/2023 2:46 PM;2:55 PM;46.43;VMS_2;3;4.38;4.33;4.31;4.46;2.12;2.78;2.38;3.04;11.79;13.05;12.37;9.22;25;3.17;4.10;3.70;4.10;08:07:12
1127;11/17/2023;11/17/2023 6:31 AM;6:39 AM;44.40;VMS_2;3;4.58;4.45;4.54;4.46;2.12;3.17;2.78;2.91;10.93;12.54;12.30;8.62;17;3.17;4.50;4.63;4.23;07:13:37
1127;11/17/2023;11/17/2023 11:32 PM;11:41 PM;49.74;VMS_2;3;4.39;4.34;4.37;4.31;2.25;2.65;2.91;2.78;13.10;13.32;13.54;9.79;11;3.04;3.70;4.37;3.97;08:36:48
1133;11/17/2023;11/17/2023 8:00 PM;8:06 PM;43.39;VMS_4;3;4.18;4.21;4.14;4.22;3.57;3.17;3.57;3.57;9.83;11.13;11.46;10.96;;4.63;4.37;5.16;4.89;11:06:53
1133;11/17/2023;11/17/2023 12:19 AM;12:23 AM;24.80;VMS_3;3;4.17;4.16;4.16;4.13;3.44;3.44;3.70;3.57;4.98;7.01;6.68;6.13;;4.50;5.03;5.16;4.76;05:20:02
1133;11/17/2023;11/17/2023 8:48 AM;8:53 AM;36.80;VMS_4;3;4.28;4.36;4.22;4.16;3.97;3.17;3.57;3.57;8.16;9.30;9.90;9.44;;5.29;4.10;4.89;4.63;08:25:08
1139;11/17/2023;11/17/2023 12:49 AM;1:00 AM;43.34;VMS_1;3;4.35;4.56;4.48;4.36;1.32;2.12;1.98;1.98;9.70;12.08;8.33;13.23;45;2.12;3.04;3.17;3.31;07:41:15
1139;11/17/2023;11/17/2023 11:41 AM;11:55 AM;54.34;VMS_1;3;4.44;4.56;4.53;4.43;1.19;1.98;1.72;1.85;11.71;15.10;10.91;16.62;17;2.12;3.17;2.65;2.78;10:40:44
1139;11/17/2023;11/17/2023 7:02 PM;7:14 PM;42.70;VMS_1;3;4.24;4.34;4.41;4.36;1.32;1.85;1.72;1.72;10.10;12.02;8.09;12.50;22;1.98;2.78;2.38;2.91;07:07:02
1140;11/17/2023;11/17/2023 12:11 AM;12:16 AM;28.00;VMS_1;3;4.42;4.50;4.28;4.36;2.78;3.31;2.91;2.78;5.97;7.80;6.02;8.20;25;3.44;4.50;3.70;3.70;05:42:40
1140;11/17/2023;11/17/2023 7:23 AM;7:28 AM;30.80;VMS_1;3;4.36;4.34;4.28;4.30;2.65;3.70;3.04;2.91;6.53;8.38;6.59;9.30;57;3.31;5.03;4.37;3.97;07:06:37
1140;11/17/2023;11/17/2023 6:43 PM;6:50 PM;45.44;VMS_1;3;4.37;4.28;4.14;4.29;2.51;3.44;3.17;2.91;9.72;12.41;9.83;13.47;57;3.31;4.76;4.23;3.97;11:14:33
1142;11/17/2023;11/17/2023 8:03 PM;8:11 PM;42.68;VMS_2;3;4.58;;4.52;4.53;3.17;;2.78;2.65;15.06;;14.26;13.36;34;4.37;;3.97;3.44;10:11:36
1142;11/17/2023;11/17/2023 9:44 AM;9:52 AM;44.18;VMS_2;3;4.45;;4.40;4.46;2.78;;3.04;2.51;15.10;;15.67;13.40;37;3.70;;4.10;3.57;08:22:29
1142;11/17/2023;11/17/2023 1:14 AM;1:22 AM;41.76;VMS_2;3;4.51;;4.47;4.45;2.78;;2.91;2.51;14.48;;14.73;12.54;42;4.10;;4.63;3.84;08:31:40
1144;11/17/2023;11/17/2023 3:04 AM;3:10 AM;25.38;VMS_1;3;4.42;4.35;4.35;4.30;2.91;2.78;3.04;3.04;4.78;8.09;4.59;7.91;151;4.23;3.84;4.63;4.10;04:51:45
1144;11/17/2023;11/17/2023 10:35 PM;10:43 PM;49.65;VMS_1;3;4.44;4.28;4.40;4.30;3.44;2.91;3.31;3.31;9.52;15.65;9.61;14.86;111;5.03;4.10;4.63;4.76;09:25:28
1144;11/17/2023;11/17/2023 1:02 PM;1:10 PM;50.57;VMS_1;3;4.38;4.15;4.19;4.09;3.70;3.17;3.70;3.70;9.55;16.29;9.46;15.28;42;5.16;4.37;5.03;5.16;09:52:04
1145;11/17/2023;11/17/2023 6:00 PM;6:13 PM;56.09;VMS_2;3;4.65;4.65;4.65;4.67;1.98;1.59;2.25;1.59;12.02;15.21;14.53;14.33;11;2.91;3.04;3.70;2.25;10:03:05
1145;11/17/2023;11/17/2023 7:45 AM;7:57 AM;60.58;VMS_2;3;4.92;5.05;4.94;4.99;1.98;1.72;2.38;1.72;12.92;17.02;15.28;15.37;8;3.17;2.51;3.44;2.78;11:08:51
1148;11/17/2023;11/17/2023 2:21 AM;2:27 AM;31.77;VMS_2;3;4.71;4.92;0.00;4.92;3.44;3.97;0.00;2.25;11.20;13.25;0.00;7.32;345;5.16;5.16;0.00;3.57;07:21:30
1148;11/17/2023;11/17/2023 8:52 AM;9:00 AM;29.23;VMS_2;3;4.92;5.19;5.00;5.19;1.59;1.72;2.78;0.79;6.02;7.94;11.35;3.92;294;2.78;2.91;4.23;1.46;06:25:13
1148;11/17/2023;11/17/2023 4:32 PM;4:40 PM;36.62;VMS_2;3;4.65;5.27;4.58;5.07;3.44;3.70;3.31;2.38;9.88;9.22;10.69;6.83;600;4.76;5.16;4.76;3.57;07:32:32
1151;11/17/2023;11/17/2023 2:55 PM;3:01 PM;40.74;VMS_1;3;4.51;4.55;4.47;4.62;4.50;3.84;4.23;4.37;9.19;8.88;9.99;12.68;1088;5.69;5.82;5.95;7.01;07:33:06
1151;11/17/2023;11/17/2023 10:14 PM;10:19 PM;36.71;VMS_2;3;4.52;4.67;4.59;4.71;3.97;3.84;3.97;3.84;7.63;10.49;7.72;10.87;894;5.42;5.56;5.56;5.16;07:12:31
1151;11/17/2023;11/17/2023 7:17 AM;7:22 AM;48.24;VMS_1;3;4.56;4.41;4.49;4.63;4.10;4.23;4.23;4.37;12.06;13.51;10.01;12.65;500;6.35;5.69;5.56;6.35;10:21:05
1153;11/17/2023;11/17/2023 9:07 AM;9:14 AM;51.99;VMS_1;3;4.96;5.02;4.76;5.02;3.44;4.37;3.70;4.37;11.20;13.87;14.20;12.72;40;4.63;5.82;5.16;5.69;07:26:39
1153;11/17/2023;11/17/2023 1:34 AM;1:41 AM;19.27;VMS_1;3;5.03;5.16;4.94;4.97;1.59;1.72;1.85;1.72;3.77;5.31;5.09;5.09;20;2.65;2.91;3.31;3.70;06:02:32
1153;11/17/2023;11/17/2023 2:30 PM;2:36 PM;36.84;VMS_1;3;4.58;4.55;4.33;4.56;3.70;4.23;3.70;3.97;8.29;9.41;10.36;8.77;28;5.16;5.82;4.89;5.69;05:16:22
1153;11/17/2023;11/17/2023 9:19 PM;9:25 PM;41.47;VMS_1;3;4.51;4.55;4.54;4.50;3.44;4.10;3.44;4.10;9.22;11.05;10.96;10.25;31;4.76;5.69;4.63;5.42;06:42:51
1159;11/17/2023;11/17/2023 5:16 PM;5:25 PM;36.31;VMS_2;3;4.65;5.06;4.71;4.60;2.12;1.85;2.65;2.38;11.42;6.64;10.08;8.18;782;3.44;2.51;3.84;3.04;10:45:49
1159;11/17/2023;11/17/2023 6:22 AM;6:30 AM;39.95;VMS_2;3;4.72;5.45;4.87;4.72;2.12;1.98;2.51;2.25;11.55;7.83;11.51;9.06;900;3.04;2.78;4.23;2.91;12:22:06
1160;11/17/2023;11/17/2023 7:13 PM;7:19 PM;37.79;VMS_3;3;4.41;3.95;4.15;4.11;2.65;3.17;2.78;2.91;8.49;10.41;9.35;9.55;;3.57;4.10;3.84;4.10;08:22:31
1160;11/17/2023;11/17/2023 1:39 AM;1:44 AM;26.68;VMS_3;3;4.30;4.09;4.23;4.14;2.65;3.44;3.04;2.91;6.06;7.45;6.53;6.64;;3.97;4.37;3.97;3.44;05:59:36
1160;11/17/2023;11/17/2023 10:43 AM;10:50 AM;38.74;VMS_4;3;4.61;4.23;4.29;4.10;2.38;3.17;2.91;3.04;9.22;9.59;9.77;10.16;;3.44;4.10;4.10;4.50;08:59:37
1163;11/17/2023;11/17/2023 4:46 PM;4:57 PM;43.03;VMS_1;3;0.00;4.08;4.00;4.02;0.66;1.98;1.46;1.72;1.12;16.40;11.40;14.11;11;2.12;3.04;2.38;2.65;08:07:34
1163;11/17/2023;11/17/2023 8:26 AM;8:38 AM;48.46;VMS_2;3;0.00;4.51;4.54;4.46;0.66;1.98;1.59;1.85;0.86;18.50;12.63;16.47;14;2.25;2.78;2.38;2.78;10:02:16
1164;11/17/2023;11/17/2023 8:58 AM;9:06 AM;57.56;VMS_1;3;4.36;4.42;4.22;4.36;3.84;3.04;4.23;3.70;12.63;15.65;14.70;14.57;40;4.89;3.97;5.42;5.03;10:07:28
1164;11/17/2023;11/17/2023 3:14 PM;3:20 PM;39.09;VMS_1;3;4.11;4.08;4.07;4.09;4.37;3.17;3.97;3.97;9.17;10.43;9.96;9.52;31;6.08;4.76;5.69;5.16;06:08:43
1164;11/17/2023;11/17/2023 11:55 PM;12:02 AM;50.18;VMS_1;3;4.10;4.14;3.93;4.10;3.70;2.91;4.23;3.70;11.33;13.91;12.15;12.79;17;4.89;3.84;6.61;4.63;08:34:22
1168;11/17/2023;11/17/2023 8:49 PM;9:01 PM;52.78;VMS_2;3;4.78;4.80;4.72;5.05;1.46;1.72;1.32;1.98;13.12;15.67;11.42;12.57;148;2.12;2.38;1.98;2.78;09:24:13
1168;11/17/2023;11/17/2023 11:11 AM;11:25 AM;54.78;VMS_1;3;4.57;4.69;4.46;4.76;1.46;1.72;1.46;1.98;13.60;15.28;13.21;12.70;220;2.51;2.65;2.38;3.04;08:42:29
1168;11/17/2023;11/17/2023 2:19 AM;2:29 AM;38.23;VMS_1;3;4.56;4.76;4.48;4.77;1.46;1.72;1.32;2.12;9.35;10.89;8.62;9.37;262;1.98;2.38;1.98;2.91;06:04:03
1170;11/17/2023;11/17/2023 6:15 AM;6:22 AM;38.12;VMS_2;3;4.51;4.65;4.81;4.38;3.04;3.17;3.70;3.44;5.89;9.41;10.05;12.76;182;4.10;4.23;5.03;4.23;12:51:45
1170;11/17/2023;11/17/2023 4:59 PM;5:07 PM;32.54;VMS_2;3;4.45;4.33;4.51;4.33;2.91;3.31;3.70;3.17;5.73;7.45;8.07;11.29;160;3.97;4.63;4.89;3.97;10:36:59
1171;11/17/2023;11/17/2023 3:23 AM;3:28 AM;31.83;VMS_1;2;4.56;4.55;4.55;4.63;3.31;3.97;3.57;3.97;8.62;8.42;8.22;6.57;25;4.10;5.56;4.50;4.89;08:46:08
1171;11/17/2023;11/17/2023 5:07 PM;5:16 PM;52.69;VMS_1;2;4.78;4.75;4.74;4.76;3.17;4.10;3.57;4.10;13.91;13.76;13.69;11.33;131;3.97;5.42;4.63;5.16;13:38:18
1172;11/17/2023;11/17/2023 9:50 AM;9:58 AM;58.80;VMS_1;3;4.44;4.29;4.39;4.23;2.51;3.44;2.38;3.84;13.16;16.09;13.34;16.20;14;3.97;4.63;3.70;5.29;12:27:48
1172;11/17/2023;11/17/2023 8:54 PM;9:01 PM;50.82;VMS_1;3;4.31;4.15;4.20;4.10;2.78;3.31;2.91;3.84;11.86;14.51;11.97;12.48;8;3.70;4.50;4.10;5.03;10:56:41
1173;11/17/2023;11/17/2023 5:47 PM;5:59 PM;47.84;VMS_3;3;4.23;4.20;4.36;4.30;2.12;1.85;1.85;1.85;12.46;12.35;10.25;12.79;;2.91;3.04;2.65;2.91;11:30:58
1173;11/17/2023;11/17/2023 6:09 AM;6:16 AM;28.92;VMS_4;3;4.15;4.15;4.21;4.17;1.72;1.59;1.72;1.85;7.69;6.99;6.22;8.02;;2.65;2.38;2.65;3.17;06:41:26
1173;11/17/2023;11/17/2023 11:48 PM;11:55 PM;26.52;VMS_4;3;4.05;4.14;4.15;4.21;1.85;1.46;1.59;1.59;6.94;6.59;5.58;7.41;;2.78;2.38;2.65;2.91;05:48:40
1177;11/17/2023;11/17/2023 5:18 PM;5:32 PM;69.49;VMS_1;3;4.31;4.15;4.21;;2.38;3.17;1.98;;21.21;26.28;22.00;;14;3.44;4.37;2.78;;17:42:19
1178;11/17/2023;11/17/2023 7:41 PM;7:48 PM;44.16;VMS_2;3;4.25;4.33;4.25;5.20;3.04;3.31;1.98;2.12;11.75;13.67;9.46;9.28;411;3.97;4.50;2.78;3.04;09:07:31
1178;11/17/2023;11/17/2023 10:25 AM;10:33 AM;44.25;VMS_1;3;4.10;4.16;4.13;4.76;3.57;3.44;1.85;2.25;12.92;12.48;10.16;8.69;345;5.03;4.23;3.04;3.17;09:43:16
1178;11/17/2023;11/17/2023 12:33 AM;12:41 AM;33.97;VMS_2;3;4.25;4.32;4.21;4.98;2.78;2.65;1.59;1.72;9.08;10.01;7.58;7.30;1194;4.10;3.44;2.38;2.78;07:17:05
1184;11/17/2023;11/17/2023 6:25 AM;6:31 AM;40.76;VMS_3;3;4.16;4.16;4.36;4.07;4.89;4.37;3.44;4.23;8.27;13.03;8.73;10.74;;6.61;5.56;4.63;5.82;12:33:53
1184;11/17/2023;11/17/2023 5:24 PM;5:32 PM;36.75;VMS_4;3;4.13;4.22;4.34;4.00;4.50;3.84;3.31;3.84;7.89;11.00;7.72;10.14;;6.48;5.16;4.37;5.29;10:53:25
1192;11/17/2023;11/17/2023 1:51 PM;1:57 PM;30.89;VMS_1;2;4.58;4.56;4.53;4.36;2.38;2.78;2.25;3.31;7.28;6.88;6.24;10.49;5;3.44;3.70;3.04;4.23;07:53:25
1192;11/17/2023;11/17/2023 10:45 PM;10:52 PM;34.57;VMS_2;2;4.59;4.67;4.66;4.44;1.98;2.78;2.25;3.31;7.69;8.64;6.48;11.75;5;2.91;3.57;3.17;4.37;08:47:25
1192;11/17/2023;11/17/2023 5:50 AM;5:57 AM;34.02;VMS_1;2;4.56;4.55;4.55;4.43;2.12;2.78;2.12;3.44;7.87;7.80;6.44;11.90;14;2.91;3.97;3.04;4.89;08:47:37
1197;11/17/2023;11/17/2023 9:08 PM;9:17 PM;56.68;VMS_3;3;5.27;5.03;5.08;5.18;2.91;2.51;2.91;1.98;13.03;15.76;13.98;13.91;;3.70;3.70;4.23;2.91;11:45:37
1197;11/17/2023;11/17/2023 9:14 AM;9:23 AM;49.49;VMS_3;3;5.23;5.11;5.02;5.07;2.78;2.25;2.51;1.98;12.10;14.55;11.27;11.57;;3.70;3.31;3.97;2.78;08:56:48
1197;11/17/2023;11/17/2023 12:08 AM;12:17 AM;46.76;VMS_3;3;5.11;5.09;4.97;5.00;2.91;2.25;2.78;1.98;10.69;13.65;11.20;11.22;;3.97;3.44;4.23;2.65;08:33:12
1198;11/17/2023;11/17/2023 7:22 PM;7:28 PM;24.87;VMS_2;2;4.11;4.06;4.05;4.07;3.44;3.84;2.25;3.44;4.32;7.67;5.16;7.72;60;4.76;5.03;2.91;4.63;07:20:43
1198;11/17/2023;11/17/2023 11:54 AM;12:01 PM;39.00;VMS_2;2;4.31;4.18;4.19;4.13;3.57;3.84;2.25;3.70;6.83;12.59;7.52;12.06;45;4.63;5.03;3.17;4.76;12:04:31
1200;11/17/2023;11/17/2023 4:11 PM;4:18 PM;29.19;VMS_2;2;4.31;4.33;4.24;4.40;2.91;1.85;2.51;1.85;8.16;5.86;8.00;7.17;20;3.97;2.38;3.57;2.38;09:24:41
1200;11/17/2023;11/17/2023 6:39 AM;6:47 AM;34.17;VMS_2;2;4.38;4.45;4.41;4.52;3.31;1.72;2.25;1.98;9.06;6.61;9.61;8.88;20;4.10;2.51;3.31;2.91;10:44:09
1207;11/17/2023;11/17/2023 4:03 AM;4:13 AM;37.19;VMS_1;2;4.76;4.76;4.69;5.16;3.04;2.65;2.12;2.12;9.90;9.59;13.82;3.88;554;4.37;3.97;2.78;2.91;11:45:00
1207;11/17/2023;11/17/2023 1:18 PM;1:29 PM;32.47;VMS_2;2;4.92;5.00;4.92;5.80;2.65;2.51;2.38;1.98;8.49;9.13;11.11;3.75;425;4.23;3.44;3.31;2.78;09:04:46
1207;11/17/2023;11/17/2023 9:37 PM;9:45 PM;26.54;VMS_2;2;4.99;4.94;4.79;5.98;2.12;2.12;1.72;1.85;6.81;7.25;9.19;3.28;405;3.04;2.91;2.65;2.65;08:08:26
1212;11/17/2023;11/17/2023 2:35 PM;2:42 PM;46.03;VMS_2;2;;4.13;4.31;3.93;;3.97;3.84;4.23;;17.86;10.69;17.48;177;;5.03;5.16;5.16;12:52:58
1212;11/17/2023;11/17/2023 1:36 AM;1:42 AM;30.75;VMS_2;2;;4.05;3.41;3.91;;4.10;2.25;3.97;;15.08;0.49;15.19;22;;5.29;3.17;5.03;11:49:48
1219;11/17/2023;11/17/2023 7:20 AM;7:27 AM;38.54;VMS_2;2;4.58;5.31;4.54;4.59;3.57;1.72;3.04;2.38;11.40;5.22;10.65;11.27;268;4.76;2.38;3.97;3.17;10:35:01
1219;11/17/2023;11/17/2023 5:49 PM;5:59 PM;36.42;VMS_2;2;4.65;5.26;4.45;4.54;3.31;1.59;3.17;2.25;11.09;5.29;10.25;9.79;271;4.37;2.38;4.89;3.17;10:21:23
1223;11/17/2023;11/17/2023 4:26 PM;4:32 PM;21.63;VMS_4;2;3.99;4.16;4.21;3.99;1.85;2.78;2.25;2.25;4.34;6.88;5.11;5.29;;3.04;4.23;3.31;3.44;05:12:51
1223;11/17/2023;11/17/2023 9:56 PM;10:01 PM;22.80;VMS_4;2;4.12;4.14;4.22;4.14;2.25;2.91;2.78;2.51;4.83;7.41;5.25;5.31;;4.23;4.37;4.10;3.97;05:23:53
1223;11/17/2023;11/17/2023 5:07 AM;5:12 AM;31.15;VMS_4;2;4.21;4.14;4.21;4.12;3.44;3.44;3.17;3.04;6.39;9.68;7.65;7.43;;4.76;4.89;4.63;4.37;07:13:48
1223;11/17/2023;11/17/2023 11:07 AM;11:13 AM;21.65;VMS_4;2;4.14;4.10;4.22;3.96;2.91;3.17;3.04;3.04;4.63;6.64;5.20;5.18;;4.23;4.37;4.37;4.37;05:54:42
1231;11/17/2023;11/17/2023 1:43 PM;1:50 PM;39.02;VMS_1;2;4.52;4.42;4.60;4.42;3.17;2.65;2.91;2.91;9.52;9.83;10.56;9.11;14;4.23;3.57;3.97;4.10;07:12:06
1231;11/17/2023;11/17/2023 9:58 PM;10:05 PM;46.41;VMS_2;2;4.72;4.87;4.99;4.91;3.31;2.78;3.04;2.51;11.49;11.71;12.02;11.20;8;4.10;3.57;4.10;3.44;08:07:55
1231;11/17/2023;11/17/2023 6:26 AM;6:31 AM;39.60;VMS_1;2;4.50;4.62;4.68;4.63;3.44;2.91;3.57;2.91;10.03;9.72;10.56;9.28;20;4.50;3.97;4.76;3.84;07:01:22
1232;11/17/2023;11/17/2023 8:08 AM;8:17 AM;47.22;VMS_1;2;4.36;4.35;4.35;4.29;2.38;3.17;2.12;2.25;10.69;12.48;11.68;12.37;34;3.31;3.97;2.78;2.91;14:30:49
1232;11/17/2023;11/17/2023 6:51 PM;7:01 PM;36.75;VMS_1;2;4.24;4.14;4.34;4.23;1.19;2.78;1.98;1.59;8.16;10.36;9.04;9.19;20;2.12;3.70;2.65;2.25;10:34:00
1233;11/17/2023;11/17/2023 1:20 PM;1:29 PM;45.53;VMS_1;2;4.18;4.22;4.06;4.29;2.65;2.25;3.04;2.12;10.80;12.08;11.00;11.64;28;3.84;3.17;4.23;3.04;11:52:16
1233;11/17/2023;11/17/2023 1:22 AM;1:28 AM;32.14;VMS_2;2;4.51;4.46;4.47;4.58;2.78;2.65;2.91;2.65;7.19;9.22;7.36;8.38;20;4.63;3.31;4.10;3.70;08:33:51
1235;11/17/2023;11/17/2023 9:16 AM;9:26 AM;56.46;VMS_2;2;4.58;4.45;4.73;;2.25;3.57;2.91;;17.55;21.03;17.88;;0;3.04;4.89;4.50;;12:20:42
1235;11/17/2023;11/17/2023 8:36 PM;8:46 PM;45.17;VMS_1;2;4.10;4.08;4.07;;1.98;3.31;3.31;;14.57;15.74;14.86;;11;3.04;4.50;4.37;;11:09:41
1236;11/17/2023;11/17/2023 11:26 PM;11:36 PM;37.57;VMS_1;2;4.17;4.14;4.20;4.17;1.85;1.46;2.25;1.72;8.27;10.30;9.13;9.88;11;2.65;2.38;3.04;2.25;08:51:48
1236;11/17/2023;11/17/2023 2:24 PM;2:34 PM;35.05;VMS_2;2;4.38;4.46;4.38;4.59;1.59;1.59;2.51;1.72;7.67;9.88;8.36;9.15;8;2.25;2.25;3.44;2.38;08:52:44
1236;11/17/2023;11/17/2023 5:22 AM;5:31 AM;36.38;VMS_1;2;4.16;4.28;4.22;4.29;1.72;1.59;2.51;1.85;8.16;9.77;8.77;9.68;60;2.38;2.25;3.70;2.78;08:56:24
1237;11/17/2023;11/17/2023 9:25 AM;9:33 AM;42.86;VMS_3;2;4.50;4.57;4.62;4.47;3.44;3.31;2.78;2.38;9.35;11.44;8.60;13.47;;5.29;4.37;3.70;3.31;12:43:13
1237;11/17/2023;11/17/2023 10:17 PM;10:24 PM;40.19;VMS_3;2;4.39;4.31;4.48;4.38;3.44;3.31;2.65;2.38;9.08;10.60;7.74;12.76;;5.16;5.16;3.57;3.31;12:44:12
1240;11/17/2023;11/17/2023 6:18 AM;6:25 AM;35.58;VMS_1;2;4.23;4.28;4.35;4.30;1.98;2.12;2.25;2.51;8.40;8.29;8.53;10.36;14;3.04;3.04;3.57;3.44;06:22:40
1240;11/17/2023;11/17/2023 2:37 PM;2:45 PM;40.32;VMS_1;2;4.32;4.28;4.26;4.29;1.98;2.25;2.25;2.65;9.50;9.81;9.59;11.42;11;2.78;3.31;3.04;3.57;08:12:20
1240;11/17/2023;11/17/2023 9:49 PM;9:56 PM;39.24;VMS_1;2;4.24;4.34;4.27;4.30;2.12;2.12;2.65;2.65;9.41;9.19;9.72;10.91;14;3.04;3.17;3.97;3.97;07:03:40
1241;11/17/2023;11/17/2023 6:31 PM;6:37 PM;42.24;VMS_1;2;4.51;4.41;4.41;4.36;3.97;3.97;3.31;3.97;8.55;11.66;9.44;12.59;20;4.89;5.56;4.10;5.03;08:17:41
1241;11/17/2023;11/17/2023 3:10 AM;3:16 AM;44.05;VMS_1;2;4.42;4.35;4.22;4.36;3.84;3.57;3.31;3.57;8.49;12.02;10.38;13.16;40;4.89;4.76;4.23;4.50;08:09:51
1241;11/17/2023;11/17/2023 10:08 AM;10:14 AM;33.51;VMS_1;2;4.50;4.43;4.39;4.43;4.10;3.57;3.31;3.57;6.55;8.53;8.40;10.03;17;5.42;4.50;4.37;4.63;06:51:50
1243;11/17/2023;11/17/2023 12:17 PM;12:23 PM;47.47;VMS_1;2;4.18;4.15;4.20;4.16;3.97;4.37;3.84;3.97;10.76;15.06;10.14;11.51;31;5.16;5.42;5.03;5.16;12:28:34
1243;11/17/2023;11/17/2023 9:30 PM;9:36 PM;35.78;VMS_2;2;4.13;4.11;4.39;4.12;3.70;4.10;3.44;3.84;6.94;11.60;7.91;9.33;45;4.89;5.29;4.50;5.56;09:07:41
1244;11/17/2023;11/17/2023 12:33 AM;12:37 AM;31.75;VMS_1;2;3.75;3.96;3.94;3.96;4.89;3.04;5.03;4.89;7.17;8.00;7.45;9.13;31;7.41;3.97;6.48;6.35;07:03:35
1244;11/17/2023;11/17/2023 10:40 AM;10:47 AM;42.06;VMS_1;2;4.04;4.03;3.93;4.09;5.16;2.91;4.23;5.16;9.88;10.60;8.91;12.68;65;6.48;3.97;5.29;6.61;10:03:03
1244;11/17/2023;11/17/2023 9:17 PM;9:23 PM;42.35;VMS_2;2;4.11;4.26;4.32;4.19;4.63;2.91;4.63;4.76;9.74;10.82;9.22;12.57;60;6.22;3.97;6.22;6.35;10:30:44
1245;11/17/2023;11/17/2023 7:35 PM;7:40 PM;27.62;VMS_2;2;4.84;4.86;4.98;4.94;3.04;3.70;2.51;2.91;5.27;7.78;5.27;9.30;28;4.23;5.03;3.97;3.70;06:18:24
1245;11/17/2023;11/17/2023 1:08 PM;1:16 PM;43.10;VMS_2;2;4.64;4.59;4.92;4.67;4.23;4.23;3.31;3.17;9.61;11.57;8.40;13.51;20;6.22;5.42;4.76;4.37;09:32:29
1245;11/17/2023;11/17/2023 3:29 AM;3:36 AM;41.62;VMS_1;2;4.62;4.62;4.89;4.77;3.57;4.50;3.04;3.44;7.87;11.66;8.05;14.04;8;4.50;5.82;3.97;4.37;09:18:19
1246;11/17/2023;11/17/2023 6:32 AM;6:39 AM;42.79;VMS_1;2;4.83;4.42;4.22;4.56;1.59;3.04;3.57;2.51;5.27;15.72;12.96;8.84;60;2.65;3.97;5.42;3.31;10:54:00
1246;11/17/2023;11/17/2023 4:40 PM;4:50 PM;41.09;VMS_2;2;4.92;4.46;4.38;4.73;1.72;2.78;3.44;2.38;4.98;14.73;12.19;9.19;31;2.78;3.70;4.76;3.17;10:01:04
1246;11/17/2023;11/17/2023 11:57 PM;12:03 AM;30.40;VMS_2;2;4.73;4.20;4.24;4.38;1.72;2.65;3.17;2.38;3.57;11.66;8.82;6.35;22;2.51;3.57;4.10;3.44;07:06:52
1252;11/17/2023;11/17/2023 9:46 PM;9:56 PM;43.08;VMS_2;2;4.12;4.13;4.12;4.11;2.12;1.98;2.51;1.59;10.56;11.11;9.28;12.13;17;2.91;2.65;3.44;2.12;11:42:20
1252;11/17/2023;11/17/2023 9:54 AM;10:04 AM;50.38;VMS_2;2;4.51;4.45;4.53;4.59;2.25;2.38;2.91;1.98;11.71;13.25;11.53;13.89;14;3.31;3.17;3.84;3.04;12:22:04
1255;11/17/2023;11/17/2023 7:36 AM;7:43 AM;50.53;VMS_2;2;4.65;4.65;4.61;4.59;2.78;3.17;2.65;3.31;11.00;14.24;10.76;14.53;2;3.70;4.10;3.84;4.23;13:27:20
1255;11/17/2023;11/17/2023 9:24 PM;9:30 PM;39.95;VMS_2;2;4.25;4.20;4.12;4.19;2.65;2.65;2.38;3.31;8.80;10.71;8.40;12.04;8;3.57;3.57;3.44;4.23;13:41:03
1258;11/17/2023;11/17/2023 10:38 PM;10:44 PM;36.80;VMS_2;2;3.92;4.00;4.05;3.91;3.17;3.04;3.04;3.44;8.95;8.62;10.54;8.69;11;4.23;4.10;3.84;5.42;09:52:38
1258;11/17/2023;11/17/2023 12:37 PM;12:45 PM;50.88;VMS_2;2;3.97;3.99;4.05;4.07;3.57;3.84;3.84;4.10;12.61;12.13;14.24;11.90;14;4.76;5.03;5.69;5.95;13:46:06
1259;11/17/2023;11/17/2023 12:55 PM;1:04 PM;47.99;VMS_2;2;4.44;4.46;4.52;4.47;2.38;2.51;2.65;1.98;11.46;13.03;12.46;11.05;14;3.44;3.31;3.84;2.78;10:46:13
1259;11/17/2023;11/17/2023 2:03 AM;2:09 AM;25.93;VMS_2;2;4.24;4.19;0.00;4.05;2.78;2.78;0.00;2.38;8.40;9.04;0.00;8.49;11;3.97;3.70;0.00;3.57;08:07:44
1261;11/17/2023;11/17/2023 10:01 PM;10:09 PM;39.88;VMS_4;2;4.59;4.67;4.62;4.41;3.31;2.51;1.98;2.12;8.55;12.13;7.36;11.84;;4.50;3.84;3.17;2.91;08:13:41
1261;11/17/2023;11/17/2023 1:39 PM;1:48 PM;45.37;VMS_4;2;4.80;4.83;4.81;4.39;3.44;3.04;2.38;3.04;9.63;13.78;7.52;14.44;;5.42;3.97;3.70;4.10;09:33:27
1261;11/17/2023;11/17/2023 3:58 AM;4:05 AM;42.24;VMS_4;2;4.81;4.95;4.75;4.52;3.57;3.04;1.98;3.04;8.58;13.12;7.28;13.27;;4.63;4.37;3.31;4.10;08:39:33
1262;11/17/2023;11/17/2023 12:18 PM;12:30 PM;54.61;VMS_4;2;4.54;4.56;4.48;0.00;2.78;3.17;2.91;0.26;17.92;17.99;18.54;0.15;;4.37;5.42;4.50;0.53;12:21:57
1262;11/17/2023;11/17/2023 11:17 PM;11:26 PM;50.09;VMS_4;2;0.00;4.39;4.35;4.40;0.26;2.65;2.78;3.17;0.04;16.27;17.39;16.38;;0.53;4.50;3.97;4.10;10:47:03
1263;11/17/2023;11/17/2023 6:47 AM;6:52 AM;34.66;VMS_1;2;4.42;4.49;4.48;4.50;2.78;3.31;2.91;3.17;6.35;10.03;8.91;9.37;25;3.57;4.23;3.70;4.10;07:49:02
1263;11/17/2023;11/17/2023 12:43 PM;12:49 PM;27.27;VMS_1;2;4.31;4.29;4.39;4.29;2.91;3.31;2.78;3.04;5.22;8.16;6.99;6.90;100;3.84;4.50;3.84;4.10;05:51:10
1263;11/17/2023;11/17/2023 8:11 PM;8:17 PM;33.49;VMS_2;2;4.52;4.53;4.58;4.53;3.04;3.31;3.17;3.04;6.39;9.55;7.89;9.66;2;4.23;4.50;4.23;4.10;07:22:18
1264;11/17/2023;11/17/2023 7:49 PM;7:54 PM;35.80;VMS_2;2;3.98;4.19;4.12;4.33;3.84;3.84;3.84;3.84;8.71;10.58;9.61;6.90;265;5.56;4.76;5.16;5.03;10:51:29
1264;11/17/2023;11/17/2023 8:53 AM;8:58 AM;33.60;VMS_1;2;3.82;4.01;3.95;4.16;3.84;3.31;4.10;3.70;7.05;10.10;9.74;6.70;314;5.56;4.37;5.29;5.42;10:23:49
1266;11/17/2023;11/17/2023 12:42 AM;12:49 AM;29.19;VMS_2;2;4.25;4.32;4.34;4.31;1.59;1.98;2.25;2.51;6.28;9.81;5.11;7.98;54;2.51;2.65;3.17;3.31;06:54:04
1266;11/17/2023;11/17/2023 4:19 PM;4:32 PM;60.41;VMS_2;2;4.25;4.33;4.37;4.33;1.72;2.12;2.25;2.65;12.85;19.82;11.07;16.67;17;2.65;3.17;3.17;3.31;15:29:35
1266;11/17/2023;11/17/2023 11:41 PM;11:49 PM;30.82;VMS_2;2;3.79;3.93;3.84;3.91;1.72;1.85;2.12;2.25;6.55;11.05;5.29;7.94;45;2.51;2.51;3.31;3.04;07:09:22
1267;11/17/2023;11/17/2023 4:24 PM;4:35 PM;51.59;VMS_1;2;4.11;4.28;3.93;4.15;2.25;1.85;1.85;1.72;15.10;12.65;12.99;10.85;14;3.57;3.44;3.17;2.65;20:36:38
1268;11/17/2023;11/17/2023 7:48 PM;7:54 PM;45.70;VMS_1;2;3.98;3.94;4.07;4.03;3.97;4.50;3.84;3.70;8.91;12.32;11.13;13.34;68;5.82;5.82;4.89;5.42;09:18:06
1268;11/17/2023;11/17/2023 3:47 AM;3:53 AM;41.03;VMS_1;2;3.96;3.82;4.01;3.83;3.57;3.97;3.84;3.70;7.52;10.87;11.11;11.53;65;4.63;5.82;5.03;5.03;08:41:26
1268;11/17/2023;11/17/2023 10:25 AM;10:30 AM;28.88;VMS_2;2;3.98;4.05;4.20;3.93;3.17;3.31;3.31;3.44;6.06;8.40;6.75;7.67;231;4.89;5.29;4.89;5.16;06:31:32
1270;11/17/2023;11/17/2023 9:25 PM;9:34 PM;40.39;VMS_4;2;4.32;4.41;4.21;;5.16;3.04;4.63;;15.04;13.12;12.24;;;7.28;6.22;6.61;;12:38:28
1270;11/17/2023;11/17/2023 8:39 AM;8:47 AM;36.75;VMS_4;2;4.35;4.43;4.28;;4.89;2.78;4.76;;12.74;12.41;11.60;;;7.80;4.50;6.88;;11:25:52
1271;11/17/2023;11/17/2023 2:55 AM;3:01 AM;34.90;VMS_3;2;4.57;4.56;4.43;4.60;3.57;2.25;2.78;2.38;8.84;9.15;8.00;8.91;;4.63;3.17;3.84;3.31;07:11:08
1271;11/17/2023;11/17/2023 4:46 PM;4:56 PM;57.98;VMS_3;2;4.16;4.19;4.23;4.23;3.70;2.38;2.78;2.51;13.51;15.96;13.98;14.53;;5.16;3.44;3.84;3.44;13:44:26
1272;11/17/2023;11/17/2023 8:58 PM;9:07 PM;44.36;VMS_3;2;4.40;;4.48;4.44;4.50;;2.12;3.31;15.23;;14.44;14.68;;6.61;;3.04;4.37;10:56:15
1272;11/17/2023;11/17/2023 9:53 AM;10:02 AM;47.93;VMS_3;2;4.50;;4.49;4.60;3.97;;2.12;3.04;16.40;;15.37;16.16;;5.42;;2.78;3.84;11:23:23
1273;11/17/2023;11/17/2023 4:02 PM;4:11 PM;34.00;VMS_2;2;4.11;4.13;4.17;4.06;2.38;2.51;2.25;2.51;7.96;8.49;8.09;9.46;22;3.57;3.44;3.57;3.70;08:57:56
1273;11/17/2023;11/17/2023 6:55 AM;7:04 AM;49.98;VMS_2;2;4.38;4.31;4.41;4.39;2.25;2.65;2.12;2.12;11.57;13.07;11.75;13.58;22;3.31;3.44;3.57;3.04;12:37:26
1274;11/17/2023;11/17/2023 9:10 PM;9:17 PM;38.51;VMS_2;2;4.18;4.13;4.12;4.12;1.85;3.04;1.85;2.78;7.12;11.84;8.05;11.51;60;2.78;4.10;2.65;3.70;10:03:41
1274;11/17/2023;11/17/2023 10:59 AM;11:06 AM;40.19;VMS_2;2;4.38;4.25;4.33;4.40;1.98;3.17;2.12;2.78;7.63;12.21;8.53;11.82;48;2.91;4.23;3.04;4.76;10:26:31
1274;11/17/2023;11/17/2023 12:24 AM;12:32 AM;38.47;VMS_1;2;4.15;4.10;4.21;4.09;1.59;2.51;1.59;2.51;7.39;11.75;8.33;11.00;34;3.04;3.70;2.12;3.44;08:54:56
1276;11/17/2023;11/17/2023 8:06 AM;8:17 AM;59.79;VMS_2;2;4.58;4.58;4.67;4.59;2.12;1.98;2.12;2.78;12.79;16.01;13.07;17.92;40;3.04;2.78;3.44;4.10;10:59:23
1276;11/17/2023;11/17/2023 2:47 PM;2:55 PM;39.77;VMS_1;2;4.25;4.08;4.06;4.02;2.65;2.12;2.38;3.17;9.06;10.01;8.62;12.08;28;3.57;2.91;3.17;4.10;06:29:34
1276;11/17/2023;11/17/2023 11:04 PM;11:12 PM;42.79;VMS_1;2;4.11;4.08;4.13;4.03;2.12;1.98;1.98;2.65;9.50;10.54;9.77;12.99;34;3.17;2.91;2.91;3.57;08:09:46
1277;11/17/2023;11/17/2023 10:20 PM;10:27 PM;30.14;VMS_2;2;4.39;;;4.31;3.70;;;3.31;12.68;;;17.46;57;4.89;;;4.50;08:34:28
1277;11/17/2023;11/17/2023 1:37 PM;1:45 PM;31.00;VMS_2;2;4.31;;;4.26;4.23;;;3.70;13.10;;;17.90;68;5.69;;;4.76;07:31:11
1277;11/17/2023;11/17/2023 5:58 AM;6:06 AM;34.77;VMS_2;2;4.31;;;4.38;3.84;;;3.44;14.22;;;20.55;60;5.03;;;4.63;09:55:36
1279;11/17/2023;11/17/2023 10:08 PM;10:14 PM;30.78;VMS_1;2;4.91;4.81;4.81;4.83;3.17;2.51;3.70;3.17;6.61;7.39;7.63;9.15;22;4.23;3.57;4.89;4.10;05:45:02
1279;11/17/2023;11/17/2023 4:16 PM;4:23 PM;37.15;VMS_1;2;4.51;4.48;4.47;4.42;2.91;3.31;3.17;3.17;7.98;8.91;8.75;11.51;40;3.97;5.03;3.97;4.50;07:30:06
1279;11/17/2023;11/17/2023 8:39 AM;8:45 AM;48.59;VMS_2;2;4.98;4.85;5.21;5.06;2.91;4.37;3.57;3.70;8.69;11.75;11.31;16.84;28;3.84;5.95;4.89;5.03;10:08:53
1281;11/17/2023;11/17/2023 11:08 AM;11:20 AM;25.00;VMS_3;2;4.56;4.51;4.49;4.60;2.12;1.72;2.25;1.59;6.42;6.48;6.42;5.69;;3.57;2.91;3.70;2.78;08:20:14
1281;11/17/2023;11/17/2023 2:42 AM;2:47 AM;34.68;VMS_3;2;4.23;4.16;4.23;4.27;3.04;2.51;2.65;2.51;8.55;8.99;8.84;8.29;;4.23;3.44;3.57;3.31;07:11:13
1281;11/17/2023;11/17/2023 9:43 PM;9:52 PM;52.54;VMS_3;2;4.20;4.17;4.21;4.24;2.65;2.12;2.65;2.12;13.47;13.51;13.29;12.26;;3.57;3.31;3.97;3.44;10:23:08
1282;11/17/2023;11/17/2023 3:17 AM;3:23 AM;39.93;VMS_1;2;4.29;;4.28;4.03;3.44;;3.84;4.37;12.19;;12.02;15.72;34;4.89;;4.89;5.42;07:55:30
1282;11/17/2023;11/17/2023 12:20 PM;12:28 PM;42.37;VMS_2;2;4.58;;4.59;4.40;3.44;;3.57;3.97;12.85;;11.88;17.64;42;4.63;;4.76;5.42;08:57:54
1282;11/17/2023;11/17/2023 7:37 PM;7:42 PM;37.43;VMS_1;2;4.04;;4.14;3.96;3.57;;3.97;4.37;11.16;;11.40;14.88;91;4.76;;5.16;5.56;07:09:18
1283;11/17/2023;11/17/2023 1:29 AM;1:34 AM;24.38;VMS_1;2;4.42;4.43;4.47;4.36;3.17;3.04;2.78;3.31;5.16;6.94;4.92;7.36;57;4.89;4.50;3.70;5.16;05:42:29
1283;11/17/2023;11/17/2023 6:28 PM;6:35 PM;55.67;VMS_2;2;4.91;4.79;4.92;4.61;3.44;3.97;2.91;3.70;11.82;16.09;11.20;16.56;22;5.03;5.82;4.37;5.16;16:53:55
1284;11/17/2023;11/17/2023 8:44 PM;8:52 PM;41.89;VMS_3;2;4.20;;4.14;4.11;3.17;;2.91;3.04;16.14;;13.89;11.86;;4.10;;4.10;3.84;09:48:17
1284;11/17/2023;11/17/2023 2:05 AM;2:11 AM;27.56;VMS_3;2;4.30;;4.23;4.34;2.65;;2.91;2.78;10.08;;9.22;8.27;;3.44;;3.70;3.57;05:54:34
1284;11/17/2023;11/17/2023 10:47 AM;10:55 AM;37.77;VMS_3;2;4.16;;4.15;4.13;2.78;;2.91;2.65;13.54;;12.92;11.31;;3.70;;3.84;3.70;08:36:04
1286;11/17/2023;11/17/2023 8:21 PM;8:27 PM;44.22;VMS_1;2;4.37;4.28;4.40;4.10;2.51;3.44;2.38;3.31;10.14;11.79;8.97;13.32;25;3.70;4.37;3.17;4.23;10:31:35
1286;11/17/2023;11/17/2023 9:40 AM;9:49 AM;44.60;VMS_1;2;4.44;4.42;4.46;4.37;3.04;3.44;2.38;2.25;9.72;11.49;9.46;13.93;114;4.10;4.76;3.31;3.17;10:23:05
1288;11/17/2023;11/17/2023 10:54 PM;11:03 PM;46.89;VMS_4;2;3.59;3.94;3.61;3.87;1.72;2.12;2.38;1.98;8.99;12.59;13.96;11.35;;3.17;3.17;3.44;3.44;11:26:41
1288;11/17/2023;11/17/2023 11:14 AM;11:28 AM;52.91;VMS_4;2;3.87;4.16;4.08;4.03;1.59;1.72;1.85;1.72;12.61;13.47;14.70;12.13;;2.25;2.78;2.78;3.31;12:06:51
1291;11/17/2023;11/17/2023 11:21 AM;11:27 AM;24.71;VMS_3;2;5.09;4.51;4.49;4.53;2.65;2.65;3.57;2.65;3.73;6.57;6.50;7.91;;3.84;3.70;5.42;3.44;06:11:21
1291;11/17/2023;11/17/2023 5:05 AM;5:10 AM;26.15;VMS_3;2;4.43;4.30;4.36;4.14;2.91;3.04;3.44;3.31;4.65;6.46;7.34;7.69;;3.97;4.50;5.16;4.23;06:38:08
1291;11/17/2023;11/17/2023 5:55 PM;6:02 PM;26.79;VMS_4;2;4.52;4.48;4.34;4.41;2.65;2.25;3.70;2.65;4.45;6.77;6.97;8.60;;3.70;3.04;5.16;3.57;06:28:34
1293;11/17/2023;11/17/2023 9:41 PM;9:48 PM;35.87;VMS_4;2;4.26;4.41;4.21;4.20;2.65;2.78;2.25;3.04;10.67;7.94;9.83;7.43;;3.57;3.97;3.04;4.37;10:04:02
1293;11/17/2023;11/17/2023 11:28 AM;11:37 AM;46.21;VMS_3;2;4.22;4.44;4.36;4.47;2.25;2.38;2.12;2.51;13.03;10.78;12.99;9.41;;3.04;3.70;3.04;3.57;12:17:04
1294;11/17/2023;11/17/2023 8:00 AM;8:08 AM;43.32;VMS_1;2;4.83;4.62;4.82;5.30;2.78;5.42;3.44;3.04;11.95;16.09;8.14;7.14;265;3.70;6.75;4.50;4.10;10:31:31
1294;11/17/2023;11/17/2023 6:43 PM;6:50 PM;37.72;VMS_2;2;4.58;4.53;4.72;5.21;2.12;4.76;3.17;2.65;10.14;14.88;6.61;6.08;522;2.91;6.22;4.23;3.44;10:35:23
1295;11/17/2023;11/17/2023 2:19 AM;2:24 AM;22.95;VMS_4;2;;4.21;4.28;4.11;;3.04;2.38;3.04;;8.86;4.61;9.48;;;3.97;3.17;4.23;06:01:40
1295;11/17/2023;11/17/2023 10:24 PM;10:31 PM;35.19;VMS_4;2;;4.01;4.08;3.94;;2.91;2.51;2.91;;13.93;6.72;14.53;;;3.97;3.31;4.10;09:07:44
1295;11/17/2023;11/17/2023 1:07 PM;1:16 PM;35.36;VMS_4;2;;4.23;4.34;4.11;;3.31;2.38;3.04;;13.49;7.47;14.40;;;4.23;3.84;4.10;10:43:18
1300;11/17/2023;11/17/2023 1:00 PM;1:06 PM;19.82;VMS_4;2;4.27;4.23;4.08;4.05;2.38;2.65;1.72;2.65;4.94;5.78;2.98;6.13;;3.17;4.10;2.78;3.84;05:10:56
1300;11/17/2023;11/17/2023 9:34 PM;9:41 PM;36.64;VMS_4;2;4.26;4.34;4.28;4.20;2.51;2.91;1.98;2.78;9.44;10.49;6.11;10.60;;3.84;4.23;2.91;3.84;08:27:59
1300;11/17/2023;11/17/2023 1:10 AM;1:15 AM;27.82;VMS_3;2;4.23;4.22;4.16;4.20;2.38;3.04;1.72;2.91;7.05;8.07;4.06;8.64;;3.44;4.50;2.65;3.84;06:12:37
1300;11/17/2023;11/17/2023 7:44 AM;7:49 AM;26.79;VMS_3;2;4.16;4.10;4.15;4.13;2.78;3.04;1.72;2.78;6.64;7.63;4.50;8.02;;3.84;4.23;2.51;4.10;06:29:14
1305;11/17/2023;11/17/2023 8:40 PM;8:48 PM;33.44;VMS_2;2;3.91;3.93;3.98;;2.25;1.98;2.25;;12.59;10.03;10.82;;128;2.91;2.65;3.04;;06:58:24
1305;11/17/2023;11/17/2023 1:31 PM;1:42 PM;46.01;VMS_1;2;3.78;3.88;4.00;;2.65;2.25;2.65;;16.89;14.26;14.86;;48;3.57;3.04;3.70;;09:43:56
1305;11/17/2023;11/17/2023 3:36 AM;3:47 AM;45.02;VMS_1;2;3.76;3.88;4.08;;1.98;1.85;2.25;;16.49;14.02;14.51;;22;2.78;2.65;3.17;;10:56:26
1312;11/17/2023;11/17/2023 8:37 AM;8:47 AM;39.31;VMS_3;2;4.56;4.70;4.69;4.67;1.46;1.72;1.98;1.32;8.31;10.58;10.38;10.03;;2.25;2.38;2.91;1.98;07:28:03
1312;11/17/2023;11/17/2023 1:01 AM;1:09 AM;37.54;VMS_3;2;4.50;4.69;4.63;4.61;1.59;2.12;2.25;1.59;7.96;10.65;9.04;9.90;;2.38;3.17;3.04;2.25;06:14:53
1312;11/17/2023;11/17/2023 6:46 PM;6:58 PM;56.75;VMS_3;2;4.41;4.48;4.49;4.44;1.72;1.98;2.51;1.59;12.50;15.61;14.13;14.51;;3.17;3.17;3.44;2.25;09:59:11
1314;11/17/2023;11/17/2023 6:08 AM;6:12 AM;16.29;VMS_3;2;4.43;4.69;4.50;4.67;2.38;2.25;2.51;2.65;4.12;4.37;3.55;4.25;;3.44;3.31;4.10;3.70;12:50:25
1314;11/17/2023;11/17/2023 5:40 PM;5:46 PM;24.27;VMS_3;2;4.96;4.87;4.83;4.90;2.38;2.51;2.38;2.91;5.71;6.57;5.62;6.37;;3.70;3.44;3.31;3.97;11:28:07
1315;11/17/2023;11/17/2023 12:59 AM;1:04 AM;27.56;VMS_4;2;4.61;4.68;4.62;4.44;2.65;2.38;2.38;2.78;5.67;7.76;5.82;8.31;;3.70;3.31;3.44;4.10;06:07:52
1315;11/17/2023;11/17/2023 11:52 AM;12:03 PM;44.84;VMS_3;2;4.50;4.64;4.49;4.60;2.25;1.98;2.12;2.38;8.75;12.10;10.25;13.73;;3.04;3.31;2.91;3.31;10:47:17
1315;11/17/2023;11/17/2023 11:23 PM;11:31 PM;45.02;VMS_3;2;4.33;4.46;4.34;4.35;2.65;2.65;2.51;2.65;9.22;13.14;10.30;12.37;;3.70;3.70;3.70;3.57;11:20:34
1319;11/17/2023;11/17/2023 2:11 AM;2:17 AM;26.92;VMS_1;2;4.35;4.36;;4.30;3.17;3.70;;3.84;3.88;12.59;;10.45;28;4.23;4.76;;5.03;07:57:42
1319;11/17/2023;11/17/2023 12:29 PM;12:36 PM;35.94;VMS_2;2;4.64;4.32;;4.34;3.04;4.37;;3.84;5.09;16.78;;14.07;42;3.97;5.69;;5.03;10:11:40
1319;11/17/2023;11/17/2023 7:10 PM;7:14 PM;25.24;VMS_2;2;4.44;4.26;;4.34;2.91;4.76;;3.44;3.46;12.26;;9.52;51;3.97;6.35;;4.50;06:34:02
1321;11/17/2023;11/17/2023 7:43 PM;7:47 PM;27.65;VMS_1;2;4.04;4.07;4.14;4.16;3.57;3.31;3.97;3.84;5.56;6.13;8.22;7.74;34;4.89;4.63;5.03;5.16;05:20:44
1321;11/17/2023;11/17/2023 2:17 PM;2:22 PM;33.44;VMS_1;2;3.98;4.15;4.06;4.09;3.70;3.04;3.97;3.44;7.45;7.25;9.28;9.46;31;5.16;4.63;5.03;4.63;05:43:22
1321;11/17/2023;11/17/2023 8:27 AM;8:33 AM;48.19;VMS_1;2;4.43;4.62;4.42;4.42;4.10;3.31;4.63;3.97;11.33;9.68;12.63;14.55;45;5.42;5.29;6.08;5.56;13:13:26
1325;11/17/2023;11/17/2023 11:38 AM;11:45 AM;32.96;VMS_3;2;;4.71;4.76;4.60;;3.97;3.70;2.78;;15.23;12.65;5.07;;;5.56;4.89;3.70;08:57:03
1325;11/17/2023;11/17/2023 2:36 AM;2:41 AM;26.21;VMS_3;2;;4.42;4.50;4.40;;4.10;3.84;2.65;;11.68;10.65;3.88;;;5.82;5.82;3.57;06:17:40
1325;11/17/2023;11/17/2023 9:30 PM;9:36 PM;36.44;VMS_3;2;;4.43;4.48;4.58;;3.70;3.70;2.65;;16.20;14.46;5.78;;;5.16;5.16;3.44;09:44:34
1320;11/17/2023;11/17/2023 1:26 PM;1:36 PM;55.29;VMS_3;1;3.90;3.90;3.95;4.06;1.98;2.51;1.85;2.38;11.62;16.20;11.62;15.85;;2.91;3.70;2.78;3.70;16:59:47
1323;11/17/2023;11/17/2023 9:49 PM;9:55 PM;38.87;VMS_4;2;4.59;4.48;;4.40;2.65;3.04;;2.91;11.46;14.09;;13.32;;3.97;4.10;;3.70;11:49:41
1323;11/17/2023;11/17/2023 9:52 AM;9:59 AM;37.88;VMS_4;2;4.74;4.50;;4.43;2.65;3.31;;2.91;10.80;14.04;;13.03;;4.10;4.50;;4.23;12:51:23
1328;11/17/2023;11/17/2023 8:12 AM;8:16 AM;30.16;VMS_4;2;4.34;4.29;4.47;4.18;3.57;3.44;3.31;3.17;6.17;8.22;8.18;7.58;;5.56;4.76;5.03;4.37;07:22:47
1328;11/17/2023;11/17/2023 12:44 AM;12:49 AM;32.67;VMS_3;2;4.30;4.35;4.43;4.14;3.70;3.57;3.17;3.57;7.21;9.77;7.89;7.80;;5.95;4.76;5.03;4.76;07:31:38
1328;11/17/2023;11/17/2023 6:00 PM;6:05 PM;37.65;VMS_3;2;4.29;4.27;4.42;4.37;3.17;3.44;3.17;3.31;8.18;11.20;8.82;9.46;;5.69;4.76;4.89;4.37;09:43:25
1329;11/17/2023;11/17/2023 12:17 AM;12:22 AM;29.50;VMS_4;1;4.40;4.40;4.34;4.41;2.51;3.44;2.38;2.78;7.54;7.94;6.35;7.67;;3.31;4.37;3.17;3.57;08:56:02
1329;11/17/2023;11/17/2023 1:18 PM;1:28 PM;40.21;VMS_4;1;4.54;4.49;4.34;4.38;2.91;3.04;2.12;2.78;10.65;10.87;8.84;9.85;;4.23;3.97;2.91;3.70;12:55:25
1334;11/17/2023;11/17/2023 6:54 PM;7:05 PM;44.75;VMS_4;2;4.38;4.14;4.14;4.15;1.46;2.12;1.98;2.12;9.02;11.66;13.34;10.74;;3.04;2.78;3.04;3.57;10:49:39
1334;11/17/2023;11/17/2023 1:30 AM;1:38 AM;34.77;VMS_3;2;4.50;4.35;4.43;4.34;1.46;1.98;1.72;1.59;7.21;9.50;10.56;7.50;;2.38;2.78;2.51;2.38;08:49:25
1334;11/17/2023;11/17/2023 7:57 AM;8:05 AM;30.51;VMS_3;2;4.16;4.10;4.22;4.13;1.46;1.59;1.85;1.72;6.48;7.78;9.33;6.92;;1.98;2.38;2.78;2.38;06:18:16
1335;11/17/2023;11/17/2023 12:13 PM;12:20 PM;40.59;VMS_3;2;4.49;4.24;4.49;4.33;3.57;4.10;3.04;3.31;8.38;12.02;8.58;11.62;;4.63;5.29;4.37;4.50;08:49:16
1335;11/17/2023;11/17/2023 3:19 AM;3:24 AM;36.91;VMS_3;2;4.56;4.29;4.63;4.40;3.17;4.23;3.04;3.17;8.09;10.69;8.09;10.03;;4.50;6.08;3.84;4.37;07:15:22
1335;11/17/2023;11/17/2023 9:52 PM;9:58 PM;45.08;VMS_3;2;4.53;4.24;4.54;4.38;3.44;4.37;2.91;3.31;8.99;12.72;10.32;13.05;;4.89;5.69;3.97;4.50;09:32:07
1352;11/17/2023;11/17/2023 6:03 PM;6:09 PM;34.35;VMS_4;2;3.99;4.01;3.94;3.88;3.17;2.78;3.04;2.78;8.91;8.11;8.49;8.84;;4.23;3.70;4.10;4.10;11:25:32
1352;11/17/2023;11/17/2023 6:31 AM;6:37 AM;39.22;VMS_3;2;3.96;3.96;3.89;4.00;3.44;3.17;3.04;2.78;9.96;9.85;9.26;10.14;;4.76;4.23;4.10;3.44;12:52:13
1354;11/17/2023;11/17/2023 12:49 PM;12:59 PM;45.04;VMS_3;1;4.03;;4.02;4.06;3.57;;2.65;2.78;15.17;;15.28;14.59;;4.50;;3.44;4.10;13:15:13
1359;11/17/2023;11/17/2023 12:39 PM;12:48 PM;40.12;VMS_3;1;4.03;4.24;4.15;4.20;2.38;2.38;2.65;2.12;10.21;9.19;9.24;11.49;;3.44;3.57;3.70;2.78;09:24:33
1359;11/17/2023;11/17/2023 9:59 PM;10:07 PM;37.85;VMS_3;1;4.13;4.10;4.14;4.17;2.65;2.51;2.78;2.25;9.68;8.25;9.02;10.91;;3.97;3.70;4.23;3.04;09:10:25
1359;11/17/2023;11/17/2023 3:08 AM;3:15 AM;32.67;VMS_4;1;4.28;4.35;4.21;4.25;2.51;2.38;2.65;2.12;8.38;6.97;7.72;9.61;;3.70;3.31;3.70;2.91;07:34:40
1360;11/17/2023;11/17/2023 6:24 AM;6:30 AM;24.25;VMS_4;1;3.75;3.95;3.88;3.83;1.85;2.25;1.85;1.98;6.15;6.06;6.37;5.67;;2.78;3.17;2.51;2.78;06:48:53
1360;11/17/2023;11/17/2023 3:05 PM;3:12 PM;30.49;VMS_4;1;4.06;4.09;4.01;3.93;2.78;2.65;1.98;2.51;7.65;7.32;8.05;7.47;;3.70;3.57;3.17;3.84;08:35:11
1360;11/17/2023;11/17/2023 11:56 PM;12:02 AM;29.94;VMS_4;1;3.85;4.00;4.01;3.94;1.85;2.25;1.85;1.85;7.56;7.56;7.78;7.03;;2.65;2.91;2.65;2.78;08:43:13
1362;11/17/2023;11/17/2023 7:40 PM;7:45 PM;35.98;VMS_4;1;4.31;4.34;4.27;4.22;3.04;3.57;3.31;3.17;8.77;9.83;7.74;9.63;;4.50;4.63;4.50;4.37;10:06:13
1362;11/17/2023;11/17/2023 9:28 AM;9:34 AM;43.63;VMS_4;1;4.34;4.36;4.35;4.17;3.17;3.44;3.70;3.31;10.80;11.68;9.61;11.53;;4.50;4.23;5.82;4.23;12:24:40
1364;11/17/2023;11/17/2023 6:30 PM;6:37 PM;53.44;VMS_3;1;4.14;3.94;4.16;4.04;3.44;3.70;3.84;3.84;8.66;19.29;9.96;15.52;;4.76;5.16;5.03;4.89;20:09:41
1365;11/17/2023;11/17/2023 6:31 PM;6:36 PM;37.63;VMS_4;1;3.92;3.94;3.80;3.81;4.63;4.10;5.16;4.23;9.96;9.61;10.08;7.98;;6.35;5.69;6.61;5.69;11:46:40
1365;11/17/2023;11/17/2023 6:40 AM;6:44 AM;29.17;VMS_4;1;4.14;4.15;4.01;3.97;4.50;3.70;4.37;3.84;7.69;7.30;8.07;6.11;;5.69;4.76;5.69;5.56;08:08:19
1370;11/17/2023;11/17/2023 9:34 AM;9:41 AM;44.36;VMS_4;1;4.28;4.09;4.34;4.10;3.04;3.04;2.65;2.78;10.45;12.68;9.74;11.49;;4.50;4.37;3.44;3.70;11:47:50
1370;11/17/2023;11/17/2023 8:15 PM;8:21 PM;38.71;VMS_4;1;4.11;4.01;4.21;4.02;2.78;2.78;2.38;2.78;9.13;11.11;8.33;10.14;;4.10;3.97;3.57;4.10;10:34:05
1371;11/17/2023;11/17/2023 8:29 PM;8:38 PM;53.86;VMS_4;1;3.98;4.27;4.14;4.09;1.46;2.38;1.85;2.25;8.20;17.39;11.66;16.60;;2.25;3.44;2.78;3.31;22:15:06
1372;11/17/2023;11/17/2023 7:41 PM;7:48 PM;40.72;VMS_3;1;4.01;4.08;4.22;3.97;2.25;3.44;2.38;3.57;8.38;11.31;10.47;10.56;;3.04;4.76;3.44;4.50;11:30:50
1372;11/17/2023;11/17/2023 8:03 AM;8:10 AM;47.31;VMS_4;1;4.21;4.36;4.34;3.98;2.25;2.51;2.91;3.04;10.89;12.32;12.17;11.93;;3.17;3.31;3.84;4.10;15:02:40
1376;11/17/2023;11/17/2023 8:32 AM;8:37 AM;20.46;VMS_3;1;4.22;4.24;4.22;4.27;2.51;2.38;2.65;2.12;4.89;5.75;4.52;5.29;;3.70;3.84;3.70;2.91;05:36:40
1376;11/17/2023;11/17/2023 2:51 AM;2:55 AM;16.67;VMS_4;1;4.21;4.21;4.15;4.11;2.65;2.25;2.51;2.12;3.97;4.59;3.84;4.28;;4.76;3.17;3.44;2.91;04:41:03
1376;11/17/2023;11/17/2023 7:55 PM;8:01 PM;26.90;VMS_3;1;4.27;4.22;4.35;4.31;2.78;2.51;2.91;1.98;6.15;7.61;5.93;7.21;;4.10;3.70;3.84;2.91;07:11:41
1376;11/17/2023;11/17/2023 12:39 PM;12:44 PM;13.80;VMS_4;1;4.27;4.36;4.28;4.24;2.25;2.25;2.51;1.98;3.22;3.73;3.33;3.53;;4.10;3.17;3.84;2.91;04:02:23
1380;11/17/2023;11/17/2023 12:59 PM;1:06 PM;23.83;VMS_3;1;4.03;3.84;4.08;4.13;2.91;2.91;2.91;2.65;5.40;7.47;4.67;6.28;;3.57;3.70;4.10;3.44;07:16:30
1380;11/17/2023;11/17/2023 10:32 PM;10:38 PM;29.23;VMS_3;1;3.92;3.85;4.14;4.04;3.04;3.44;3.44;2.91;6.26;9.66;5.91;7.41;;4.37;4.63;4.89;3.84;09:26:48
1380;11/17/2023;11/17/2023 5:38 AM;5:43 AM;25.09;VMS_4;1;3.94;3.94;4.08;3.99;2.78;3.04;3.17;2.91;5.73;7.85;5.20;6.31;;4.10;4.10;4.23;3.70;08:17:18
1385;11/17/2023;11/17/2023 12:29 AM;12:35 AM;27.76;VMS_3;1;4.30;4.42;4.36;4.40;2.38;2.25;1.98;2.65;6.68;7.67;6.92;6.48;;3.17;3.17;3.17;3.57;07:47:38
1385;11/17/2023;11/17/2023 8:54 AM;9:00 AM;27.84;VMS_4;1;4.15;4.23;4.15;4.09;2.12;1.85;1.85;2.78;6.72;7.45;7.03;6.64;;3.04;2.78;2.38;3.70;08:18:51
1385;11/17/2023;11/17/2023 10:52 PM;10:59 PM;38.49;VMS_3;1;3.99;4.05;4.07;4.11;1.98;2.51;1.98;2.51;9.04;10.71;9.68;9.06;;3.04;3.44;2.51;3.44;13:51:08
1389;11/17/2023;11/17/2023 3:08 AM;3:18 AM;46.01;VMS_3;1;4.50;0.00;4.23;4.27;2.78;0.40;2.25;1.72;17.28;0.75;17.66;10.32;;3.97;1.32;3.17;2.38;14:44:09
1389;11/17/2023;11/17/2023 3:28 PM;3:38 PM;38.85;VMS_3;1;4.16;0.00;4.16;4.05;2.91;0.53;2.25;1.72;14.59;0.71;15.48;8.07;;4.23;1.72;3.04;2.25;12:09:28
1391;11/17/2023;11/17/2023 5:32 PM;5:40 PM;21.41;VMS_4;1;3.92;3.88;3.80;3.87;2.78;2.12;2.91;2.78;6.17;4.94;5.18;5.11;;4.10;3.17;4.63;3.84;08:19:54
1391;11/17/2023;11/17/2023 9:08 AM;9:13 AM;27.03;VMS_4;1;3.94;3.96;3.88;3.83;3.57;2.38;3.44;2.91;7.65;5.82;6.97;6.59;;4.76;3.31;4.50;3.97;10:30:03
1395;11/17/2023;11/17/2023 7:36 AM;7:45 AM;35.60;VMS_4;1;4.21;4.29;;4.24;1.85;1.72;;2.12;11.51;10.91;;13.18;;3.17;2.51;;3.44;10:39:42
1396;11/17/2023;11/17/2023 2:49 AM;2:54 AM;19.44;VMS_3;1;;4.29;4.29;4.34;;3.44;3.17;2.51;;7.30;5.75;6.39;;;4.89;4.37;3.44;05:20:59
1396;11/17/2023;11/17/2023 12:21 PM;12:28 PM;30.80;VMS_3;1;;4.37;4.42;4.46;;3.84;3.57;2.65;;11.40;8.97;10.43;;;5.03;5.42;3.31;09:27:12
1396;11/17/2023;11/17/2023 11:16 PM;11:22 PM;35.98;VMS_3;1;;4.20;4.34;4.28;;3.97;3.31;2.38;;13.58;10.71;11.68;;;5.42;4.50;3.31;10:47:43
1397;11/17/2023;11/17/2023 4:00 AM;4:05 AM;28.53;VMS_3;1;3.96;3.89;3.89;4.20;3.57;3.31;3.57;2.78;6.06;9.19;6.53;6.75;;4.76;4.50;4.76;3.70;09:22:28
1397;11/17/2023;11/17/2023 11:46 AM;11:51 AM;20.35;VMS_3;1;3.89;3.90;3.95;4.13;3.97;3.57;3.70;3.04;4.43;6.39;4.54;4.98;;5.42;4.89;5.03;3.97;07:41:13
1397;11/17/2023;11/17/2023 11:38 PM;11:44 PM;34.24;VMS_3;1;3.93;3.79;3.94;4.15;4.23;3.57;3.57;3.04;7.36;10.58;8.05;8.25;;5.16;4.37;4.63;3.97;11:47:43
1398;11/17/2023;11/17/2023 5:22 AM;5:28 AM;26.70;VMS_4;1;4.28;4.28;4.28;4.19;2.12;3.44;2.12;2.51;6.61;7.17;6.11;6.81;;3.17;5.03;3.04;3.70;08:50:09
1398;11/17/2023;11/17/2023 5:41 PM;5:48 PM;36.29;VMS_4;1;4.26;4.28;4.27;4.21;2.38;3.17;2.12;2.78;8.97;9.88;8.36;9.08;;3.70;4.10;2.78;3.97;12:12:39
1399;11/17/2023;11/17/2023 2:28 PM;2:37 PM;30.67;VMS_4;1;4.26;3.89;4.01;3.92;1.98;1.85;1.85;1.59;5.91;9.96;7.39;7.41;;2.91;2.51;2.51;2.25;08:50:13
1399;11/17/2023;11/17/2023 10:16 PM;10:23 PM;28.88;VMS_4;1;4.25;3.87;4.01;3.94;1.98;1.98;1.98;1.59;5.47;9.57;6.75;7.10;;3.17;2.78;2.51;2.38;07:39:26
1399;11/17/2023;11/17/2023 5:29 AM;5:37 AM;32.78;VMS_4;1;4.34;3.94;4.08;3.92;1.98;1.72;2.12;1.46;5.91;10.98;7.45;8.44;;2.65;2.25;3.31;1.98;09:02:44
1400;11/17/2023;11/17/2023 8:18 AM;8:25 AM;39.51;VMS_4;1;4.34;4.16;4.27;4.18;2.65;1.85;3.17;2.38;9.30;9.72;9.99;10.49;;4.23;2.78;4.10;3.17;09:40:57
1400;11/17/2023;11/17/2023 6:58 PM;7:07 PM;42.22;VMS_3;1;4.21;4.08;4.22;4.11;2.51;1.85;3.17;2.38;9.96;10.89;10.76;10.60;;3.44;2.78;4.23;3.17;10:32:57
1401;11/17/2023;11/17/2023 2:09 PM;2:16 PM;35.49;VMS_4;1;3.66;3.75;3.67;3.72;4.76;3.04;4.10;3.57;9.66;7.32;9.37;9.15;;6.35;4.23;5.29;4.63;13:53:04
1401;11/17/2023;11/17/2023 12:12 AM;12:16 AM;22.44;VMS_4;1;3.66;3.80;3.67;3.68;4.37;3.04;4.10;3.84;6.19;4.85;5.71;5.69;;6.35;4.10;5.56;5.29;07:56:47
1404;11/17/2023;11/17/2023 10:46 PM;10:50 PM;14.70;VMS_3;1;4.52;4.32;4.47;4.44;3.17;3.57;3.04;2.91;3.09;4.76;3.06;3.79;;4.37;5.03;4.37;4.37;04:04:22
1404;11/17/2023;11/17/2023 1:07 PM;1:16 PM;19.80;VMS_3;1;4.70;4.44;4.62;4.40;3.17;3.84;3.31;3.97;3.86;6.75;3.81;5.38;;4.37;5.56;4.63;5.29;05:32:19
1404;11/17/2023;11/17/2023 6:38 PM;6:42 PM;19.33;VMS_3;1;4.68;4.41;4.63;4.51;3.31;3.57;3.44;3.70;3.81;6.31;3.92;5.29;;4.76;5.29;4.76;4.89;05:21:50
1404;11/17/2023;11/17/2023 7:31 AM;7:35 AM;18.76;VMS_4;1;4.54;4.49;4.55;4.44;3.04;3.17;3.31;3.44;3.70;5.93;4.19;4.94;;3.97;4.23;4.63;5.03;04:57:30
1404;11/17/2023;11/17/2023 2:30 AM;2:34 AM;17.50;VMS_3;1;4.50;4.36;4.36;4.40;3.31;3.57;3.31;3.44;3.31;6.02;3.59;4.59;;5.16;4.63;4.63;5.03;05:24:23
1405;11/17/2023;11/17/2023 3:24 AM;3:29 AM;25.64;VMS_4;1;;4.14;4.21;4.05;;3.04;2.91;1.98;;9.57;9.04;7.03;;;4.50;3.84;2.91;07:47:57
1405;11/17/2023;11/17/2023 10:36 AM;10:42 AM;25.53;VMS_4;1;;4.16;4.08;3.89;;2.91;2.51;1.98;;9.83;8.69;7.01;;;3.84;3.57;2.78;07:06:37
1405;11/17/2023;11/17/2023 8:13 PM;8:19 PM;30.23;VMS_3;1;;3.95;4.01;3.97;;3.57;2.65;1.85;;12.15;10.16;7.91;;;5.03;3.84;2.78;09:31:30
1406;11/17/2023;11/17/2023 9:19 PM;9:24 PM;28.33;VMS_4;1;4.46;4.48;4.61;5.81;2.91;3.04;2.91;1.06;7.96;10.49;8.58;1.30;;4.63;4.10;4.10;2.25;10:57:03
1406;11/17/2023;11/17/2023 10:15 AM;10:22 AM;24.25;VMS_4;1;4.55;4.43;4.56;5.56;3.17;3.04;3.04;1.06;6.33;8.93;7.87;1.12;;4.50;4.10;3.97;2.51;09:24:09
1406;11/17/2023;11/17/2023 12:46 AM;12:51 AM;22.09;VMS_4;1;4.41;4.48;4.55;5.18;3.04;3.17;3.04;1.19;5.58;8.36;7.05;1.10;;5.03;4.50;3.97;2.38;08:21:09
1407;11/17/2023;11/17/2023 8:15 AM;8:22 AM;39.26;VMS_3;1;4.10;4.17;4.09;4.13;2.38;2.78;2.51;2.38;7.47;12.48;8.16;11.16;;3.84;4.37;3.70;3.31;12:18:42
1407;11/17/2023;11/17/2023 7:34 PM;7:41 PM;33.20;VMS_3;1;3.94;4.02;4.02;4.04;2.25;2.51;2.25;2.25;6.50;10.34;6.70;9.66;;3.04;3.31;2.78;3.04;11:12:37
1409;11/17/2023;11/17/2023 11:27 PM;11:33 PM;27.43;VMS_4;1;4.12;4.14;4.15;4.08;1.85;2.12;1.72;2.65;5.56;7.54;5.84;8.49;;2.51;3.04;2.38;3.70;06:39:24
1409;11/17/2023;11/17/2023 4:40 PM;4:47 PM;26.74;VMS_4;1;4.13;4.15;4.07;3.33;1.85;2.25;1.85;2.51;5.86;8.16;5.97;6.75;;2.38;3.44;2.91;3.44;07:00:52
1409;11/17/2023;11/17/2023 9:33 AM;9:39 AM;31.86;VMS_3;1;4.10;4.10;4.15;4.13;2.25;2.51;1.85;2.78;6.79;9.72;6.90;8.44;;3.04;3.57;2.38;3.84;07:54:50
1409;11/17/2023;11/17/2023 1:33 AM;1:38 AM;24.49;VMS_4;1;4.28;4.14;4.28;4.24;1.85;2.25;1.85;2.65;5.36;6.97;5.38;6.79;;2.51;3.17;2.51;3.44;06:08:37
1410;11/17/2023;11/17/2023 2:56 AM;3:06 AM;33.33;VMS_4;1;4.14;4.35;4.21;;1.59;2.25;1.46;;9.06;13.23;11.05;;;2.38;3.17;2.25;;10:36:03
1410;11/17/2023;11/17/2023 2:06 PM;2:16 PM;35.78;VMS_3;1;4.03;4.17;4.22;;1.59;2.51;1.72;;9.30;14.90;11.57;;;2.25;3.31;2.51;;10:59:45
1412;11/17/2023;11/17/2023 1:17 PM;1:25 PM;19.18;VMS_3;1;3.96;0.00;4.08;4.00;2.12;0.53;1.98;1.32;6.28;1.30;6.26;5.34;;3.57;1.32;3.44;2.25;07:15:25
1412;11/17/2023;11/17/2023 5:53 AM;6:01 AM;28.20;VMS_4;1;4.55;0.00;4.62;4.70;2.25;0.53;2.51;1.32;9.96;1.23;8.91;8.09;;3.44;1.85;3.84;1.98;08:29:59
1414;11/17/2023;11/17/2023 12:08 PM;12:17 PM;41.34;VMS_4;1;4.07;4.03;4.08;3.90;2.91;2.12;3.44;3.70;8.44;11.49;9.35;12.06;;3.97;3.17;4.37;5.42;16:17:17
1417;11/17/2023;11/17/2023 8:07 AM;8:14 AM;37.81;VMS_3;1;4.23;4.17;4.15;;3.31;2.51;3.04;;11.82;12.90;13.10;;;4.63;3.31;4.23;;10:32:00
1417;11/17/2023;11/17/2023 4:49 PM;4:56 PM;32.21;VMS_4;1;4.33;4.35;4.27;;3.31;2.65;3.57;;10.12;11.18;10.91;;;4.50;3.57;4.63;;08:35:07
1418;11/17/2023;11/17/2023 10:25 PM;10:32 PM;55.47;VMS_3;1;4.19;3.91;4.21;4.18;3.44;3.70;3.97;2.78;13.82;14.46;13.82;13.36;;4.37;4.89;5.03;3.84;15:27:00
1418;11/17/2023;11/17/2023 6:54 AM;6:58 AM;31.79;VMS_3;1;4.30;4.23;4.29;4.33;4.10;4.10;3.84;3.44;7.67;8.71;7.41;8.00;;5.56;5.16;5.82;4.37;07:06:18
1419;11/17/2023;11/17/2023 1:28 PM;1:38 PM;44.91;VMS_4;1;4.94;4.96;4.95;4.92;3.31;2.65;2.65;2.12;10.01;10.63;11.20;13.07;;4.50;3.70;3.44;3.04;13:17:03
1419;11/17/2023;11/17/2023 12:05 AM;12:11 AM;31.77;VMS_4;1;4.94;5.01;4.94;5.02;3.31;2.51;2.65;2.12;7.98;8.84;9.13;5.82;;4.63;3.31;3.84;3.57;09:43:54
1422;11/17/2023;11/17/2023 10:07 PM;10:16 PM;13.43;VMS_3;1;0.00;3.44;3.41;3.51;0.66;2.51;3.04;2.78;0.66;4.98;3.44;4.34;;1.32;3.70;4.89;3.84;07:19:46
1422;11/17/2023;11/17/2023 2:40 PM;2:48 PM;36.22;VMS_3;1;3.55;3.57;3.48;3.60;1.32;3.31;3.44;3.31;1.15;13.56;8.77;12.74;;3.04;4.50;4.76;4.50;15:57:21
1423;11/17/2023;11/17/2023 1:48 PM;1:55 PM;24.93;VMS_4;1;4.33;4.36;4.34;4.26;3.17;2.51;2.78;2.91;6.11;5.95;6.17;6.70;;4.23;3.31;3.84;3.84;07:25:31
1423;11/17/2023;11/17/2023 6:17 AM;6:23 AM;32.65;VMS_4;1;4.41;4.36;4.48;4.37;3.57;2.65;2.78;2.91;8.07;7.78;8.11;8.69;;5.03;3.44;3.70;3.97;10:15:49
1423;11/17/2023;11/17/2023 11:34 PM;11:39 PM;31.09;VMS_4;1;4.45;4.34;4.42;4.35;3.04;2.65;2.78;2.78;7.87;7.41;7.72;8.09;;3.97;3.70;3.70;3.57;09:38:29
1424;11/17/2023;11/17/2023 9:21 AM;9:27 AM;28.79;VMS_4;1;4.28;4.23;4.35;4.17;2.25;1.72;2.12;2.25;8.02;6.17;8.25;6.35;;3.31;2.38;2.91;3.31;09:40:10
1424;11/17/2023;11/17/2023 2:37 PM;2:43 PM;16.20;VMS_4;1;4.06;3.96;4.07;4.12;2.25;1.59;2.25;1.85;4.30;2.82;5.29;3.79;;3.44;2.38;3.31;2.65;05:10:10
1424;11/17/2023;11/17/2023 10:47 PM;10:53 PM;27.32;VMS_4;1;4.19;4.14;4.28;4.14;2.38;1.85;2.12;2.38;7.17;5.93;7.76;6.46;;3.97;2.51;2.91;3.31;08:04:15
1425;11/17/2023;11/17/2023 8:02 PM;8:13 PM;36.80;VMS_3;1;3.47;3.55;3.74;3.64;1.32;1.46;1.59;1.85;7.03;10.69;8.95;10.12;;2.12;2.51;2.38;2.65;11:03:29
1425;11/17/2023;11/17/2023 8:48 AM;8:58 AM;35.52;VMS_3;1;3.56;3.70;3.82;3.73;1.32;1.46;1.59;1.98;6.68;10.12;8.58;10.14;;1.85;2.38;2.38;2.65;10:51:39
1427;11/17/2023;11/17/2023 6:32 AM;6:39 AM;41.42;VMS_4;1;4.35;4.15;4.28;4.10;2.38;3.44;1.98;2.91;9.81;10.89;9.22;11.51;;3.44;4.76;3.04;3.97;12:46:12
1427;11/17/2023;11/17/2023 6:09 PM;6:15 PM;37.85;VMS_4;1;4.25;4.15;4.20;4.01;2.65;3.97;2.91;3.17;8.82;10.43;8.64;9.96;;4.23;4.89;4.37;4.10;11:30:32
1429;11/17/2023;11/17/2023 10:22 AM;10:30 AM;45.75;VMS_3;1;4.29;4.44;4.35;4.33;2.12;3.17;2.78;2.12;11.42;11.09;12.13;11.11;;3.17;4.63;4.23;3.04;11:08:19
1429;11/17/2023;11/17/2023 7:20 PM;7:27 PM;38.71;VMS_3;1;4.14;4.22;4.22;4.11;2.25;2.78;2.78;1.85;9.79;9.28;10.49;9.15;;3.17;3.97;3.84;2.65;08:50:01
1430;11/17/2023;11/17/2023 8:39 PM;8:49 PM;40.96;VMS_4;1;3.65;3.74;3.74;4.48;1.59;1.72;1.85;1.46;10.52;11.88;10.58;7.98;;2.51;2.51;2.65;2.12;10:47:02
1430;11/17/2023;11/17/2023 9:42 AM;9:52 AM;46.58;VMS_4;1;3.88;3.96;3.88;4.50;1.72;1.85;1.85;1.46;12.15;13.36;11.57;9.50;;2.51;2.65;3.17;2.38;11:37:48
1432;11/17/2023;11/17/2023 1:37 PM;1:46 PM;29.21;VMS_3;1;4.03;4.10;4.08;4.06;1.98;2.38;3.31;2.38;6.90;8.02;7.36;6.92;;2.91;3.17;4.63;3.17;07:36:00
1432;11/17/2023;11/17/2023 10:31 PM;10:38 PM;33.77;VMS_4;1;4.12;4.34;4.28;4.21;1.85;2.25;3.17;2.51;7.89;8.29;9.39;8.20;;2.51;3.31;4.10;3.44;08:45:02
1432;11/17/2023;11/17/2023 5:55 AM;6:01 AM;34.08;VMS_3;1;4.16;4.22;4.16;4.20;1.85;2.38;3.17;2.38;7.91;9.06;8.64;8.47;;3.04;3.31;4.23;3.44;09:07:28
1433;11/17/2023;11/17/2023 10:31 AM;10:36 AM;28.46;VMS_3;1;4.16;4.24;4.15;4.27;2.65;2.65;2.38;2.12;6.28;8.05;7.36;6.77;;3.84;3.57;3.31;2.91;08:41:29
1433;11/17/2023;11/17/2023 1:44 AM;1:49 AM;20.50;VMS_3;1;4.03;4.15;4.09;4.14;2.65;2.65;2.25;2.12;4.76;5.95;5.11;4.67;;3.70;3.97;2.91;3.04;06:27:17
1433;11/17/2023;11/17/2023 8:52 PM;8:58 PM;30.95;VMS_3;1;4.07;4.03;4.08;4.18;2.78;2.91;2.25;2.12;7.01;9.11;7.89;6.94;;3.57;4.23;3.57;3.04;10:15:52
1434;11/17/2023;11/17/2023 12:44 PM;12:53 PM;38.80;VMS_4;1;4.34;4.36;4.34;4.24;2.91;1.98;3.04;2.25;9.83;9.72;10.32;8.93;;3.70;3.17;3.97;3.70;08:49:18
1434;11/17/2023;11/17/2023 3:47 AM;3:55 AM;40.28;VMS_4;1;4.48;4.48;4.42;4.38;2.91;1.98;2.65;2.38;9.66;10.38;11.05;9.19;;3.84;3.31;3.70;3.17;09:31:51
1435;11/17/2023;11/17/2023 10:23 AM;10:29 AM;38.62;VMS_4;1;4.08;4.10;4.09;3.89;3.17;2.91;2.78;2.38;9.35;8.97;10.47;9.83;;3.97;3.97;3.70;3.44;11:32:25
1435;11/17/2023;11/17/2023 11:50 PM;11:57 PM;43.30;VMS_3;1;3.86;3.86;3.87;3.88;3.70;3.31;2.91;2.25;10.23;11.13;11.38;10.56;;5.16;4.23;3.70;3.04;13:20:51
1436;11/17/2023;11/17/2023 9:01 AM;9:07 AM;34.97;VMS_4;1;4.75;4.63;4.75;4.50;2.51;2.51;2.78;2.12;9.55;8.27;10.05;7.10;;3.70;3.44;3.70;3.04;09:34:44
1436;11/17/2023;11/17/2023 8:25 PM;8:33 PM;40.81;VMS_3;1;4.54;4.49;4.68;4.58;2.38;2.51;2.12;1.98;10.54;10.87;11.11;8.29;;3.44;3.70;2.91;2.78;11:17:42
1437;11/17/2023;11/17/2023 10:39 PM;10:46 PM;38.12;VMS_4;1;4.05;4.14;4.08;4.01;1.98;2.25;1.85;2.12;7.89;11.13;8.09;11.00;;3.04;2.91;2.78;3.04;13:19:33
1437;11/17/2023;11/17/2023 9:13 AM;9:19 AM;32.08;VMS_4;1;4.14;4.23;4.21;3.96;2.25;2.38;2.25;2.25;6.94;9.35;6.86;8.93;;3.04;3.31;3.17;3.17;10:29:04
1440;11/17/2023;11/17/2023 10:51 AM;10:59 AM;19.05;VMS_4;1;;4.63;4.49;4.57;;2.65;1.72;2.51;;8.27;5.05;5.73;;;3.57;2.65;3.17;09:41:01
1440;11/17/2023;11/17/2023 1:05 AM;1:10 AM;16.12;VMS_4;1;;4.48;4.28;4.51;;2.51;1.46;2.38;;6.99;3.97;5.16;;;3.17;2.12;3.57;06:38:23
1440;11/17/2023;11/17/2023 7:46 PM;7:52 PM;23.10;VMS_4;1;;4.48;4.27;4.49;;2.25;1.72;2.25;;10.16;6.08;6.86;;;3.31;2.65;2.91;08:47:02
1441;11/17/2023;11/17/2023 4:20 PM;4:27 PM;19.91;VMS_3;1;3.76;3.72;3.83;5.44;1.59;2.78;1.98;1.59;4.59;6.86;6.17;2.29;;2.78;3.84;2.78;2.65;07:48:14
1441;11/17/2023;11/17/2023 8:26 AM;8:32 AM;19.91;VMS_4;1;3.88;3.83;3.81;6.23;1.98;3.04;1.98;1.46;4.87;6.48;6.57;1.98;;3.17;3.97;3.31;2.51;07:49:30
1441;11/17/2023;11/17/2023 12:30 AM;12:37 AM;23.24;VMS_4;1;3.87;3.87;3.81;6.39;1.72;3.04;1.85;1.46;5.64;7.67;7.69;2.23;;2.51;4.10;2.51;2.38;10:23:54
1442;11/17/2023;11/17/2023 2:44 PM;2:53 PM;33.27;VMS_4;1;4.19;4.16;4.07;3.93;2.51;1.85;2.25;2.78;7.58;8.73;7.72;9.24;;3.57;2.78;2.91;3.57;10:48:25
1442;11/17/2023;11/17/2023 3:50 AM;3:56 AM;22.69;VMS_3;1;3.96;4.03;4.02;4.00;2.25;1.72;1.98;2.38;5.03;6.02;5.25;6.39;;3.31;2.51;2.78;3.31;07:11:03
1443;11/17/2023;11/17/2023 6:50 AM;7:00 AM;36.93;VMS_4;1;4.01;4.09;4.01;4.24;2.25;1.32;2.12;1.32;8.05;8.99;11.13;8.75;;3.44;1.98;2.91;2.12;10:38:26
1443;11/17/2023;11/17/2023 4:15 PM;4:26 PM;32.67;VMS_4;1;3.72;3.96;3.87;4.13;1.59;1.19;1.72;1.32;7.30;8.38;10.23;6.77;;2.25;1.85;2.38;1.85;09:15:46
1447;11/17/2023;11/17/2023 6:11 PM;6:20 PM;37.65;VMS_3;1;4.23;4.14;4.36;4.23;2.25;1.59;1.85;1.46;9.06;9.48;10.14;8.97;;3.84;2.65;3.04;2.12;10:08:45
1447;11/17/2023;11/17/2023 7:54 AM;8:02 AM;39.22;VMS_4;1;4.47;4.42;4.48;4.44;2.38;1.72;1.85;1.72;10.14;9.35;10.10;9.63;;3.57;2.38;2.51;2.51;11:07:13
1449;11/17/2023;11/17/2023 9:47 AM;9:52 AM;29.32;VMS_3;1;4.16;4.10;4.15;4.07;3.57;3.84;3.31;2.38;7.28;9.02;6.39;6.64;;5.03;4.89;4.63;3.44;06:39:48
1449;11/17/2023;11/17/2023 3:02 AM;3:07 AM;36.95;VMS_3;1;4.16;4.16;4.16;4.27;3.70;3.84;3.17;2.65;8.97;11.31;7.85;8.82;;5.69;5.42;4.50;3.70;08:45:45
1449;11/17/2023;11/17/2023 7:49 PM;7:55 PM;41.76;VMS_3;1;4.27;4.15;4.22;4.24;3.31;3.44;3.31;2.51;10.74;12.48;8.95;9.59;;5.82;4.76;5.03;3.57;09:56:41
1451;11/17/2023;11/17/2023 7:06 PM;7:11 PM;21.85;VMS_4;1;4.32;4.41;4.28;4.21;2.65;2.65;3.17;2.51;5.18;6.22;5.29;5.16;;3.57;3.84;4.50;3.97;07:30:32
1451;11/17/2023;11/17/2023 1:25 AM;1:29 AM;19.20;VMS_3;1;4.37;4.42;4.43;4.47;2.91;2.51;2.91;2.25;4.32;5.49;4.65;4.74;;3.84;3.57;4.50;3.17;06:22:05
1451;11/17/2023;11/17/2023 11:29 AM;11:36 AM;28.31;VMS_4;1;4.48;4.49;4.48;4.37;3.31;2.65;3.31;2.51;6.46;7.87;6.94;7.03;;4.63;3.84;4.89;3.97;09:59:39
1453;11/17/2023;11/17/2023 12:24 AM;12:29 AM;31.20;VMS_3;1;4.50;4.29;4.43;4.33;3.04;3.57;3.31;2.91;4.08;11.57;7.50;8.05;;4.23;5.03;4.50;3.70;07:28:10
1453;11/17/2023;11/17/2023 10:02 AM;10:09 AM;36.71;VMS_3;1;4.43;4.17;4.42;4.27;3.17;3.31;3.44;2.78;4.94;12.06;9.50;10.21;;4.63;5.56;4.50;3.57;09:33:31
1453;11/17/2023;11/17/2023 7:53 PM;7:59 PM;36.27;VMS_4;1;4.51;4.21;4.34;4.16;3.17;3.31;3.44;2.91;4.98;12.21;9.39;9.68;;4.23;4.50;4.23;3.97;09:44:19
1454;11/17/2023;11/17/2023 10:10 AM;10:21 AM;43.10;VMS_3;1;4.23;4.17;4.28;4.27;1.72;1.46;2.25;1.46;10.36;11.22;11.57;9.94;;2.78;2.51;3.17;2.12;11:16:32
1454;11/17/2023;11/17/2023 9:18 PM;9:29 PM;39.93;VMS_3;1;3.93;3.90;4.14;3.97;1.46;1.19;1.72;1.19;9.61;9.66;10.74;9.92;;2.38;1.98;2.38;1.98;10:56:50
1455;11/17/2023;11/17/2023 6:36 PM;6:44 PM;32.72;VMS_4;1;4.52;4.48;;4.35;3.44;3.44;;3.44;10.49;10.71;;11.51;;4.76;4.76;;4.50;13:03:53
1455;11/17/2023;11/17/2023 5:28 AM;5:33 AM;25.35;VMS_3;1;4.49;4.43;;4.34;3.44;3.31;;3.31;7.83;9.11;;8.42;;4.63;4.63;;4.10;08:12:02
1456;11/17/2023;11/17/2023 2:24 AM;2:28 AM;11.86;VMS_3;1;3.90;4.02;4.09;4.00;1.46;1.98;1.72;1.46;2.47;3.17;3.09;3.13;;2.12;2.91;2.38;2.38;03:28:10
1456;11/17/2023;11/17/2023 8:33 AM;8:38 AM;19.71;VMS_4;1;4.01;4.03;4.08;4.02;1.72;1.85;1.98;1.59;4.28;5.42;4.74;5.27;;2.51;2.65;3.04;2.25;06:04:26
1456;11/17/2023;11/17/2023 4:32 PM;4:40 PM;25.90;VMS_4;1;3.93;4.02;4.01;4.12;1.59;2.25;2.38;1.85;5.82;6.90;6.55;6.64;;2.51;2.91;4.10;2.51;07:54:02
1456;11/17/2023;11/17/2023 11:11 PM;11:17 PM;21.03;VMS_4;1;3.85;3.94;3.88;3.94;1.59;2.12;1.98;1.85;4.83;5.53;5.16;5.51;;2.25;2.91;3.17;2.65;06:31:32
1457;11/17/2023;11/17/2023 3:32 AM;3:38 AM;28.70;VMS_4;1;4.41;4.41;4.55;4.45;2.65;2.12;2.65;2.38;6.77;6.48;6.75;8.71;;3.97;3.17;3.31;3.31;06:58:27
1457;11/17/2023;11/17/2023 2:53 PM;3:04 PM;41.34;VMS_4;1;4.39;4.43;4.48;4.39;2.78;2.38;2.51;2.25;10.12;9.15;9.90;12.17;;3.70;3.44;3.17;3.17;11:14:56
1457;11/17/2023;11/17/2023 11:39 PM;11:47 PM;34.68;VMS_4;1;4.32;4.20;4.35;4.28;3.17;2.12;2.51;2.25;8.22;7.21;8.44;10.80;;3.97;3.17;3.31;3.17;08:35:14
1458;11/17/2023;11/17/2023 1:58 PM;2:03 PM;26.37;VMS_3;1;;3.77;3.95;3.80;;3.44;3.04;2.91;;9.15;8.55;8.66;;;4.37;4.50;3.97;07:50:55
1458;11/17/2023;11/17/2023 9:37 PM;9:42 PM;25.93;VMS_3;1;;3.83;3.94;3.84;;3.31;3.04;2.91;;8.86;8.31;8.75;;;4.23;4.23;3.70;07:33:20
1458;11/17/2023;11/17/2023 6:02 AM;6:07 AM;26.57;VMS_3;1;;3.96;4.09;3.94;;3.31;3.17;2.91;;9.28;8.47;8.82;;;4.63;4.10;3.97;08:21:50
1460;11/17/2023;11/17/2023 8:49 PM;8:59 PM;25.31;VMS_4;1;4.05;4.01;3.95;3.94;1.19;1.46;1.06;1.19;4.30;8.18;5.89;6.94;;2.38;2.25;1.72;1.85;08:48:19
1460;11/17/2023;11/17/2023 11:51 AM;12:01 PM;25.84;VMS_4;1;4.01;4.16;4.08;4.10;1.19;1.19;1.06;1.32;5.58;7.45;5.60;7.21;;2.65;1.98;1.72;2.25;08:28:39
1460;11/17/2023;11/17/2023 3:16 AM;3:23 AM;18.03;VMS_4;1;3.88;3.94;3.88;4.11;1.19;1.46;1.32;1.46;3.70;5.22;3.86;5.25;;1.72;2.12;1.85;2.38;05:35:52
1461;11/17/2023;11/17/2023 1:39 AM;1:44 AM;27.25;VMS_4;1;4.21;4.28;4.28;4.11;2.38;2.65;2.12;1.98;6.37;7.74;6.99;6.15;;3.31;4.10;3.17;2.78;06:56:11
1461;11/17/2023;11/17/2023 9:11 PM;9:18 PM;32.10;VMS_4;1;3.98;3.94;3.94;3.88;2.78;3.04;2.12;2.12;7.19;8.91;8.51;7.50;;3.70;4.23;3.04;3.04;08:33:10
1461;11/17/2023;11/17/2023 12:31 PM;12:38 PM;36.31;VMS_4;1;4.20;4.16;4.14;3.91;2.91;3.04;2.38;2.38;8.91;10.41;8.91;8.09;;4.10;4.23;3.44;3.17;10:46:29
1462;11/17/2023;11/17/2023 2:29 AM;2:33 AM;19.82;VMS_4;1;3.74;3.21;3.74;3.51;3.97;3.04;4.10;3.17;5.22;4.32;5.40;4.87;;5.16;4.50;5.29;4.50;05:35:25
1462;11/17/2023;11/17/2023 1:47 PM;1:54 PM;35.89;VMS_3;1;3.90;3.77;3.88;3.79;4.76;3.70;4.37;3.31;9.68;8.73;8.69;8.80;;6.48;5.29;5.95;4.37;11:14:16
1463;11/17/2023;11/17/2023 2:17 PM;2:28 PM;53.77;VMS_3;1;4.50;4.51;4.68;4.60;1.98;2.91;1.85;1.98;11.07;16.40;11.29;15.01;;3.17;4.10;2.65;2.65;12:44:47
1463;11/17/2023;11/17/2023 1:24 AM;1:32 AM;34.81;VMS_4;1;4.35;4.48;4.35;4.44;1.72;2.65;1.59;1.72;7.25;9.90;7.34;10.32;;2.65;3.70;2.38;2.65;07:50:25
1465;11/17/2023;11/17/2023 3:39 AM;3:47 AM;26.24;VMS_4;1;4.28;4.35;4.21;4.38;1.72;1.59;1.32;1.72;5.78;7.43;5.78;7.25;;2.51;2.25;2.51;2.65;08:29:06
1465;11/17/2023;11/17/2023 10:08 AM;10:14 AM;21.10;VMS_4;1;4.14;4.23;4.08;4.16;1.59;1.46;1.32;1.59;4.76;6.24;4.45;5.64;;2.65;2.12;1.85;2.38;06:21:01
1465;11/17/2023;11/17/2023 8:07 PM;8:14 PM;29.50;VMS_4;1;4.25;4.41;4.27;4.36;1.72;1.59;1.59;1.59;6.64;8.55;6.66;7.65;;2.65;2.65;2.78;2.38;09:52:06
1468;11/17/2023;11/17/2023 11:38 AM;11:50 AM;41.38;VMS_4;1;4.34;3.90;4.35;4.23;2.38;2.12;2.12;1.98;9.13;13.51;8.88;9.85;;3.31;3.17;2.78;2.65;12:20:12
1470;11/17/2023;11/17/2023 5:23 AM;5:27 AM;23.96;VMS_3;1;4.16;4.23;4.16;4.14;3.17;3.57;3.04;2.51;5.60;6.17;5.78;6.42;;4.76;4.89;4.50;3.57;07:52:21
1470;11/17/2023;11/17/2023 2:58 PM;3:05 PM;26.52;VMS_3;1;4.23;4.18;4.23;4.18;3.57;3.57;3.17;2.38;6.57;6.97;6.26;6.72;;6.22;5.56;5.16;3.44;09:30:50
1470;11/17/2023;11/17/2023 10:10 PM;10:15 PM;22.64;VMS_4;1;4.12;4.21;4.22;4.14;3.04;3.04;2.91;2.65;5.91;6.22;5.45;5.07;;4.50;4.63;3.97;3.84;07:04:43
1471;11/17/2023;11/17/2023 4:12 PM;4:19 PM;37.28;VMS_3;1;4.42;4.25;4.03;4.32;2.65;2.38;2.12;2.91;7.91;9.70;8.84;10.82;;3.57;3.44;3.31;4.10;10:04:11
1471;11/17/2023;11/17/2023 6:02 AM;6:07 AM;30.40;VMS_4;1;4.41;4.42;4.42;4.23;2.78;2.25;2.38;2.91;6.86;7.52;7.14;8.88;;3.97;3.31;3.17;3.97;08:14:53
1472;11/17/2023;11/17/2023 12:28 PM;12:38 PM;26.39;VMS_3;1;3.69;3.71;3.82;3.79;1.98;1.32;1.98;1.32;6.55;6.31;7.63;5.91;;3.04;2.51;2.78;1.98;11:59:08
1472;11/17/2023;11/17/2023 12:23 AM;12:29 AM;23.66;VMS_4;1;3.66;3.66;3.67;3.68;1.85;1.32;1.98;1.32;6.15;5.25;6.79;5.47;;2.78;2.12;2.78;2.12;12:47:54
1473;11/17/2023;11/17/2023 12:40 AM;12:45 AM;27.45;VMS_4;1;4.61;4.68;4.62;4.65;1.72;2.65;1.59;2.65;4.83;8.77;5.11;8.73;;2.25;3.44;2.25;3.44;07:33:51
1473;11/17/2023;11/17/2023 10:57 AM;11:05 AM;36.88;VMS_3;1;4.56;4.51;4.22;4.67;1.85;3.17;1.72;2.78;6.13;12.41;7.05;11.29;;2.91;4.37;2.38;4.10;10:11:40
1473;11/17/2023;11/17/2023 8:22 PM;8:28 PM;31.72;VMS_4;1;4.45;4.61;4.54;4.49;1.72;2.78;1.85;2.78;5.84;10.27;5.97;9.63;;2.38;3.84;2.65;3.84;09:17:34
1474;11/17/2023;11/17/2023 10:59 PM;11:08 PM;44.42;VMS_3;1;3.99;3.85;4.07;4.04;2.51;2.65;2.12;2.12;8.84;12.81;10.63;12.15;;3.70;3.57;2.91;2.91;13:12:47
1474;11/17/2023;11/17/2023 9:40 AM;9:47 AM;36.35;VMS_3;1;4.03;3.97;4.08;4.07;2.65;2.65;2.12;2.25;7.45;10.56;8.33;10.01;;3.70;3.57;3.04;3.04;09:44:41
1475;11/17/2023;11/17/2023 5:37 AM;5:44 AM;46.45;VMS_3;1;4.09;4.16;4.16;4.20;4.10;3.31;3.31;3.97;10.19;13.85;9.92;12.50;;6.08;4.50;4.89;5.16;13:11:08
1475;11/17/2023;11/17/2023 4:27 PM;4:34 PM;43.39;VMS_3;1;4.23;4.13;4.23;4.23;3.97;3.31;3.31;4.10;9.39;12.72;8.97;12.30;;5.29;4.76;5.03;5.29;10:43:05
1476;11/17/2023;11/17/2023 5:14 PM;5:24 PM;23.77;VMS_4;1;3.99;3.95;4.00;4.14;1.46;1.19;1.46;1.06;5.84;5.91;6.06;5.95;;1.98;1.85;1.98;1.72;09:20:49
1476;11/17/2023;11/17/2023 7:46 AM;7:53 AM;21.50;VMS_4;1;4.07;3.95;4.08;4.11;1.59;1.19;1.46;1.19;5.40;5.34;5.47;5.29;;2.25;1.72;2.12;2.51;08:41:41
1477;11/17/2023;11/17/2023 8:22 AM;8:31 AM;30.71;VMS_3;1;;3.90;3.82;3.87;;1.59;1.85;1.32;;11.38;10.12;9.22;;;2.65;2.65;1.98;10:20:46
1477;11/17/2023;11/17/2023 7:12 PM;7:20 PM;33.55;VMS_4;1;;3.88;3.81;3.88;;1.98;2.25;1.59;;12.02;11.29;10.25;;;2.78;3.31;2.38;10:40:15
1478;11/17/2023;11/17/2023 4:03 PM;4:10 PM;29.98;VMS_3;1;4.22;4.05;4.23;4.19;2.51;3.04;3.17;2.25;7.03;8.53;7.63;6.79;;3.57;4.10;4.23;3.57;09:39:28
1478;11/17/2023;11/17/2023 6:18 AM;6:24 AM;30.71;VMS_3;1;4.43;4.23;4.36;4.40;2.65;3.17;3.04;2.38;6.83;8.55;8.09;7.23;;3.84;4.23;4.10;3.31;08:52:29
1478;11/17/2023;11/17/2023 11:44 PM;11:49 PM;27.03;VMS_3;1;4.20;4.06;4.21;4.21;2.91;3.31;3.44;2.65;6.31;7.50;6.77;6.46;;4.23;4.10;4.10;3.44;07:34:15
1479;11/17/2023;11/17/2023 5:22 PM;5:29 PM;24.07;VMS_3;1;4.02;4.06;4.16;4.10;1.59;1.98;2.12;1.59;6.24;6.00;6.72;5.11;;2.38;2.78;2.91;2.25;09:58:07
1479;11/17/2023;11/17/2023 7:17 AM;7:24 AM;30.20;VMS_3;1;4.16;4.16;4.16;4.20;1.72;2.12;2.25;1.98;7.63;7.39;8.64;6.55;;2.51;3.17;3.04;2.65;13:38:25
1480;11/17/2023;11/17/2023 7:04 AM;7:12 AM;31.68;VMS_3;1;4.30;4.36;4.43;4.40;1.19;2.12;1.59;1.46;6.22;9.50;6.94;9.02;;1.98;2.78;2.25;2.25;08:42:47
1480;11/17/2023;11/17/2023 9:00 PM;9:11 PM;45.17;VMS_4;1;4.59;4.68;4.61;4.68;1.19;1.85;1.32;1.46;9.48;13.05;10.27;12.37;;1.98;2.91;1.98;2.25;13:47:11
1483;11/17/2023;11/17/2023 4:35 PM;4:45 PM;35.85;VMS_3;1;3.96;3.86;3.97;3.96;3.04;2.91;3.17;2.38;8.58;9.08;8.05;10.14;;4.50;4.23;4.37;3.31;09:42:46
1483;11/17/2023;11/17/2023 6:47 AM;6:53 AM;29.28;VMS_3;1;3.76;3.83;3.76;3.80;3.17;3.44;3.44;2.51;6.64;7.54;6.81;8.29;;4.63;4.63;4.89;3.70;06:45:17
1484;11/17/2023;11/17/2023 7:25 AM;7:30 AM;17.37;VMS_3;1;4.70;4.50;4.49;4.54;2.91;2.38;2.65;1.98;5.20;3.46;5.47;3.24;;4.50;3.84;3.70;3.04;14:12:53
1484;11/17/2023;11/17/2023 6:06 PM;6:10 PM;17.55;VMS_3;1;4.49;4.20;4.36;4.50;3.17;2.38;2.78;2.25;4.85;3.86;5.27;3.57;;4.50;3.70;3.84;3.31;10:36:46
1485;11/17/2023;11/17/2023 6:46 PM;6:54 PM;27.05;VMS_4;1;3.99;4.08;4.01;4.21;1.32;1.72;1.85;1.85;5.95;8.02;6.00;7.08;;2.12;2.38;2.51;3.04;08:39:12
1485;11/17/2023;11/17/2023 9:59 AM;10:07 AM;26.43;VMS_4;1;3.87;4.03;3.95;3.96;1.46;1.59;1.72;1.72;5.82;7.85;6.08;6.68;;2.12;2.38;2.38;2.38;07:47:35
1485;11/17/2023;11/17/2023 2:05 AM;2:12 AM;24.03;VMS_4;1;4.08;4.08;4.15;4.18;1.32;1.59;1.85;1.85;5.07;7.03;5.51;6.42;;1.98;2.38;2.51;2.51;07:40:08
1486;11/17/2023;11/17/2023 3:44 AM;3:49 AM;25.71;VMS_3;1;4.23;4.09;4.23;4.00;2.51;3.70;2.25;3.84;5.97;7.19;6.19;6.35;;3.44;5.56;2.91;5.16;08:21:19
1486;11/17/2023;11/17/2023 8:20 PM;8:24 PM;23.44;VMS_3;1;4.14;3.89;4.15;4.11;3.04;3.84;3.04;3.84;5.91;6.64;5.69;5.20;;4.23;4.89;4.37;4.89;07:20:03
1486;11/17/2023;11/17/2023 12:53 PM;1:00 PM;27.56;VMS_4;1;4.14;4.03;4.21;3.98;2.91;3.70;2.91;3.84;6.92;7.47;7.14;6.02;;4.10;4.63;3.97;6.22;09:04:30
1487;11/17/2023;11/17/2023 7:28 PM;7:33 PM;27.89;VMS_3;1;4.14;4.08;4.29;4.11;1.98;2.51;2.12;1.98;6.19;8.55;5.80;7.34;;2.78;3.57;2.91;2.78;07:16:16
1487;11/17/2023;11/17/2023 3:25 AM;3:31 AM;27.56;VMS_3;1;4.23;4.29;4.43;4.34;1.59;2.25;1.98;1.85;5.71;8.25;6.15;7.45;;2.78;3.31;2.65;2.51;07:27:40
1487;11/17/2023;11/17/2023 12:03 PM;12:11 PM;30.38;VMS_3;1;4.23;4.24;4.36;4.13;1.85;2.65;1.98;2.25;6.92;9.11;6.37;7.98;;2.51;3.70;2.91;3.04;08:31:54
1489;11/17/2023;11/17/2023 7:05 AM;7:11 AM;38.34;VMS_4;1;4.08;4.15;4.15;3.90;3.57;2.78;3.57;2.91;8.53;10.16;9.46;10.19;;4.89;3.97;4.76;4.37;13:20:45
1489;11/17/2023;11/17/2023 4:57 PM;5:05 PM;29.67;VMS_4;1;3.99;4.08;4.07;3.80;3.44;2.51;3.44;2.78;6.64;7.87;7.43;7.74;;4.50;3.97;4.89;3.97;09:45:41
1495;11/17/2023;11/17/2023 11:00 AM;11:06 AM;27.21;VMS_4;1;4.07;4.03;4.22;4.10;2.91;1.72;2.91;1.98;7.05;5.62;7.87;6.66;;4.10;2.65;4.23;3.04;10:02:46
1495;11/17/2023;11/17/2023 12:52 AM;12:57 AM;20.48;VMS_4;1;4.08;3.95;4.08;4.04;2.65;1.72;2.91;1.98;5.93;4.70;5.51;4.34;;3.97;2.91;5.03;3.31;07:59:30
1495;11/17/2023;11/17/2023 10:39 PM;10:45 PM;29.08;VMS_3;1;3.99;3.91;4.00;3.97;2.78;1.72;2.91;1.85;8.00;6.48;7.98;6.61;;4.10;2.51;4.37;2.51;11:32:19
1501;11/17/2023;11/17/2023 5:30 PM;5:40 PM;36.93;VMS_3;1;4.83;4.94;4.83;5.04;2.51;2.51;2.91;2.12;8.95;10.52;8.95;8.51;;3.17;3.84;3.97;3.04;11:35:57
1501;11/17/2023;11/17/2023 5:47 AM;5:54 AM;35.80;VMS_3;1;4.76;5.03;4.76;4.81;2.38;2.51;3.04;2.25;8.29;10.05;9.37;8.09;;3.70;4.76;4.37;3.70;11:35:05
1503;11/17/2023;11/17/2023 5:04 PM;5:12 PM;25.20;VMS_3;1;4.22;4.13;4.29;4.10;2.91;1.85;2.91;1.32;6.68;5.64;6.90;5.97;;4.10;2.65;3.84;1.85;09:33:09
1503;11/17/2023;11/17/2023 7:24 AM;7:31 AM;30.38;VMS_4;1;4.34;4.36;4.48;4.38;3.04;1.72;3.17;1.59;7.63;6.77;8.62;7.36;;4.76;2.65;4.37;2.38;13:32:39
1504;11/17/2023;11/17/2023 4:57 PM;5:03 PM;8.14;VMS_3;1;4.76;4.46;5.10;4.30;0.79;1.06;1.19;1.19;1.46;1.70;2.09;2.89;;1.46;1.59;2.12;1.72;09:20:00
1504;11/17/2023;11/17/2023 7:30 AM;7:37 AM;17.35;VMS_3;1;4.23;4.17;4.62;4.40;1.32;1.19;1.98;1.46;4.65;3.31;6.53;2.87;;1.85;1.72;2.65;1.98;13:33:38
1507;11/17/2023;11/17/2023 7:19 AM;7:23 AM;15.45;VMS_4;1;4.81;;4.35;4.11;1.32;;2.25;2.38;1.50;;6.68;7.28;;1.98;;3.31;3.31;13:11:43
1507;11/17/2023;11/17/2023 6:21 PM;6:26 PM;15.54;VMS_3;1;5.28;;4.16;4.17;1.32;;1.98;2.12;1.54;;6.53;7.47;;2.12;;2.65;3.04;10:57:10
1511;11/17/2023;11/17/2023 7:38 AM;7:44 AM;22.93;VMS_3;1;4.70;4.63;4.62;4.60;2.78;2.51;2.51;1.98;5.84;6.19;6.13;4.76;;4.10;4.23;3.70;3.31;14:08:45
1511;11/17/2023;11/17/2023 5:13 PM;5:19 PM;17.90;VMS_3;1;4.56;4.53;4.63;4.64;3.31;2.91;2.91;3.04;4.70;4.83;4.63;3.75;;5.16;4.76;4.63;4.63;09:29:35
