cow,teat,vol,sarea,peri,area,circ,exc,len,date,begin_time,days_in_milk,device_name,is_incomplete,interval_sec,lactation_number,conductivity,mean_flow,peak_flow,yield,kickoff
962,lf,5.573957541887206,,852.4173516239526,,0.69746011405273,0.6393726931073498,42.45733244970958,20231117,2023-11-17 11:18:00,118.0,VMS_2,Unchecked,35381.0,4,5.05,0.96,1.32,4.59,Unchecked
1023,lf,1.621161904286881,590.2414754879745,527.3208511739211,16527.0,0.7492618138444672,0.6323527359062887,48.38712135075683,20231117,2023-11-17 12:46:00,117.0,VMS_2,Unchecked,25442.0,4,4.51,1.14,1.62,4.05,Unchecked
1061,lf,3.3976858128382337,851.6362227615297,713.7066735052979,25813.0,,0.6290438876099778,38.25734973566109,20231117,2023-11-17 12:10:00,284.0,VMS_2,Unchecked,39664.0,3,4.71,1.2,1.8,4.82,Unchecked
1074,lf,3.949913653458976,1062.524430198065,687.8366158202092,28806.0,0.7662431664749897,0.6095496209599829,44.53672367606391,20231117,2023-11-17 14:56:00,222.0,VMS_2,Unchecked,27373.0,3,4.65,1.44,1.98,3.05,Unchecked
1081,lf,4.8004541639296985,787.6250147083648,754.541197284454,32392.0,0.7140692185690887,0.7294858007135578,,20231117,2023-11-17 11:33:00,258.0,VMS_2,Unchecked,38704.0,3,4.99,1.26,1.86,5.52,Unchecked
1084,lf,2.215566381630321,656.9575509429052,582.250306372319,20421.5,0.7573101973949605,0.6926897568178663,31.30932372655741,20231117,2023-11-17 15:04:00,150.0,VMS_2,Unchecked,39804.0,3,4.58,1.32,1.8,5.48,Unchecked
1089,lf,3.4383739414655925,810.3783384545924,663.6711395993651,26611.0,0.756198369889961,0.7259096095242145,48.85984787984727,20231117,2023-11-17 13:46:00,201.0,VMS_2,Unchecked,28585.0,3,4.45,1.68,2.4,4.33,Unchecked
1098,lf,3.1019538402640365,814.8832193735107,722.7777413171634,31916.0,0.7699305138175974,0.5971899068482119,42.89385071952725,20231117,2023-11-17 11:56:00,252.0,VMS_1,Unchecked,33052.0,3,5.31,1.2,1.62,3.83,Unchecked
1100,lf,3.4003408943587665,766.4557040374784,708.1980515339465,29861.0,0.733205438982397,0.731493387360985,30.696688926704663,20231117,2023-11-17 15:04:00,284.0,VMS_1,Unchecked,26934.0,3,4.85,0.96,1.44,2.79,Unchecked
1102,lf,4.072827894359751,876.0386792211342,826.0559159102154,,0.7015863513707813,0.79125178239043,54.18040855440474,20231117,2023-11-17 11:45:00,212.0,VMS_2,Unchecked,41147.0,3,4.52,1.44,1.98,6.42,Unchecked
1127,lf,,1169.27471385995,835.6122650963194,34071.5,,0.6969951060992747,46.96979865726118,20231117,2023-11-17 14:46:00,42.0,VMS_2,Unchecked,29232.0,3,4.38,0.96,1.44,5.35,Unchecked
1139,lf,,,,,,0.5508509420733837,,20231117,2023-11-17 11:41:00,54.0,VMS_1,Unchecked,38444.0,3,4.44,0.54,0.96,5.31,Unchecked
1144,lf,4.828315339237046,950.120959790362,653.7827919510468,25998.0,0.7604317224343752,0.7161004745401632,,20231117,2023-11-17 13:02:00,86.0,VMS_1,Unchecked,35524.0,3,4.38,1.68,2.34,4.33,Unchecked
1148,lf,4.70165474883063,925.0165750026624,732.842712474619,30102.0,0.7033774446470578,,43.92831059855721,20231117,2023-11-17 16:32:00,129.0,VMS_2,Unchecked,27152.0,3,4.65,1.56,2.16,4.48,Unchecked
1151,lf,3.4527963051052373,837.4528504156997,722.6589462905454,29788.0,0.7108672827214887,,49.78777321186839,20231117,2023-11-17 14:55:00,110.0,VMS_1,Unchecked,27186.0,3,4.51,2.04,2.58,4.17,Unchecked
1153,lf,3.061955223667048,966.5325239714282,858.1503243191938,35268.0,,0.7131043572176461,40.94768332805172,20231117,2023-11-17 14:30:00,75.0,VMS_1,Unchecked,18982.0,3,4.58,1.68,2.34,3.76,Unchecked
1159,lf,,944.4784391799626,803.0203820042827,31798.0,,0.6177069561636189,51.263534638189306,20231117,2023-11-17 17:16:00,9.0,VMS_2,Unchecked,38749.0,3,4.65,0.96,1.56,5.18,Unchecked
1163,lf,1.1116717323350191,663.7310090118932,662.3158005400378,26066.0,0.7581846905528026,0.6983621537664011,,20231117,2023-11-17 16:46:00,100.0,VMS_1,Unchecked,29254.0,3,0.0,0.3,0.96,0.51,Unchecked
1164,lf,5.255461554667713,1053.0325837193168,713.445742854949,30133.0,0.7510371993191293,0.7095594671140182,51.22964952219754,20231117,2023-11-17 15:14:00,23.0,VMS_1,Unchecked,22123.0,3,4.11,1.98,2.76,4.16,Unchecked
1168,lf,4.229279219817575,862.8748301981764,661.6589462905454,27159.0,0.7817087980759181,,37.0539906701996,20231117,2023-11-17 11:11:00,61.0,VMS_1,Unchecked,31349.0,3,4.57,0.66,1.14,6.17,Unchecked
1170,lf,2.229985999061914,575.7435051412247,603.611219075793,21532.0,0.7406238050222013,0.625949869627464,44.89584124416768,20231117,2023-11-17 16:59:00,14.0,VMS_2,Unchecked,38219.0,3,4.45,1.32,1.8,2.6,Unchecked
1171,lf,2.9935284533818174,657.2392626498175,576.8122292025696,20298.0,0.7714640016829881,,38.07545696686867,20231117,2023-11-17 17:07:00,318.0,VMS_1,Unchecked,49098.0,2,4.78,1.44,1.8,6.31,Unchecked
1173,lf,2.736533717894363,828.0207989016061,637.5128060534578,22934.0,0.7121624073447729,0.6204019221220277,,20231117,2023-11-17 17:47:00,6.0,VMS_3,Unchecked,41458.0,3,4.23,0.96,1.32,5.65,Unchecked
1177,lf,,,753.5128060534577,30449.0,0.6739095688949089,0.7617666955256714,34.19302519120688,20231117,2023-11-17 17:18:00,20.0,VMS_1,Unchecked,63739.0,3,4.31,1.08,1.56,9.62,Unchecked
1192,lf,2.9272006425758885,813.7974514605903,822.183332908185,,0.7259221061503691,0.5511948094384502,45.30583190334647,20231117,2023-11-17 13:51:00,353.0,VMS_1,Unchecked,28405.0,2,4.58,1.08,1.56,3.3,Unchecked
1198,lf,3.4106594501597467,795.1925233968169,703.144227664784,26593.0,0.6697179905947526,0.6690254090247548,39.42294988623882,20231117,2023-11-17 11:54:00,309.0,VMS_2,Unchecked,43471.0,2,4.31,1.62,2.1,3.1,Unchecked
1200,lf,2.152166535578787,848.2719767422543,649.031529292576,23862.0,0.7124112727331243,0.7758353097192107,36.55534046341412,20231117,2023-11-17 16:11:00,356.0,VMS_2,Unchecked,33881.0,2,4.31,1.32,1.8,3.7,Unchecked
1207,lf,3.4106594501597467,795.1925233968169,703.144227664784,26593.0,0.6697179905947526,0.6690254090247548,39.42294988623882,20231117,2023-11-17 13:18:00,296.0,VMS_2,Unchecked,32686.0,2,4.92,1.2,1.92,3.85,Unchecked
1212,lf,,,,,,,,20231117,2023-11-17 14:35:00,282.0,VMS_2,Unchecked,46378.0,2,,,,,Unchecked
1219,lf,3.825089530775929,830.4336328468057,639.7924599429249,21197.0,0.6508930326897961,0.6791173405214832,46.33857677921772,20231117,2023-11-17 17:49:00,306.0,VMS_2,Unchecked,37283.0,2,4.65,1.5,1.98,5.03,Unchecked
1231,lf,2.7636207276832883,1050.1847045099505,665.4665581351203,27534.5,0.7827151179131209,0.5287799133291431,46.3728417763724,20231117,2023-11-17 13:43:00,185.0,VMS_1,Unchecked,25926.0,2,4.52,1.44,1.92,4.32,Unchecked
1233,lf,3.621894432229914,721.8262248148509,576.9482681718907,20529.0,0.7729996805092784,0.6153638533564558,47.59549733868111,20231117,2023-11-17 13:20:00,246.0,VMS_1,Unchecked,42736.0,2,4.18,1.2,1.74,4.9,Unchecked
1240,lf,3.908781827746832,847.3171963937,661.3746750430836,26963.0,0.7781628889251425,0.6521258725348864,44.55220605339101,20231117,2023-11-17 14:37:00,231.0,VMS_1,Unchecked,29540.0,2,4.32,0.9,1.26,4.31,Unchecked
1243,lf,4.514484501824641,841.7185831199823,680.7005768508881,26643.0,0.7266665677605867,0.5615692460366237,41.86865292568744,20231117,2023-11-17 12:17:00,246.0,VMS_1,Unchecked,44914.0,2,4.18,1.8,2.34,4.88,Unchecked
1245,lf,3.913462534027525,872.5603194784526,641.6000717874997,24521.0,0.7502594391455222,0.7191409587043615,50.27761555789556,20231117,2023-11-17 13:08:00,267.0,VMS_2,Unchecked,34349.0,2,4.64,1.92,2.82,4.36,Unchecked
1246,lf,2.4769546452812072,496.1835000859643,550.3746750430836,17578.0,0.7353496270847429,0.7551051074558043,44.72523410118144,20231117,2023-11-17 16:40:00,248.0,VMS_2,Unchecked,36064.0,2,4.92,0.78,1.26,2.26,Unchecked
1258,lf,3.2427790377914083,923.2715014791644,676.5589642374204,25444.0,0.6976639130713478,0.7388456914301165,46.59048259780741,20231117,2023-11-17 12:37:00,186.0,VMS_2,Unchecked,49566.0,2,3.97,1.62,2.16,5.72,Unchecked
1259,lf,3.801990453756379,888.5496437603681,700.4406922210657,28338.0,0.7228096978118899,0.6682391884518603,32.923747048682024,20231117,2023-11-17 12:55:00,249.0,VMS_2,Unchecked,38773.0,2,4.44,1.08,1.56,5.2,Unchecked
1263,lf,2.537990649017887,665.5728643500966,626.1264607118176,16370.0,,0.6395771452274392,43.498288290114346,20231117,2023-11-17 12:43:00,184.0,VMS_1,Unchecked,21070.0,2,4.31,1.32,1.74,2.37,Unchecked
1266,lf,4.600043563154406,948.8930978634004,689.2624996811387,26690.5,0.7078782899034473,,47.62876295276312,20231117,2023-11-17 16:19:00,222.0,VMS_2,Unchecked,55775.0,2,4.25,0.78,1.2,5.83,Unchecked
1267,lf,5.517550169286636,1010.6954414531452,659.8549057834388,25402.0,0.7451744751889566,0.6178529752020456,34.09188142487572,20231117,2023-11-17 16:24:00,264.0,VMS_1,Unchecked,74198.0,2,4.11,1.02,1.62,6.85,Unchecked
1273,lf,,924.7339133043274,,34088.0,,0.6416331607885138,56.9654541333951,20231117,2023-11-17 16:02:00,206.0,VMS_2,Unchecked,32276.0,2,4.11,1.08,1.62,3.61,Unchecked
1274,lf,4.5630942139857495,924.1910045101014,796.570634535977,30668.0,,0.574111985732645,56.39505473121516,20231121,2023-11-17 21:10:00,104.0,VMS_2,Unchecked,36221.0,2,4.18,0.84,1.26,3.23,Unchecked
1276,lf,3.013548583761538,761.9847268372341,655.0401512639276,24942.0,0.7443348656758225,0.7019661402043342,51.47498513546024,20231117,2023-11-17 14:47:00,117.0,VMS_1,Unchecked,23374.0,2,4.25,1.2,1.62,4.11,Unchecked
1277,lf,5.305095866185088,1033.7924623331603,858.1330803764909,,0.6655433043867327,,,20231117,2023-11-17 13:37:00,175.0,VMS_2,Unchecked,27071.0,2,4.31,1.92,2.58,5.94,Unchecked
1282,lf,4.505333581091534,912.7245592483116,721.0437226013958,31186.0,0.7503046400838467,0.6704048935123612,36.571569486972535,20231117,2023-11-17 12:20:00,72.0,VMS_2,Unchecked,32274.0,2,4.58,1.56,2.1,5.83,Unchecked
1305,lf,1.091895255119929,900.1463413269157,756.3279938488577,31277.0,0.6950308459544225,0.5994790268493939,,20231117,2023-11-17 13:31:00,90.0,VMS_1,Unchecked,35036.0,2,3.78,1.2,1.62,7.66,Unchecked
1319,lf,,,687.5290039756343,24463.0,,0.732312192452442,29.195666117882283,20231117,2023-11-17 12:29:00,30.0,VMS_2,Unchecked,36700.0,2,4.64,1.38,1.8,2.31,Unchecked
1321,lf,3.076836337164659,731.9125389593173,530.4528855298854,17906.5,,0.5201028422459419,,20231117,2023-11-17 14:17:00,81.0,VMS_1,Unchecked,20602.0,2,3.98,1.68,2.34,3.38,Unchecked
1380,lf,2.195661197417331,529.8154552202564,558.28331496131,18948.5,0.7624803933504707,0.6988906965573132,41.517488038793175,20231117,2023-11-17 12:59:00,301.0,VMS_3,Unchecked,26190.0,1,4.03,1.32,1.62,2.45,Unchecked
1389,lf,2.9212477835307924,697.3310256683909,626.1528496361356,22313.0,0.7173697187614495,0.7120890371044224,44.9314701982466,20231117,2023-11-17 15:28:00,312.0,VMS_3,Unchecked,43768.0,1,4.16,1.32,1.92,6.62,Unchecked
1391,lf,1.9193601629795427,464.2225038072861,483.2619766708754,13075.0,0.7035359748026202,0.7010657802335457,38.74387950501791,20231117,2023-11-17 17:32:00,256.0,VMS_4,Unchecked,29994.0,1,3.92,1.26,1.86,2.8,Unchecked
1396,lf,,,,,,,,20231117,2023-11-17 12:21:00,223.0,VMS_3,Unchecked,34032.0,1,,,,,Unchecked
1397,lf,1.7780526149216485,491.177940189802,557.7680733252853,18172.5,0.7333170579700783,0.7576081890431561,46.65028545424876,20231117,2023-11-17 11:46:00,249.0,VMS_3,Unchecked,27673.0,1,3.89,1.8,2.46,2.01,Unchecked
1398,lf,3.235939717337308,627.1840919119486,550.2122471494446,18427.5,0.7638010791640859,0.7533887417258212,55.654876838277374,20231117,2023-11-17 17:41:00,257.0,VMS_4,Unchecked,43959.0,1,4.26,1.08,1.68,4.07,Unchecked
1399,lf,3.3149974047222965,566.6767876414153,517.303607231218,15411.0,0.7220831672365797,0.7338493295499696,57.1777968460802,20231117,2023-11-17 14:28:00,254.0,VMS_4,Unchecked,31813.0,1,4.26,0.9,1.32,2.68,Unchecked
1401,lf,3.731329301570492,805.2132243594176,649.0731598529185,23003.5,0.6853606842689457,0.7366549918829964,52.64746672177468,20231117,2023-11-17 14:09:00,251.0,VMS_4,Unchecked,49984.0,1,3.66,2.16,2.88,4.38,Unchecked
1404,lf,1.787834003478441,428.4315427151293,497.5548698896889,14457.0,0.734605029033407,0.7189856353906379,39.0375203595854,20231117,2023-11-17 13:07:00,256.0,VMS_3,Unchecked,19939.0,1,4.7,1.44,1.98,1.75,Unchecked
1409,lf,1.122919871366973,405.6497668906445,436.7361107568208,10640.0,0.7037582799643984,,36.13929275179503,20231117,2023-11-17 16:40:00,180.0,VMS_4,Unchecked,25252.0,1,4.13,0.84,1.08,2.66,Unchecked
1410,lf,1.5880678218883464,624.9963161748642,557.5726368426552,17867.5,0.7254809533015832,,36.58400546658555,20231117,2023-11-17 14:06:00,252.0,VMS_3,Unchecked,39585.0,1,4.03,0.72,1.02,4.22,Unchecked
1412,lf,2.06402288664823,536.7133825957419,503.5934521228266,15895.5,0.7777157821382681,,39.97556281807731,20231117,2023-11-17 13:17:00,200.0,VMS_3,Unchecked,26125.0,1,3.96,0.96,1.62,2.85,Checked
1414,lf,1.907279945000921,476.3006375250424,542.3574311003805,16694.0,0.710521446197148,0.7919924765147883,48.08675354585792,20231117,2023-11-17 12:08:00,267.0,VMS_4,Unchecked,58637.0,1,4.07,1.32,1.8,3.83,Unchecked
1417,lf,2.666775083203796,563.4407977764597,589.8721497261419,20020.5,0.7252709471093086,0.7307009331896279,56.60790360142053,20231117,2023-11-17 16:49:00,222.0,VMS_4,Unchecked,30907.0,1,4.33,1.5,2.04,4.59,Unchecked
1419,lf,2.640531548919987,661.3014024743004,596.7416844009674,19966.5,0.6978484756903451,0.7727799135783147,48.51555904965765,20231117,2023-11-17 13:28:00,235.0,VMS_4,Unchecked,47823.0,1,4.94,1.5,2.04,4.54,Unchecked
1422,lf,0.7474783253855579,204.88193575629515,,5164.0,0.7431054166800597,0.6180142032840444,39.72445290250037,20231117,2023-11-17 14:40:00,251.0,VMS_3,Unchecked,57441.0,1,3.55,0.6,1.38,0.52,Unchecked
1423,lf,2.08408434786064,570.6826631346357,522.2325394193526,14574.0,0.6838196722695077,0.7554493361982145,27.5118857760926,20231117,2023-11-17 13:48:00,195.0,VMS_4,Unchecked,26731.0,1,4.33,1.44,1.92,2.77,Unchecked
1424,lf,1.734657760119597,419.0020909475742,501.70057685088807,15434.0,0.7691201310229984,0.7354882257511486,47.40336239934925,20231117,2023-11-17 14:37:00,179.0,VMS_4,Unchecked,18610.0,1,4.06,1.02,1.56,1.95,Unchecked
1432,lf,1.5168808851668132,390.8559277773141,514.0939751330899,15655.0,0.7426502478416015,0.6805244068363532,35.49317729731451,20231117,2023-11-17 13:37:00,92.0,VMS_3,Unchecked,27360.0,1,4.03,0.9,1.32,3.13,Unchecked
1434,lf,1.9905917886287408,515.3098158015664,562.4518395093589,17343.0,0.6880337689114082,0.6891985454098144,41.6988385237801,20231117,2023-11-17 12:44:00,196.0,VMS_4,Unchecked,31758.0,1,4.34,1.32,1.68,4.46,Unchecked
1441,lf,1.5018872808600574,377.87067410325966,477.3421894643557,12726.0,0.7111792974474781,0.7754783396994283,51.182053940019614,20231117,2023-11-17 16:20:00,192.0,VMS_3,Unchecked,28094.0,1,3.76,0.72,1.26,2.08,Unchecked
1442,lf,2.6320063074486555,572.5323680382418,552.2386360737624,15720.0,,0.7077620294023762,44.108150746326366,20231117,2023-11-17 14:44:00,165.0,VMS_4,Unchecked,38905.0,1,4.19,1.14,1.62,3.44,Unchecked
1443,lf,1.728300504762053,382.6214344091016,406.7949852598665,9851.0,0.7428515485814006,0.6041206496716434,42.599183128144176,20231117,2023-11-17 16:15:00,113.0,VMS_4,Unchecked,33346.0,1,3.72,0.72,1.02,3.31,Unchecked
1456,lf,0.9534674120234669,303.311865118548,371.14927829866735,8154.0,0.7090606108015303,0.6463099274371487,33.48013028422146,20231117,2023-11-17 16:32:00,131.0,VMS_4,Unchecked,28442.0,1,3.93,0.72,1.14,2.64,Unchecked
1457,lf,1.004173485248969,314.56630458805193,419.0929291125633,10054.5,0.7317255415228752,0.7321545465438692,42.49837186321064,20231117,2023-11-17 14:53:00,38.0,VMS_4,Unchecked,40496.0,1,4.39,1.26,1.68,4.59,Unchecked
1458,lf,1.092085331397119,320.9355982728006,375.4746570962086,8280.0,0.7419227502651244,0.6913289670307379,44.49962349903173,20231117,2023-11-17 13:58:00,52.0,VMS_3,Unchecked,28255.0,1,,,,,Unchecked
1460,lf,1.44142728145794,437.7742230459523,448.4751801064719,11892.0,0.7440235554812415,0.6299697177414024,39.68255547111932,20231117,2023-11-17 11:51:00,107.0,VMS_4,Unchecked,30519.0,1,4.01,0.54,1.2,2.53,Unchecked
1461,lf,3.028355215314135,561.4971386510279,609.4579361637689,18192.0,,0.7128549528590026,48.76917741701175,20231117,2023-11-17 12:31:00,74.0,VMS_4,Unchecked,38789.0,1,4.2,1.32,1.86,4.04,Unchecked
1462,lf,2.405155616594442,511.2693069994969,594.0792565073284,20092.0,0.7139035540727997,0.7765663641351424,35.19684761706861,20231117,2023-11-17 13:47:00,17.0,VMS_3,Unchecked,40456.0,1,3.9,2.16,2.94,4.39,Unchecked
1463,lf,1.885219868738097,455.20808139111534,475.9071606218114,13324.0,0.734792077787001,0.5901302231798329,,20231117,2023-11-17 14:17:00,72.0,VMS_3,Unchecked,45887.0,1,4.5,0.9,1.44,5.02,Unchecked
1470,lf,2.1060365836963104,524.9769102378848,539.8746750430835,16761.5,0.7141297879731111,0.7836755251333074,38.97536608449752,20231117,2023-11-17 14:58:00,39.0,VMS_3,Unchecked,34250.0,1,4.23,1.62,2.82,2.98,Unchecked
1471,lf,2.203116420760728,511.1076698514432,553.6467529817257,17516.0,0.7168166286184448,0.7529598473327767,39.51773767310152,20231117,2023-11-17 16:12:00,44.0,VMS_3,Unchecked,36251.0,1,4.42,1.2,1.62,3.59,Unchecked
1472,lf,1.819694773647997,446.6761762742899,457.78888860545663,12054.0,0.724472913346395,0.7653189227540069,50.62547179666564,20231117,2023-11-17 12:28:00,60.0,VMS_3,Unchecked,43148.0,1,3.69,0.9,1.38,2.97,Unchecked
1473,lf,0.7697790304098814,351.9991250165276,441.3452377915607,10723.0,0.7025692845165611,0.773483191930512,38.30387878155594,20231117,2023-11-17 10:57:00,21.0,VMS_3,Unchecked,36700.0,1,4.56,0.84,1.32,2.78,Unchecked
1475,lf,0.971618640836004,418.23916442045294,442.5071426749364,10132.5,0.667948212841219,0.7311239348492883,47.20474861354143,20231117,2023-11-17 16:27:00,39.0,VMS_3,Unchecked,38585.0,1,4.23,1.8,2.4,4.26,Unchecked
1476,lf,1.9838846728822173,541.7782088457552,553.6178387404661,16170.5,0.6723915024384544,,,20231117,2023-11-17 17:14:00,33.0,VMS_4,Unchecked,33649.0,1,3.99,0.66,0.9,2.65,Unchecked
1478,lf,1.997308410638424,438.5929419428961,447.49852070358486,11575.0,0.7274500281729152,0.7319408586183034,43.53468558053181,20231117,2023-11-17 16:03:00,72.0,VMS_3,Unchecked,34768.0,1,4.22,1.14,1.62,3.19,Unchecked
1479,lf,3.149125775706132,568.9756133340722,526.8183258569795,15657.0,0.7089190842883878,0.7280394526986012,,20231117,2023-11-17 17:22:00,4.0,VMS_3,Unchecked,35887.0,1,4.02,0.72,1.08,2.83,Unchecked
1483,lf,1.9739263685191908,509.31143374704914,548.1305550595491,17750.5,0.7337404262017455,0.7619717283641352,29.36748526548561,20231117,2023-11-17 16:35:00,23.0,VMS_3,Unchecked,34966.0,1,3.96,1.38,2.04,3.89,Unchecked
1486,lf,1.734114599103643,521.3140159905038,507.1381310103742,15063.0,0.7328271914699986,0.547876599337814,37.96143885090579,20231117,2023-11-17 12:53:00,64.0,VMS_4,Unchecked,32670.0,1,4.14,1.32,1.86,3.14,Unchecked
1487,lf,5.059448154081469,869.119891650605,847.6691372926869,26375.0,,0.7360971970882563,42.3021857115582,20231117,2023-11-17 12:03:00,25.0,VMS_3,Unchecked,30714.0,1,4.23,0.84,1.14,3.14,Unchecked
1495,lf,1.6686363257523165,434.4062960409933,506.5939751330898,14456.0,0.7074465532530796,0.7484604054480657,31.150009689313265,20231117,2023-11-17 11:00:00,21.0,VMS_4,Unchecked,36166.0,1,4.07,1.32,1.86,3.2,Unchecked
1501,lf,2.142604318180544,433.10765681381713,454.333044482741,11950.0,0.7310244676450877,0.7224338164784634,47.620275266187406,20231117,2023-11-17 17:30:00,21.0,VMS_3,Unchecked,41757.0,1,4.83,1.14,1.44,4.06,Unchecked
1504,lf,1.0460422713164046,385.7941173710876,447.19090885900994,12154.0,0.7653298601873189,,,20231117,2023-11-17 16:57:00,12.0,VMS_3,Unchecked,33600.0,1,4.76,0.36,0.66,0.66,Unchecked
962,rf,4.085820276402695,804.5705321533461,621.3574311003805,22633.0,0.7364511621625883,0.7597342027347302,,20231117,2023-11-17 11:18:00,118.0,VMS_2,Unchecked,35381.0,4,5.6,1.08,1.5,4.17,Unchecked
1023,rf,1.6999280746746497,618.2521601280478,569.5756851698602,19119.0,0.7423722898661563,0.67467262596326,44.50049484184829,20231117,2023-11-17 12:46:00,117.0,VMS_2,Unchecked,25442.0,4,4.38,0.84,1.2,4.22,Unchecked
1061,rf,3.2028581191249583,834.2170049938295,636.3929650063131,22520.0,0.7022119080157484,0.6035929542631274,49.5397394170046,20231117,2023-11-17 12:10:00,284.0,VMS_2,Unchecked,39664.0,3,4.66,1.62,2.52,5.57,Unchecked
1074,rf,1.996374416633472,,564.2264427649427,15961.0,0.6382355832659058,0.8589012148732651,,20231117,2023-11-17 14:56:00,222.0,VMS_2,Unchecked,27373.0,3,4.52,1.26,1.8,2.43,Unchecked
1081,rf,3.181683452484661,783.3901594937788,702.97875144394,26819.0,0.683042370688593,0.8040351792724539,50.10124418702952,20231117,2023-11-17 11:33:00,258.0,VMS_2,Unchecked,38704.0,3,4.73,1.38,1.86,6.46,Unchecked
1084,rf,2.372781229628752,574.1090958023414,566.2711216524904,18232.0,0.7146630755565946,0.8250253012253588,44.28290626536286,20231117,2023-11-17 15:04:00,150.0,VMS_2,Unchecked,39804.0,3,4.52,1.02,1.5,4.98,Unchecked
1089,rf,2.7781520414446605,692.766176317715,593.4751801064718,20625.0,0.7340389313564458,0.7442240663423341,51.98251148507871,20231117,2023-11-17 13:46:00,201.0,VMS_2,Unchecked,28585.0,3,4.51,1.8,2.64,4.78,Unchecked
1098,rf,2.6423369057670727,665.7525328593423,702.8843430349616,29244.0,0.7411399391830751,0.6829993485768852,42.6787865210736,20231117,2023-11-17 11:56:00,252.0,VMS_1,Unchecked,33052.0,3,4.87,1.68,2.22,6.58,Unchecked
1100,rf,2.871732798776601,621.6320003896682,644.2091988222396,20205.0,0.6026928024073976,0.8984926553798981,,20231117,2023-11-17 15:04:00,284.0,VMS_1,Unchecked,26934.0,3,4.8,1.02,1.56,2.89,Unchecked
1102,rf,2.6187533975060635,782.9963522294993,669.2985565973348,24009.0,0.6873059440668603,0.7860964457818915,,20231117,2023-11-17 11:45:00,212.0,VMS_2,Unchecked,41147.0,3,4.66,1.56,2.16,4.92,Unchecked
1127,rf,2.808649517040904,742.6857296276676,646.842712474619,22858.5,0.6968713211661639,0.8123311705218158,36.83780953940946,20231117,2023-11-17 14:46:00,42.0,VMS_2,Unchecked,29232.0,3,4.31,1.08,1.68,5.61,Unchecked
1139,rf,2.617015605335534,747.2629872395589,607.8305191657993,20331.0,0.693242659635649,0.8095817494085047,53.78596193495451,20231117,2023-11-17 11:41:00,54.0,VMS_1,Unchecked,38444.0,3,4.53,0.78,1.2,4.95,Unchecked
1144,rf,,918.6779964764672,613.747258045114,20958.0,0.7001963367427056,0.8544908120317477,30.935547249203644,20231117,2023-11-17 13:02:00,86.0,VMS_1,Unchecked,35524.0,3,4.19,1.68,2.28,4.29,Unchecked
1148,rf,3.880928238913208,803.9827710735519,673.8721497261419,26685.0,0.7390507900789662,0.7600412526765534,54.34147074812125,20231117,2023-11-17 16:32:00,129.0,VMS_2,Unchecked,27152.0,3,4.58,1.5,2.16,4.85,Unchecked
1151,rf,1.848125266360476,461.74472236112615,523.5462479183374,14889.0,0.6826823545269379,0.7693488782377269,43.27111354484393,20231117,2023-11-17 14:55:00,110.0,VMS_1,Unchecked,27186.0,3,4.47,1.92,2.7,4.53,Unchecked
1153,rf,2.306520406929009,612.8357813798984,655.706673505298,24271.0,0.7076456064386318,0.7607265726350368,38.04469804751394,20231117,2023-11-17 14:30:00,75.0,VMS_1,Unchecked,18982.0,3,4.33,1.68,2.22,4.7,Unchecked
1159,rf,2.490803655382808,625.1726182228754,589.889393668845,19522.0,0.7039863326113859,0.8109971876968028,46.293322781852574,20231117,2023-11-17 17:16:00,9.0,VMS_2,Unchecked,38749.0,3,4.71,1.2,1.74,4.57,Unchecked
1163,rf,1.9783907024577807,599.2757685620224,701.1980515339463,23792.0,0.6204341125041408,0.811741274693031,40.22710555445624,20231117,2023-11-17 16:46:00,100.0,VMS_1,Unchecked,29254.0,3,4.0,0.66,1.08,5.17,Unchecked
1164,rf,4.272438303950821,778.7020390848226,723.2274887854693,23359.0,,0.8805541152707799,28.673349216869475,20231117,2023-11-17 15:14:00,23.0,VMS_1,Unchecked,22123.0,3,4.07,1.8,2.58,4.52,Unchecked
1168,rf,2.9965358573836065,755.1285190859694,566.5076656851998,18408.5,0.7216829816363062,0.6246005567074109,27.11948809870733,20231117,2023-11-17 11:11:00,61.0,VMS_1,Unchecked,31349.0,3,4.46,0.66,1.08,5.99,Unchecked
1170,rf,2.254965044832619,511.0343528535478,575.58787847868,20013.0,0.7569718003698277,0.7410283440842278,45.75773080453198,20231117,2023-11-17 16:59:00,14.0,VMS_2,Unchecked,38219.0,3,4.51,1.68,2.22,3.66,Unchecked
1171,rf,2.433769182113207,578.7417628418359,538.8416664540924,15910.0,0.722763521371,,36.65663454294972,20231117,2023-11-17 17:07:00,318.0,VMS_1,Unchecked,49098.0,2,4.74,1.62,2.1,6.21,Unchecked
1173,rf,3.3681315362088253,913.8950789740336,673.2346314604057,27825.0,0.7688454883236503,0.6739997407164806,42.92487510784819,20231117,2023-11-17 17:47:00,6.0,VMS_3,Unchecked,41458.0,3,4.36,0.84,1.2,4.65,Unchecked
1177,rf,,,,,0.6582140069695803,0.6991811060210037,,20231117,2023-11-17 17:18:00,20.0,VMS_1,Unchecked,63739.0,3,4.21,0.9,1.26,9.98,Unchecked
1192,rf,1.304491945735656,540.9519808358189,661.1538956566621,23283.5,0.6674887904185438,0.7778630021033697,40.61658099463741,20231117,2023-11-17 13:51:00,353.0,VMS_1,Unchecked,28405.0,2,4.53,1.02,1.38,2.83,Unchecked
1198,rf,2.4472878418162933,561.7826888649947,607.7888886054567,19582.0,0.6643259460891231,0.8503466820389247,40.47168783643232,20231117,2023-11-17 11:54:00,309.0,VMS_2,Unchecked,43471.0,2,4.19,1.02,1.44,3.41,Unchecked
1200,rf,2.133370972948744,747.3237195930171,604.1259377015544,21347.0,0.7328811842197115,0.7815776325539292,28.85831206829289,20231117,2023-11-17 16:11:00,356.0,VMS_2,Unchecked,33881.0,2,4.24,1.14,1.62,3.63,Unchecked
1207,rf,2.4472878418162933,561.7826888649947,607.7888886054567,19582.0,0.6643259460891231,0.8503466820389247,40.47168783643232,20231117,2023-11-17 13:18:00,296.0,VMS_2,Unchecked,32686.0,2,4.92,1.08,1.5,5.04,Unchecked
1212,rf,3.2213152726159806,868.8123632147295,792.3645737753169,,0.7393686536267494,0.6803880538301346,46.478912732568446,20231117,2023-11-17 14:35:00,282.0,VMS_2,Unchecked,46378.0,2,4.31,1.74,2.34,4.85,Unchecked
1219,rf,2.4139357851377947,591.6564850655545,515.8477631085024,15221.5,0.7164310201161372,0.8127598177634348,34.32832304686319,20231117,2023-11-17 17:49:00,306.0,VMS_2,Unchecked,37283.0,2,4.45,1.44,2.22,4.65,Unchecked
1231,rf,1.8031568110019005,658.2069372447072,553.2797436238418,16532.5,0.6799678843550443,0.7871675274347683,41.61751649884916,20231117,2023-11-17 13:43:00,185.0,VMS_1,Unchecked,25926.0,2,4.6,1.32,1.8,4.79,Unchecked
1233,rf,3.2357346884510987,647.1848014555542,542.3746750430836,17227.0,0.7352221372544643,0.7189540687369717,49.624468322104775,20231117,2023-11-17 13:20:00,246.0,VMS_1,Unchecked,42736.0,2,4.06,1.38,1.92,4.99,Unchecked
1240,rf,2.8211216847748424,605.2751484836148,574.5168106668145,17891.0,0.6817722964969574,0.791580035674223,46.69191662617738,20231117,2023-11-17 14:37:00,231.0,VMS_1,Unchecked,29540.0,2,4.26,1.02,1.38,4.35,Unchecked
1243,rf,3.2036932884189904,610.5519992711652,576.333044482741,17451.0,0.6488204536210466,0.8550281502273769,36.64926064010128,20231117,2023-11-17 12:17:00,246.0,VMS_1,Unchecked,44914.0,2,4.2,1.74,2.28,4.6,Unchecked
1245,rf,2.3021763422397643,560.1374597394874,546.7919369326617,17374.0,0.7266143622611805,0.6857837888309968,47.75724311431382,20231117,2023-11-17 13:08:00,267.0,VMS_2,Unchecked,34349.0,2,4.92,1.5,2.16,3.81,Unchecked
1246,rf,3.5536048113391137,817.9876517504713,724.1858582251266,27830.0,0.6646993525220143,0.7465433189581059,37.5812664385889,20231117,2023-11-17 16:40:00,248.0,VMS_2,Unchecked,36064.0,2,4.38,1.56,2.16,5.53,Unchecked
1258,rf,2.691413435756996,776.7745736450222,611.064537881567,20015.0,0.6772003939763558,0.8376440287102784,50.68448650830464,20231117,2023-11-17 12:37:00,186.0,VMS_2,Unchecked,49566.0,2,4.05,1.74,2.58,6.46,Unchecked
1259,rf,2.40330631473083,719.7202016967988,605.6173157302028,20645.0,0.7062643791241221,0.7944995782669508,51.529960055677954,20231117,2023-11-17 12:55:00,249.0,VMS_2,Unchecked,38773.0,2,4.52,1.2,1.74,5.65,Unchecked
1263,rf,2.4001653730929613,523.0224590463954,510.4041122946064,14815.0,0.7210395606514999,0.7622095937096098,38.46538941730411,20231117,2023-11-17 12:43:00,184.0,VMS_1,Unchecked,21070.0,2,4.39,1.26,1.74,3.17,Unchecked
1266,rf,1.8774842031255845,528.4430074641651,541.7416844009674,14196.0,0.6131539430436007,0.8328606474950231,41.01889610037786,20231117,2023-11-17 16:19:00,222.0,VMS_2,Unchecked,55775.0,2,4.37,1.02,1.44,5.02,Unchecked
1267,rf,2.4055846661707,772.7907379354275,542.6173157302029,16749.0,0.7207011059478338,0.7544733772933844,,20231117,2023-11-17 16:24:00,264.0,VMS_1,Unchecked,74198.0,2,3.93,0.84,1.44,5.89,Unchecked
1273,rf,3.613931317900756,814.1738843033614,660.0731598529186,25017.0,0.7195199753530456,0.770296863038628,,20231117,2023-11-17 16:02:00,206.0,VMS_2,Unchecked,32276.0,2,4.17,1.02,1.62,3.67,Unchecked
1274,rf,3.0633120769000963,615.1793353463175,588.872149726142,20347.0,0.7438763631804075,0.7532328624101637,58.37093213746447,20231121,2023-11-17 21:10:00,104.0,VMS_2,Unchecked,36221.0,2,4.12,0.84,1.2,3.65,Unchecked
1276,rf,1.8981887717751964,562.2252396634857,586.3122292025696,18778.5,0.6754552575299637,0.8153806969954709,48.51788318844038,20231117,2023-11-17 14:47:00,117.0,VMS_1,Unchecked,23374.0,2,4.06,1.08,1.44,3.91,Unchecked
1277,rf,,,,,,,,20231117,2023-11-17 13:37:00,175.0,VMS_2,Unchecked,27071.0,2,,,,,Unchecked
1282,rf,3.4797706885102726,699.8800526693369,614.842712474619,23060.0,0.7612237698138519,0.5916554611593503,,20231117,2023-11-17 12:20:00,72.0,VMS_2,Unchecked,32274.0,2,4.59,1.62,2.16,5.39,Unchecked
1305,rf,,745.1730903615678,662.0701115257136,24450.5,0.699363658809184,0.7758187659390006,32.44169165317063,20231117,2023-11-17 13:31:00,90.0,VMS_1,Unchecked,35036.0,2,4.0,1.2,1.68,6.74,Unchecked
1319,rf,,870.0638355513249,,,0.675483978778793,0.7178347836358693,,20231117,2023-11-17 12:29:00,30.0,VMS_2,Unchecked,36700.0,2,,,,,Unchecked
1321,rf,1.8599321555578672,589.4604339699594,470.9554108468272,13717.5,0.7714878950566824,0.5285478532611643,,20231117,2023-11-17 14:17:00,81.0,VMS_1,Unchecked,20602.0,2,4.06,1.8,2.28,4.21,Unchecked
1380,rf,2.8621501903331525,782.1626989131557,661.7477810553773,24881.0,0.7139998372665932,0.7313878861888939,48.47985616011695,20231117,2023-11-17 12:59:00,301.0,VMS_3,Unchecked,26190.0,1,4.08,1.32,1.86,2.12,Unchecked
1389,rf,2.969707367540784,871.7514275849875,729.2386360737626,30527.0,0.7200199749288658,0.7082637424227352,37.47156960111007,20231117,2023-11-17 15:28:00,312.0,VMS_3,Unchecked,43768.0,1,4.16,1.02,1.38,7.02,Unchecked
1391,rf,2.5628841934229407,638.7252235044127,603.2447327281724,20334.0,0.7031832646468709,0.7414341342370916,38.65342417080839,20231117,2023-11-17 17:32:00,256.0,VMS_4,Unchecked,29994.0,1,3.8,1.32,2.1,2.35,Unchecked
1396,rf,,,,,0.6301571930975901,0.603134359380665,46.448185395498925,20231117,2023-11-17 12:21:00,223.0,VMS_3,Unchecked,34032.0,1,4.42,1.62,2.46,4.07,Unchecked
1397,rf,4.084750944010508,883.8542991399502,,27088.0,,0.784203973285265,46.62430552513005,20231117,2023-11-17 11:46:00,249.0,VMS_3,Unchecked,27673.0,1,3.95,1.68,2.28,2.06,Unchecked
1398,rf,3.5342283891793747,777.0862785985266,655.7980335870715,25308.0,0.7443848977926432,0.6363947578388965,48.273320768744014,20231117,2023-11-17 17:41:00,257.0,VMS_4,Unchecked,43959.0,1,4.27,0.96,1.26,3.79,Unchecked
1399,rf,4.288288520824112,,623.1025971044414,23480.0,0.7606933529409308,0.6576815298675337,55.65560479268194,20231117,2023-11-17 14:28:00,254.0,VMS_4,Unchecked,31813.0,1,4.01,0.84,1.14,3.35,Unchecked
1401,rf,3.430476816300125,830.0193253370098,689.9102089490164,27098.0,0.7130679247681877,0.762785488441089,43.08138679872391,20231117,2023-11-17 14:09:00,251.0,VMS_4,Unchecked,49984.0,1,3.67,1.86,2.4,4.25,Unchecked
1404,rf,3.799009254680296,813.4584038199542,782.4701294725885,26332.5,,0.6567414416432505,40.30278254124395,20231117,2023-11-17 13:07:00,256.0,VMS_3,Unchecked,19939.0,1,4.62,1.5,2.1,1.73,Unchecked
1409,rf,1.5617903178343369,435.3196180843681,461.78888860545663,12864.0,0.7692143941406772,0.6614809966697199,43.1260663463613,20231117,2023-11-17 16:40:00,180.0,VMS_4,Unchecked,25252.0,1,4.07,0.84,1.32,2.71,Unchecked
1410,rf,1.9239799873078844,602.4728198597381,569.8330444827409,19705.5,0.7636286247425219,0.586127228610571,34.81688511989983,20231117,2023-11-17 14:06:00,252.0,VMS_3,Unchecked,39585.0,1,4.22,0.78,1.14,5.25,Unchecked
1412,rf,2.4115067638699035,646.7812845350265,537.0462479183375,17112.5,0.7535185081407607,,52.05381704625017,20231117,2023-11-17 13:17:00,200.0,VMS_3,Unchecked,26125.0,1,4.08,0.9,1.56,2.84,Unchecked
1414,rf,,936.333723634509,,,0.5960270942385449,0.6300865004575466,43.407790881475606,20231117,2023-11-17 12:08:00,267.0,VMS_4,Unchecked,58637.0,1,4.08,1.56,1.98,4.24,Unchecked
1417,rf,3.5879149531757104,,,,0.6223289760522662,0.6844817378991747,49.42354710047128,20231117,2023-11-17 16:49:00,222.0,VMS_4,Unchecked,30907.0,1,4.27,1.62,2.1,4.95,Unchecked
1419,rf,3.0948640844896698,963.3124690077674,714.6589462905454,30764.5,0.7645185265800929,0.6589415378817076,44.319248466172205,20231117,2023-11-17 13:28:00,235.0,VMS_4,Unchecked,47823.0,1,4.95,1.2,1.56,5.08,Unchecked
1422,rf,2.3167908381819853,713.9561133147712,582.2091988222396,18471.0,0.6964923177779302,,36.11775942675455,20231117,2023-11-17 14:40:00,251.0,VMS_3,Unchecked,57441.0,1,3.48,1.56,2.16,3.98,Unchecked
1423,rf,2.7208850858223075,759.3786170023052,621.7655480083437,20378.0,0.6647311571551994,0.7376528478267221,32.54376772024774,20231117,2023-11-17 13:48:00,195.0,VMS_4,Unchecked,26731.0,1,4.34,1.26,1.74,2.8,Unchecked
1424,rf,2.766475879138649,633.2481606208866,637.4640328181787,23509.0,0.7241166292132736,0.6113478586238354,35.40052297900391,20231117,2023-11-17 14:37:00,179.0,VMS_4,Unchecked,18610.0,1,4.07,1.02,1.5,2.4,Unchecked
1432,rf,2.4679818418194994,686.4185574792621,661.0584412271571,24607.5,0.7063060708540241,0.7059220063860077,34.858149013083604,20231117,2023-11-17 13:37:00,92.0,VMS_3,Unchecked,27360.0,1,4.08,1.5,2.1,3.34,Unchecked
1434,rf,2.6787110569133765,684.9408700626715,588.0315292925759,20881.0,0.7591118249226221,0.7265472624219176,40.54611116740693,20231117,2023-11-17 12:44:00,196.0,VMS_4,Unchecked,31758.0,1,4.34,1.38,1.8,4.68,Unchecked
1441,rf,,862.0171732977069,,,0.592890479949927,0.6628383875137771,44.27455663307712,20231117,2023-11-17 16:20:00,192.0,VMS_3,Unchecked,28094.0,1,3.83,0.9,1.26,2.8,Unchecked
1442,rf,2.5704862545023444,671.130069836427,532.7411613907042,17496.0,0.7753672780040669,0.6641003959882867,50.82815870245607,20231117,2023-11-17 14:44:00,165.0,VMS_4,Unchecked,38905.0,1,4.07,1.02,1.32,3.5,Unchecked
1443,rf,2.295301695250393,707.2855640156398,547.5706345359769,18336.0,0.7585372945131804,0.5325966652724384,43.13920349856512,20231117,2023-11-17 16:15:00,113.0,VMS_4,Unchecked,33346.0,1,3.87,0.78,1.08,4.64,Unchecked
1456,rf,2.9599187370275684,650.329053141159,619.9371208835975,19165.0,0.5944541507381607,0.6324815022880559,34.00490124702108,20231117,2023-11-17 16:32:00,131.0,VMS_4,Unchecked,28442.0,1,4.01,1.08,1.86,2.97,Unchecked
1457,rf,,,,,,0.6505180869410317,47.22810070798178,20231117,2023-11-17 14:53:00,38.0,VMS_4,Unchecked,40496.0,1,4.48,1.14,1.44,4.49,Unchecked
1458,rf,3.776771979738849,808.9902428325222,699.8929650063133,23655.0,0.6176379478339323,0.604277707016301,40.43317884377318,20231117,2023-11-17 13:58:00,52.0,VMS_3,Unchecked,28255.0,1,3.95,1.38,2.04,3.88,Unchecked
1460,rf,1.832486543967556,484.2686338806287,475.8477631085024,14212.0,0.7894543356974875,0.6443506383851764,37.398990815417775,20231117,2023-11-17 11:51:00,107.0,VMS_4,Unchecked,30519.0,1,4.08,0.48,0.78,2.54,Unchecked
1461,rf,2.705319600340662,623.1641723244868,538.3538597629123,17838.0,0.7732999548861408,0.6486770918849529,51.03701914339454,20231117,2023-11-17 12:31:00,74.0,VMS_4,Unchecked,38789.0,1,4.14,1.08,1.56,4.04,Unchecked
1462,rf,3.363620659093468,746.1434133468547,759.8574311003805,30040.5,0.6509801619267276,0.7713398255804712,32.16110140310685,20231117,2023-11-17 13:47:00,17.0,VMS_3,Unchecked,40456.0,1,3.88,1.98,2.7,3.94,Unchecked
1463,rf,3.1597695620236195,665.7293973127087,569.3538597629123,19684.0,0.7616808094870897,0.5294643512844774,55.11858481297945,20231117,2023-11-17 14:17:00,72.0,VMS_3,Unchecked,45887.0,1,4.68,0.84,1.2,5.12,Unchecked
1470,rf,2.4385348814989305,683.1410705210758,618.7178207935912,21434.5,0.7087940652740845,0.7666075226046842,41.75485987254392,20231117,2023-11-17 14:58:00,39.0,VMS_3,Unchecked,34250.0,1,4.23,1.44,2.34,2.84,Unchecked
1471,rf,2.74530534096078,626.3964367349515,597.6234123846127,21191.0,0.7470284223728836,0.6835429463257028,44.36450735284049,20231117,2023-11-17 16:12:00,44.0,VMS_3,Unchecked,36251.0,1,4.03,0.96,1.5,4.01,Unchecked
1472,rf,2.078625979024,664.8379821450393,536.9604614807105,17170.0,0.7472211753515413,0.6690561922184786,45.20036504962351,20231117,2023-11-17 12:28:00,60.0,VMS_3,Unchecked,43148.0,1,3.82,0.9,1.26,3.46,Unchecked
1473,rf,1.6913430084520096,834.1970095232391,733.6295090390227,23182.0,,0.6599469580401821,29.87257031943528,20231117,2023-11-17 10:57:00,21.0,VMS_3,Unchecked,36700.0,1,4.22,0.78,1.08,3.2,Unchecked
1475,rf,3.212440572481439,,,,0.6364177532046575,0.6753295305676246,,20231117,2023-11-17 16:27:00,39.0,VMS_3,Unchecked,38585.0,1,4.23,1.5,2.28,4.07,Unchecked
1476,rf,2.5843096239071457,657.9361816308706,596.5670631985087,22392.5,0.784316262140222,0.68133433471287,41.72399424848646,20231117,2023-11-17 17:14:00,33.0,VMS_4,Unchecked,33649.0,1,4.0,0.66,0.9,2.75,Unchecked
1478,rf,2.607944853533417,647.4241053579156,540.4335495461293,18161.0,0.7815438624748849,,49.66865725649328,20231117,2023-11-17 16:03:00,72.0,VMS_3,Unchecked,34768.0,1,4.23,1.44,1.92,3.46,Unchecked
1479,rf,4.202152645051242,727.5000107606375,753.286363288515,26039.0,,,48.66128136461845,20231117,2023-11-17 17:22:00,4.0,VMS_3,Unchecked,35887.0,1,4.16,0.96,1.32,3.05,Unchecked
1483,rf,2.6616085388411443,711.4245405044071,632.6747109368334,23024.5,0.7289653313203877,0.572543243100216,32.135873854571,20231117,2023-11-17 16:35:00,23.0,VMS_3,Unchecked,34966.0,1,3.97,1.44,1.98,3.65,Unchecked
1486,rf,1.8615479301275524,589.6853464400035,539.025432638166,17549.0,0.7612313895314398,0.5753012192815925,37.55460643383556,20231117,2023-11-17 12:53:00,64.0,VMS_4,Unchecked,32670.0,1,4.21,1.32,1.8,3.24,Unchecked
1487,rf,3.538225021072913,720.3591644375131,761.958459174032,30413.5,0.6588031211629549,0.7759587199889765,51.27682250450037,20231117,2023-11-17 12:03:00,25.0,VMS_3,Unchecked,30714.0,1,4.36,0.9,1.32,2.89,Unchecked
1495,rf,3.1626545636893084,775.2942093618153,643.008188695463,22973.0,0.6987728997754341,0.6773565113238113,44.63544061945044,20231117,2023-11-17 11:00:00,21.0,VMS_4,Unchecked,36166.0,1,4.22,1.32,1.92,3.57,Unchecked
1501,rf,4.278478586818552,923.9586143334408,693.9432175380074,23024.0,0.5985916514442141,0.602978378673332,43.362852177457015,20231117,2023-11-17 17:30:00,21.0,VMS_3,Unchecked,41757.0,1,4.83,1.32,1.8,4.06,Unchecked
1504,rf,2.2296371513466497,606.9894569889884,528.5756851698602,15901.0,0.7257917941225542,,51.345718277925954,20231117,2023-11-17 16:57:00,12.0,VMS_3,Unchecked,33600.0,1,5.1,0.54,0.96,0.95,Unchecked
962,lr,1.1114116428574283,,542.5107140124046,15590.0,0.6643836185118361,,37.86215491334518,20231117,2023-11-17 11:18:00,118.0,VMS_2,Unchecked,35381.0,4,5.05,1.14,1.5,7.55,Unchecked
1023,lr,1.0399279237305148,416.5172867456369,508.048773235279,14489.0,0.7043066244200418,0.6629297396322987,36.84477649421559,20231117,2023-11-17 12:46:00,117.0,VMS_2,Unchecked,25442.0,4,4.32,1.14,1.74,4.22,Unchecked
1061,lr,0.7279018409338214,294.6345553617055,458.5584412271571,9627.0,0.595592487174881,0.5786749828218534,25.44304017358624,20231117,2023-11-17 12:10:00,284.0,VMS_2,Unchecked,39664.0,3,,,,,Unchecked
1074,lr,1.375643035493214,461.61076489256897,475.3807716974934,11705.0,0.655056670506862,0.5488491866837156,,20231117,2023-11-17 14:56:00,222.0,VMS_2,Unchecked,27373.0,3,4.66,1.38,1.74,5.19,Unchecked
1081,lr,0.8290212297487819,551.8267801388976,470.57568516986026,13561.0,0.7651935002000329,0.4349319180922186,45.33573915854256,20231117,2023-11-17 11:33:00,258.0,VMS_2,Unchecked,38704.0,3,4.79,1.02,1.38,6.38,Unchecked
1084,lr,0.8781321192171195,416.1194196022633,476.9838020778234,13486.0,0.7518651121536003,0.6516041006256426,34.84333630870936,20231117,2023-11-17 15:04:00,150.0,VMS_2,Unchecked,39804.0,3,4.53,1.14,1.56,6.72,Unchecked
1089,lr,0.9244405701427107,320.67477445448344,436.63455967290594,10408.0,0.6852145283694633,0.6054758892138983,36.927979705707,20231117,2023-11-17 13:46:00,201.0,VMS_2,Unchecked,28585.0,3,4.39,1.56,2.22,4.93,Unchecked
1098,lr,0.8069935715027073,417.81981858272985,527.2031021678298,15996.0,0.7347208647535293,0.584576456140091,45.682466493949136,20231117,2023-11-17 11:56:00,252.0,VMS_1,Unchecked,33052.0,3,5.29,1.02,1.38,5.67,Unchecked
1100,lr,0.6579431362450074,384.3062837552805,526.7594513539337,13707.0,0.630051103298726,0.4601768022479067,39.03419754899098,20231117,2023-11-17 15:04:00,284.0,VMS_1,Unchecked,26934.0,3,4.82,1.38,2.16,4.35,Unchecked
1102,lr,0.6852380575008675,298.43834251555046,439.2203461105328,10287.0,0.674379355542861,0.5421889677323332,37.16011683663263,20231117,2023-11-17 11:45:00,212.0,VMS_2,Unchecked,41147.0,3,4.45,1.32,1.68,5.68,Unchecked
1127,lr,,459.1586919661893,435.46298679765215,9894.5,0.7237122050110318,0.552544535995136,21.29236259548483,20231117,2023-11-17 14:46:00,42.0,VMS_2,Unchecked,29232.0,3,4.33,1.26,1.86,5.92,Unchecked
1139,lr,1.0278874848008912,437.77053226981656,465.4274528917194,12404.0,0.7111693981553076,0.3988707230568997,48.24266691038555,20231117,2023-11-17 11:41:00,54.0,VMS_1,Unchecked,38444.0,3,4.56,0.9,1.44,6.85,Unchecked
1144,lr,,526.7634953766388,481.9066376115481,14052.0,0.7525314260870349,0.4486592634320916,47.88267049891101,20231117,2023-11-17 13:02:00,86.0,VMS_1,Unchecked,35524.0,3,4.15,1.44,1.98,7.39,Unchecked
1148,lr,,,,,0.595000352086505,0.5858771950576679,31.52793401326929,20231117,2023-11-17 16:32:00,129.0,VMS_2,Unchecked,27152.0,3,5.27,1.68,2.34,4.18,Unchecked
1151,lr,1.171835520194563,430.7066040351124,569.8721497261419,15467.0,0.6026188466386397,0.7137696207569465,44.66698075767846,20231117,2023-11-17 14:55:00,110.0,VMS_1,Unchecked,27186.0,3,4.55,1.74,2.64,4.03,Unchecked
1153,lr,0.3089526992933515,168.3515540704797,343.82947314527274,6608.0,0.7007164343136416,0.6561874689991763,31.32268327849557,20231117,2023-11-17 14:30:00,75.0,VMS_1,Unchecked,18982.0,3,4.55,1.92,2.64,4.27,Unchecked
1159,lr,0.8741031826891098,460.3621441026922,490.2741699796952,13417.0,0.7094112567229841,0.3968040022347967,33.295248214481454,20231117,2023-11-17 17:16:00,9.0,VMS_2,Unchecked,38749.0,3,5.06,0.84,1.14,3.01,Unchecked
1163,lr,0.6623432724981466,255.2999287347077,433.64675298172574,10296.0,0.6836488032613885,0.5870983338281324,49.78091578182717,20231117,2023-11-17 16:46:00,100.0,VMS_1,Unchecked,29254.0,3,4.08,0.9,1.38,7.44,Unchecked
1164,lr,,,569.8893936688451,,0.7283895396375731,0.3845263190238645,45.49346011533187,20231117,2023-11-17 15:14:00,23.0,VMS_1,Unchecked,22123.0,3,4.08,1.44,2.16,4.73,Unchecked
1168,lr,1.2338348434864006,552.5036213647609,535.5315292925759,,0.7414223842784806,0.3933538610813468,,20231117,2023-11-17 11:11:00,61.0,VMS_1,Unchecked,31349.0,3,4.69,0.78,1.2,6.93,Unchecked
1170,lr,0.4809332436063074,458.94113493779736,489.60512242138304,14454.0,0.7562362786290858,0.6479769519796006,36.17601642276906,20231117,2023-11-17 16:59:00,14.0,VMS_2,Unchecked,38219.0,3,4.33,1.5,2.1,3.38,Unchecked
1171,lr,,537.9830797304649,,,0.5894044691132703,0.725727103526864,36.32947424440035,20231117,2023-11-17 17:07:00,318.0,VMS_1,Unchecked,49098.0,2,4.75,1.86,2.46,6.24,Unchecked
1173,lr,1.0747008913456984,415.708393655593,561.3290398693841,,0.6763464017510119,0.6930131708660818,38.467116016049104,20231117,2023-11-17 17:47:00,6.0,VMS_3,Unchecked,41458.0,3,4.2,0.84,1.38,5.6,Unchecked
1177,lr,,,,,,,,20231117,2023-11-17 17:18:00,20.0,VMS_1,Unchecked,63739.0,3,4.15,1.44,1.98,11.92,Unchecked
1192,lr,0.2590511501481223,150.30032768712653,461.329996155536,10656.5,0.6221170793459515,0.6654674959604598,,20231117,2023-11-17 13:51:00,353.0,VMS_1,Unchecked,28405.0,2,4.56,1.26,1.68,3.12,Unchecked
1198,lr,0.5300609593933674,317.31224114923185,390.8355697996826,9110.0,0.7511373383163261,0.379237035003221,33.40884516370054,20231117,2023-11-17 11:54:00,309.0,VMS_2,Unchecked,43471.0,2,4.18,1.74,2.28,5.71,Unchecked
1200,lr,0.1200390665141157,135.8590015307568,321.9421715174808,5677.0,0.6813991214413656,0.6176506161337862,,20231117,2023-11-17 16:11:00,356.0,VMS_2,Unchecked,33881.0,2,4.33,0.84,1.08,2.66,Unchecked
1207,lr,0.5300609593933674,317.31224114923185,390.8355697996826,9110.0,0.7511373383163261,0.379237035003221,33.40884516370054,20231117,2023-11-17 13:18:00,296.0,VMS_2,Unchecked,32686.0,2,5.0,1.14,1.56,4.14,Unchecked
1212,lr,0.6538688279277733,527.7634030846727,592.1980515339465,,0.6485330290167863,0.6856996699351079,37.351833548641416,20231117,2023-11-17 14:35:00,282.0,VMS_2,Unchecked,46378.0,2,4.13,1.8,2.28,8.1,Unchecked
1219,lr,0.8712499911991587,300.7022941312947,371.71424945612296,8417.0,0.7646508482242476,0.4581761044651752,38.83861091131857,20231117,2023-11-17 17:49:00,306.0,VMS_2,Unchecked,37283.0,2,5.26,0.72,1.08,2.4,Unchecked
1231,lr,0.6249020231675337,272.6974334420247,346.16652224137044,7652.5,0.8021594413601294,0.5030848985258224,32.30544045688271,20231117,2023-11-17 13:43:00,185.0,VMS_1,Unchecked,25926.0,2,4.42,1.2,1.62,4.46,Unchecked
1233,lr,1.1717731617857416,385.090049592246,440.9777054234136,11809.0,0.7649924157975346,0.5550027175865817,35.8398124284654,20231117,2023-11-17 13:20:00,246.0,VMS_1,Unchecked,42736.0,2,4.22,1.02,1.44,5.48,Unchecked
1240,lr,0.456336491749204,304.05109646993174,398.7350647362943,8904.0,0.7185329035626351,0.452993552945644,38.44524527846591,20231117,2023-11-17 14:37:00,231.0,VMS_1,Unchecked,29540.0,2,4.28,1.02,1.5,4.45,Unchecked
1243,lr,0.9764483976955444,352.20269435008134,399.4863273947651,9478.0,0.7463159588163845,0.5326715723264673,36.91836805446801,20231117,2023-11-17 12:17:00,246.0,VMS_1,Unchecked,44914.0,2,4.15,1.98,2.46,6.83,Unchecked
1245,lr,0.8717772315506449,289.35038445680425,392.244209717909,8682.5,0.7027710587273001,0.7155521498128696,41.3551462528206,20231117,2023-11-17 13:08:00,267.0,VMS_2,Unchecked,34349.0,2,4.59,1.92,2.46,5.25,Unchecked
1246,lr,,534.4690036063731,504.5756851698602,15369.0,0.7614192755115278,0.4972618929100673,31.221639268935835,20231117,2023-11-17 16:40:00,248.0,VMS_2,Unchecked,36064.0,2,4.46,1.26,1.68,6.68,Unchecked
1258,lr,0.5125208035751607,265.36273455007694,383.96603512485706,7803.0,0.7465539313128675,0.644738032890302,31.170022970201487,20231117,2023-11-17 12:37:00,186.0,VMS_2,Unchecked,49566.0,2,3.99,1.74,2.28,5.5,Unchecked
1259,lr,0.5079749236887094,459.02643318618186,448.3269478283311,11303.0,0.7048111657588544,0.3645817519457184,27.929086574534622,20231117,2023-11-17 12:55:00,249.0,VMS_2,Unchecked,38773.0,2,4.46,1.14,1.5,5.91,Unchecked
1263,lr,1.185567827377763,529.01151310514,443.17009357883865,11323.5,0.7283472761005518,0.6163012098719589,35.72119591853292,20231117,2023-11-17 12:43:00,184.0,VMS_1,Unchecked,21070.0,2,4.29,1.5,2.04,3.7,Unchecked
1266,lr,,561.0046146432663,527.7558800164655,,0.7879078764808569,0.471420352605861,41.74603005537168,20231117,2023-11-17 16:19:00,222.0,VMS_2,Unchecked,55775.0,2,4.33,0.96,1.44,8.99,Unchecked
1267,lr,1.1131409471064988,569.3824329015466,518.0914498161483,9703.0,0.5049546106802223,0.5435269572209009,42.57433336416394,20231117,2023-11-17 16:24:00,264.0,VMS_1,Unchecked,74198.0,2,4.28,0.84,1.56,5.74,Unchecked
1273,lr,0.9885283517086064,394.79911113404097,427.6467529817257,11215.0,0.7700586339943347,0.3285376485636603,43.3436126755267,20231117,2023-11-17 16:02:00,206.0,VMS_2,Unchecked,32276.0,2,4.13,1.14,1.56,3.85,Unchecked
1274,lr,0.7747415149325163,457.1463947680363,497.5401512639276,13865.0,0.7067016180535676,0.6009209739194395,39.59210751612576,20231121,2023-11-17 21:10:00,104.0,VMS_2,Unchecked,36221.0,2,4.13,1.38,1.86,5.37,Unchecked
1276,lr,0.7461215227763616,286.3234587962116,378.6370849898476,8570.0,0.7298725774549026,0.4427973412719627,34.86770104153378,20231117,2023-11-17 14:47:00,117.0,VMS_1,Unchecked,23374.0,2,4.08,0.96,1.32,4.54,Unchecked
1277,lr,0.5961964736514007,239.01532596383683,371.1198410471445,7438.0,0.6786372451763211,0.7409311221449123,,20231117,2023-11-17 13:37:00,175.0,VMS_2,Unchecked,27071.0,2,,,,,Unchecked
1282,lr,1.1969219387393752,298.06437179647287,453.1553749530773,8161.0,0.5028500988712272,0.7705648338453195,34.50472470817803,20231117,2023-11-17 12:20:00,72.0,VMS_2,Unchecked,32274.0,2,,,,,Unchecked
1305,lr,,,,,,,,20231117,2023-11-17 13:31:00,90.0,VMS_1,Unchecked,35036.0,2,3.88,1.02,1.38,6.47,Unchecked
1319,lr,,,514.906637611548,14784.0,0.6991936716756572,0.5283807344994765,46.53201935420694,20231117,2023-11-17 12:29:00,30.0,VMS_2,Unchecked,36700.0,2,4.32,1.98,2.58,7.61,Unchecked
1321,lr,,612.3099246442059,523.2604973744603,16413.0,0.7619315534383876,0.5645343225819666,45.10424480890904,20231117,2023-11-17 14:17:00,81.0,VMS_1,Unchecked,20602.0,2,4.15,1.38,2.1,3.29,Unchecked
1380,lr,0.4697555403004773,217.4427140335854,389.8538597629122,7975.0,0.654869444537463,0.68722153815756,29.97145827684188,20231117,2023-11-17 12:59:00,301.0,VMS_3,Unchecked,26190.0,1,3.84,1.32,1.68,3.39,Unchecked
1389,lr,0.4826359863658663,169.65127759720983,340.572113832392,6662.5,0.7194919809553484,0.6561831853189835,32.46191142839926,20231117,2023-11-17 15:28:00,312.0,VMS_3,Unchecked,43768.0,1,0.0,0.24,0.78,0.32,Unchecked
1391,lr,0.5289764885024187,221.82233324155808,383.88329701443513,7099.0,0.6043387843483724,0.799680151982227,26.202021796274515,20231117,2023-11-17 17:32:00,256.0,VMS_4,Unchecked,29994.0,1,3.88,0.96,1.44,2.24,Unchecked
1396,lr,0.8697764600123111,407.456633147042,457.5340546095176,11186.0,0.669218810787548,0.7869556876777251,46.12193635218714,20231117,2023-11-17 12:21:00,223.0,VMS_3,Unchecked,34032.0,1,4.37,1.74,2.28,5.17,Unchecked
1397,lr,0.4632350863852714,205.6660206469291,345.76450198781714,7066.5,0.7411049205299087,0.4991042811677251,32.91623008388967,20231117,2023-11-17 11:46:00,249.0,VMS_3,Unchecked,27673.0,1,3.9,1.62,2.22,2.9,Unchecked
1398,lr,0.6221789154967889,394.8047491451484,411.1700935788387,8850.5,0.6575051805153276,0.7874723871992917,41.65639757480567,20231117,2023-11-17 17:41:00,257.0,VMS_4,Unchecked,43959.0,1,4.28,1.44,1.86,4.48,Unchecked
1399,lr,1.0187285403168769,621.5209187154942,531.9604614807105,10502.0,,0.8128073709273058,34.76760830624866,20231117,2023-11-17 14:28:00,254.0,VMS_4,Unchecked,31813.0,1,3.89,0.84,1.14,4.52,Unchecked
1401,lr,0.7891573919993995,200.1762945472331,356.2172977833279,6855.0,0.6754375048524748,0.7397767130346249,27.380556554347084,20231117,2023-11-17 14:09:00,251.0,VMS_4,Unchecked,49984.0,1,3.75,1.38,1.92,3.32,Unchecked
1404,lr,0.466283825488234,320.9948850000092,396.0162876565513,8040.5,0.6393567817090764,0.7339046730747145,38.42842380135912,20231117,2023-11-17 13:07:00,256.0,VMS_3,Unchecked,19939.0,1,4.44,1.74,2.52,3.06,Unchecked
1409,lr,0.6658397728822713,438.3653483020559,474.1919548795365,11423.0,0.6453578798642445,0.6718957210161868,26.111729141786867,20231117,2023-11-17 16:40:00,180.0,VMS_4,Unchecked,25252.0,1,4.15,1.02,1.56,3.7,Unchecked
1410,lr,,,,,,,,20231117,2023-11-17 14:06:00,252.0,VMS_3,Unchecked,39585.0,1,4.17,1.14,1.5,6.76,Unchecked
1412,lr,0.8603950788222681,563.392784810174,478.7766952966368,10980.0,0.6028483371738457,0.845111626775628,28.0497242774006,20231117,2023-11-17 13:17:00,200.0,VMS_3,Unchecked,26125.0,1,0.0,0.24,0.6,0.59,Unchecked
1414,lr,0.5715412237774788,359.5614534325604,425.4041122946064,8883.0,0.6124189066585412,0.7579144175216831,32.44028202742846,20231117,2023-11-17 12:08:00,267.0,VMS_4,Unchecked,58637.0,1,4.03,0.96,1.44,5.21,Unchecked
1417,lr,,,,,,,,20231117,2023-11-17 16:49:00,222.0,VMS_4,Unchecked,30907.0,1,4.35,1.2,1.62,5.07,Unchecked
1419,lr,0.5042442289753919,259.537493015266,372.3919189857867,7830.5,0.7103292165531516,0.527881152226817,27.939071866181788,20231117,2023-11-17 13:28:00,235.0,VMS_4,Unchecked,47823.0,1,4.96,1.2,1.68,4.82,Unchecked
1422,lr,1.375732068032585,588.3764153461201,478.5168106668145,12114.0,0.6523032246780353,0.8387034957886572,33.72203927595383,20231117,2023-11-17 14:40:00,251.0,VMS_3,Unchecked,57441.0,1,3.57,1.5,2.04,6.15,Unchecked
1423,lr,0.7827004132694337,420.8799003982076,456.7178207935912,7801.0,,0.8625603775044113,20.74559522993975,20231117,2023-11-17 13:48:00,195.0,VMS_4,Unchecked,26731.0,1,4.36,1.14,1.5,2.7,Unchecked
1424,lr,0.6034999751875803,322.2304684876749,413.75945135393374,7225.0,0.5374790497934543,0.7916252945194389,27.31885339126368,20231117,2023-11-17 14:37:00,179.0,VMS_4,Unchecked,18610.0,1,3.96,0.72,1.08,1.28,Unchecked
1432,lr,0.4439438077111873,237.5316597902024,434.8391411371508,8822.5,0.5888658493538599,0.7941554025795243,26.99645231651152,20231117,2023-11-17 13:37:00,92.0,VMS_3,Unchecked,27360.0,1,4.1,1.08,1.44,3.64,Unchecked
1434,lr,1.4019563101210275,527.6265647526842,490.031529292576,10805.0,0.5569690217352331,0.7559615461482311,30.900120135567725,20231117,2023-11-17 12:44:00,196.0,VMS_4,Unchecked,31758.0,1,4.36,0.9,1.44,4.41,Unchecked
1441,lr,0.4365681963492919,245.51604644114389,357.8122292025697,6600.0,0.642124903825479,0.7228164277002538,32.05299959355911,20231117,2023-11-17 16:20:00,192.0,VMS_3,Unchecked,28094.0,1,3.72,1.26,1.74,3.11,Unchecked
1442,lr,0.5325287681779257,308.3632271125551,387.7350647362943,8353.0,0.6978963984050547,0.7157304354260197,28.004083367496875,20231117,2023-11-17 14:44:00,165.0,VMS_4,Unchecked,38905.0,1,4.16,0.84,1.26,3.96,Unchecked
1443,lr,0.7785499291696683,454.1726963901872,457.8132752230962,11198.0,0.6664986534129446,0.8400936256268684,30.874533987914575,20231117,2023-11-17 16:15:00,113.0,VMS_4,Unchecked,33346.0,1,3.96,0.54,0.84,3.8,Unchecked
1456,lr,0.3789779919454848,302.93831905721714,387.8294731452727,6028.0,0.5381229850993153,0.8393617616005109,17.728681724108846,20231117,2023-11-17 16:32:00,131.0,VMS_4,Unchecked,28442.0,1,4.02,1.02,1.32,3.13,Unchecked
1457,lr,0.5473485995467975,266.8569882994258,410.1350826831692,7658.5,0.5627307416281888,0.8374882635327775,29.17091909961757,20231117,2023-11-17 14:53:00,38.0,VMS_4,Unchecked,40496.0,1,4.43,1.08,1.56,4.15,Unchecked
1458,lr,0.9152474962155324,380.8309238415745,455.969083452062,10477.0,0.6393917273369404,0.7703264810810592,32.182506975921555,20231117,2023-11-17 13:58:00,52.0,VMS_3,Unchecked,28255.0,1,3.77,1.56,1.98,4.15,Unchecked
1460,lr,0.723829885464051,345.0854017758732,487.6234123846127,9511.0,0.498709854470141,0.8458975010895852,23.08915150276428,20231117,2023-11-17 11:51:00,107.0,VMS_4,Unchecked,30519.0,1,4.16,0.54,0.9,3.38,Unchecked
1461,lr,0.6843943236942545,343.72718259721114,416.6939571862149,9824.5,0.7090451896981411,0.6321377388636549,37.71561218230882,20231117,2023-11-17 12:31:00,74.0,VMS_4,Unchecked,38789.0,1,4.16,1.38,1.92,4.72,Unchecked
1462,lr,0.5100976766884531,258.515285991259,435.4157825931629,9759.0,0.6482146192785753,0.7006929101910084,26.22849624589761,20231117,2023-11-17 13:47:00,17.0,VMS_3,Unchecked,40456.0,1,3.77,1.68,2.4,3.96,Unchecked
1463,lr,,570.3027449880774,,,0.5346492926059425,0.8681856428489014,39.706205444131655,20231117,2023-11-17 14:17:00,72.0,VMS_3,Unchecked,45887.0,1,4.51,1.32,1.86,7.44,Unchecked
1470,lr,0.3840608441271868,217.98462889270704,353.5132393293463,6277.0,0.6368032569754136,0.7621153008882702,29.470928474137352,20231117,2023-11-17 14:58:00,39.0,VMS_3,Unchecked,34250.0,1,4.18,1.62,2.52,3.16,Unchecked
1471,lr,0.54045563142546,247.2261047227165,338.5512985522207,6641.0,0.7241425318991278,0.4117302370601863,31.551529709370502,20231117,2023-11-17 16:12:00,44.0,VMS_3,Unchecked,36251.0,1,4.25,1.08,1.56,4.4,Unchecked
1472,lr,0.6637406194822807,406.5427865421397,449.2508293825822,7771.0,,0.8495820887353341,33.51496997103661,20231117,2023-11-17 12:28:00,60.0,VMS_3,Unchecked,43148.0,1,3.71,0.6,1.14,2.86,Unchecked
1473,lr,0.6435631573356154,284.1689979200338,356.770598642227,6930.0,0.6856474092353345,0.7633032691548625,45.479096332503936,20231117,2023-11-17 10:57:00,21.0,VMS_3,Unchecked,36700.0,1,4.51,1.44,1.98,5.63,Unchecked
1475,lr,0.5707330705669664,243.8824032570572,404.8477631085024,7338.0,0.5702289280974675,0.7860590684506934,39.16769622539459,20231117,2023-11-17 16:27:00,39.0,VMS_3,Unchecked,38585.0,1,4.13,1.5,2.16,5.77,Unchecked
1476,lr,0.7716298920851636,418.70426227602894,463.7325394193525,10155.0,0.5894296213979955,0.7624233730001461,27.25867427734709,20231117,2023-11-17 17:14:00,33.0,VMS_4,Unchecked,33649.0,1,3.95,0.54,0.84,2.68,Unchecked
1478,lr,0.6973735609786018,300.7162043056576,401.4005409571382,8094.0,0.6372720813944485,0.8175765406927129,28.94473834881328,20231117,2023-11-17 16:03:00,72.0,VMS_3,Unchecked,34768.0,1,4.05,1.38,1.86,3.87,Unchecked
1479,lr,0.6016109330455617,465.92853908100034,446.60512242138304,7726.0,,0.91794192360575,,20231117,2023-11-17 17:22:00,4.0,VMS_3,Unchecked,35887.0,1,4.06,0.9,1.26,2.72,Unchecked
1483,lr,0.6281702923557619,249.94428435427847,375.1589462905455,6967.0,0.6762169440653465,0.71043546578899,33.69664511485926,20231117,2023-11-17 16:35:00,23.0,VMS_3,Unchecked,34966.0,1,3.86,1.32,1.92,4.12,Unchecked
1486,lr,0.7681594756482741,475.6841538822338,525.9757031167352,10787.5,,0.785653968650478,27.339604539679907,20231117,2023-11-17 12:53:00,64.0,VMS_4,Unchecked,32670.0,1,4.03,1.68,2.1,3.39,Unchecked
1487,lr,0.712471244282213,208.90104127459875,371.1614716074871,7398.0,0.6766318143602859,0.7919926277197055,26.069106920653333,20231117,2023-11-17 12:03:00,25.0,VMS_3,Unchecked,30714.0,1,4.24,1.2,1.68,4.13,Unchecked
1495,lr,0.5572992442295648,346.5814403280468,471.9340725563925,8788.0,,0.7274757839089916,27.101730323214845,20231117,2023-11-17 11:00:00,21.0,VMS_4,Unchecked,36166.0,1,4.03,0.78,1.2,2.55,Unchecked
1501,lr,0.5238351084002674,210.8248713628853,309.6579002700189,5335.0,0.6955121034488229,0.6587732557707922,37.5542156247324,20231117,2023-11-17 17:30:00,21.0,VMS_3,Unchecked,41757.0,1,4.94,1.14,1.74,4.77,Unchecked
1504,lr,0.9234924485876768,438.23882698860695,497.5290039756343,11224.0,0.5728170116042103,0.8607550329529462,41.050007756019966,20231117,2023-11-17 16:57:00,12.0,VMS_3,Unchecked,33600.0,1,4.46,0.48,0.72,0.77,Unchecked
962,rr,1.092560294833564,,505.2741699796952,12677.0,0.6235820375688348,0.7222363281825958,,20231117,2023-11-17 11:18:00,118.0,VMS_2,Unchecked,35381.0,4,5.13,0.9,1.56,6.9,Unchecked
1023,rr,0.9185184466962032,402.92971799759954,505.469083452062,13280.0,0.6548864219593112,0.5773820304935847,37.68154813458375,20231117,2023-11-17 12:46:00,117.0,VMS_2,Unchecked,25442.0,4,4.41,1.08,1.44,4.28,Unchecked
1061,rr,,,,,,,,20231117,2023-11-17 12:10:00,284.0,VMS_2,Unchecked,39664.0,3,4.54,1.44,1.92,7.24,Unchecked
1074,rr,0.793431656848649,278.7098577981656,489.8477631085024,10742.0,0.5650889686978485,0.8560982229817673,,20231117,2023-11-17 14:56:00,222.0,VMS_2,Unchecked,27373.0,3,4.6,1.32,1.68,5.73,Unchecked
1081,rr,0.5933647354680847,337.9215195438238,431.7411613907042,10606.0,0.7186332511011537,0.6822706735737544,40.27209617616273,20231117,2023-11-17 11:33:00,258.0,VMS_2,Unchecked,38704.0,3,4.8,1.26,1.86,6.25,Unchecked
1084,rr,0.7843984869007803,271.70275223954235,414.6848122046001,9039.0,0.6618816621101702,0.7577535024794977,26.45985062546212,20231117,2023-11-17 15:04:00,150.0,VMS_2,Unchecked,39804.0,3,4.53,1.2,1.56,6.88,Unchecked
1089,rr,0.925373256638332,381.5271014210228,499.6406563273158,12939.0,0.6544370630341859,0.7146227925742864,32.74114956148908,20231117,2023-11-17 13:46:00,201.0,VMS_2,Unchecked,28585.0,3,4.53,1.68,2.1,5.57,Unchecked
1098,rr,0.6082336700334248,355.85510808329724,512.0315292925759,13348.0,0.6381118568008433,0.6316454065819257,41.13237844839384,20231117,2023-11-17 11:56:00,252.0,VMS_1,Unchecked,33052.0,3,5.16,1.02,1.38,5.67,Unchecked
1100,rr,0.546071448962019,274.95044551965486,368.56958851545033,7411.0,0.7037872137545356,0.7503781068636,25.754763307288968,20231117,2023-11-17 15:04:00,284.0,VMS_1,Unchecked,26934.0,3,4.83,1.5,2.04,4.15,Unchecked
1102,rr,0.6458548233889201,365.7810273759844,489.9898987322333,12526.0,0.6510570130283141,0.7973994130563553,35.985604428482695,20231117,2023-11-17 11:45:00,212.0,VMS_2,Unchecked,41147.0,3,4.33,1.26,1.62,5.71,Unchecked
1127,rr,0.6063749953055986,158.7015406406724,310.12846301849606,4579.0,0.6159960969706635,0.7449198454215138,24.00914521383924,20231117,2023-11-17 14:46:00,42.0,VMS_2,Unchecked,29232.0,3,4.46,1.38,1.86,4.18,Unchecked
1139,rr,0.7401983156977605,417.8094567600471,464.9188309203679,9744.0,0.5638581283036164,0.7610328400703515,42.01701612019028,20231117,2023-11-17 11:41:00,54.0,VMS_1,Unchecked,38444.0,3,4.43,0.84,1.26,7.54,Unchecked
1144,rr,1.1410494865994387,330.1109361344154,403.7289680818844,7491.0,0.6042597571191237,0.8108825818920055,42.30828986822971,20231117,2023-11-17 13:02:00,86.0,VMS_1,Unchecked,35524.0,3,4.09,1.68,2.34,6.93,Unchecked
1148,rr,0.8681219324553416,213.0800626262184,384.07821048680194,8072.0,0.685564058585211,0.7390224497264165,38.26241919418692,20231117,2023-11-17 16:32:00,129.0,VMS_2,Unchecked,27152.0,3,5.07,1.08,1.62,3.1,Unchecked
1151,rr,0.8532858830665766,370.4764522524979,,,0.556865682690747,0.8503101934797238,28.421093945418583,20231117,2023-11-17 14:55:00,110.0,VMS_1,Unchecked,27186.0,3,4.62,1.98,3.18,5.75,Unchecked
1153,rr,0.4145190933832657,251.39829654059528,427.94826817189073,10293.0,0.7068238334149866,0.7573436140874769,30.42524242174331,20231117,2023-11-17 14:30:00,75.0,VMS_1,Unchecked,18982.0,3,4.56,1.8,2.58,3.98,Unchecked
1159,rr,0.7344710565919728,229.27300339373696,398.912734265958,8201.0,0.6498586841109352,0.7707369886831027,33.05949185744998,20231117,2023-11-17 17:16:00,9.0,VMS_2,Unchecked,38749.0,3,4.6,1.08,1.38,3.71,Unchecked
1163,rr,0.6036915088715786,316.52863914300013,520.2152954766495,10190.0,,0.7396873560363852,40.48649187946293,20231117,2023-11-17 16:46:00,100.0,VMS_1,Unchecked,29254.0,3,4.02,0.78,1.2,6.4,Unchecked
1164,rr,0.62364254114226,246.33014225358136,403.01933598375615,7965.0,0.6357748327808311,0.8612505043562378,36.98710176897018,20231117,2023-11-17 15:14:00,23.0,VMS_1,Unchecked,22123.0,3,4.09,1.8,2.34,4.32,Unchecked
1168,rr,0.940288031989438,327.37556679118626,457.2264427649428,10301.0,0.6190970723870243,0.7805132783538015,41.899636441374376,20231117,2023-11-17 11:11:00,61.0,VMS_1,Unchecked,31349.0,3,4.76,0.9,1.38,5.76,Unchecked
1170,rr,0.5533852742481171,217.6911577912474,429.2203461105328,9363.0,0.6401434134866307,0.761057865532937,37.16440020798021,20231117,2023-11-17 16:59:00,14.0,VMS_2,Unchecked,38219.0,3,4.33,1.44,1.8,5.12,Unchecked
1171,rr,1.0170935544167408,467.50446649620494,563.9898987322333,,0.6129870619874428,0.8422242783021039,34.65620377423647,20231117,2023-11-17 17:07:00,318.0,VMS_1,Unchecked,49098.0,2,4.76,1.86,2.34,5.14,Unchecked
1173,rr,0.8836503428121391,387.0736976526371,499.1391770309007,14875.0,0.7547251536256748,0.5645797427583731,39.75676555854833,20231117,2023-11-17 17:47:00,6.0,VMS_3,Unchecked,41458.0,3,4.3,0.84,1.32,5.8,Unchecked
1177,rr,,,,,0.6271471386907395,0.8640918968534325,,20231117,2023-11-17 17:18:00,20.0,VMS_1,Unchecked,63739.0,3,,,,,Unchecked
1192,rr,,341.8363176397065,,,0.667453609316756,0.6503479297690558,21.2983408469041,20231117,2023-11-17 13:51:00,353.0,VMS_1,Unchecked,28405.0,2,4.36,1.5,1.92,4.76,Unchecked
1198,rr,0.6577929044185132,212.8631260543106,357.97160876900364,6945.0,0.6919364031227105,0.6773725359449766,26.034027203591663,20231117,2023-11-17 11:54:00,309.0,VMS_2,Unchecked,43471.0,2,4.13,1.68,2.16,5.47,Unchecked
1200,rr,0.196912668086004,160.22135413228412,368.69343417595167,6942.0,0.6548604082598861,0.790781408143349,,20231117,2023-11-17 16:11:00,356.0,VMS_2,Unchecked,33881.0,2,4.4,0.84,1.08,3.25,Unchecked
1207,rr,0.6577929044185132,212.8631260543106,357.97160876900364,6945.0,0.6919364031227105,0.6773725359449766,26.034027203591663,20231117,2023-11-17 13:18:00,296.0,VMS_2,Unchecked,32686.0,2,5.8,0.9,1.26,1.7,Unchecked
1212,rr,,251.83316143262192,444.2741699796952,10697.0,0.6824276736654631,0.569990098091911,32.06982350819654,20231117,2023-11-17 14:35:00,282.0,VMS_2,Unchecked,46378.0,2,3.93,1.92,2.34,7.93,Unchecked
1219,rr,0.7972377046780779,300.1238949449472,411.9305012189244,7861.5,0.5756470025186067,0.8171143464540859,35.955172960662296,20231117,2023-11-17 17:49:00,306.0,VMS_2,Unchecked,37283.0,2,4.54,1.02,1.44,4.44,Unchecked
1231,rr,0.4810080804299018,268.09182611234337,364.7645019878171,6773.5,0.6408022140284007,0.722781192211385,26.899541502886148,20231117,2023-11-17 13:43:00,185.0,VMS_1,Unchecked,25926.0,2,4.42,1.32,1.86,4.13,Unchecked
1233,rr,1.09213509816048,425.6607045100594,432.747258045114,9985.0,0.6737777309008319,0.6694309368150028,37.62780841500223,20231117,2023-11-17 13:20:00,246.0,VMS_1,Unchecked,42736.0,2,4.29,0.96,1.38,5.28,Unchecked
1240,rr,0.6057039871783532,213.0326044599676,400.7411613907042,7409.0,0.5865607066899785,0.7438738809920699,34.19362734057966,20231117,2023-11-17 14:37:00,231.0,VMS_1,Unchecked,29540.0,2,4.29,1.2,1.62,5.18,Unchecked
1243,rr,0.670023046400051,211.9823552096609,320.8294731452727,6075.0,0.7356179809481331,0.654177369350303,24.605196525300663,20231117,2023-11-17 12:17:00,246.0,VMS_1,Unchecked,44914.0,2,4.16,1.8,2.34,5.22,Unchecked
1245,rr,,542.9420198987639,554.263022691402,13722.5,0.5614777069410397,0.83091824969583,37.484744981238975,20231117,2023-11-17 13:08:00,267.0,VMS_2,Unchecked,34349.0,2,4.67,1.44,1.98,6.13,Unchecked
1246,rr,0.7786991570327508,243.98812434087577,362.0365799264592,7123.0,0.6829169644576089,0.7630706433467691,25.892696067011293,20231117,2023-11-17 16:40:00,248.0,VMS_2,Unchecked,36064.0,2,4.73,1.08,1.44,4.17,Unchecked
1258,rr,0.5227876039844254,257.21852161707875,373.0162876565512,6979.5,0.6541877483267693,0.7168633103019622,31.94543476017892,20231117,2023-11-17 12:37:00,186.0,VMS_2,Unchecked,49566.0,2,4.07,1.86,2.7,5.4,Unchecked
1259,rr,0.3615558880596334,339.2870502162752,406.0426765808692,8832.0,0.6730309299061056,0.7631004938447784,27.25175966237108,20231117,2023-11-17 12:55:00,249.0,VMS_2,Unchecked,38773.0,2,4.47,0.9,1.26,5.01,Unchecked
1263,rr,0.9519130159565544,325.41300628890195,388.3325214724777,7443.0,0.626262956208067,0.831640106578869,28.60460993887373,20231117,2023-11-17 12:43:00,184.0,VMS_1,Unchecked,21070.0,2,4.29,1.38,1.86,3.13,Unchecked
1266,rr,0.6880559095351686,264.8238719324061,375.5279579551077,7560.5,0.6749362446821663,0.8343499213715617,33.34875554374264,20231117,2023-11-17 16:19:00,222.0,VMS_2,Unchecked,55775.0,2,4.33,1.2,1.5,7.56,Unchecked
1267,rr,0.2773613122721973,549.3655434418033,409.01933598375615,8538.0,0.6484713303487504,0.7089955248058448,30.389882703203966,20231117,2023-11-17 16:24:00,264.0,VMS_1,Unchecked,74198.0,2,4.15,0.78,1.2,4.92,Unchecked
1273,rr,0.628613558935705,396.33527478767456,420.9005409571382,9514.0,0.6758320574459099,0.6815300615443273,46.72968738564629,20231117,2023-11-17 16:02:00,206.0,VMS_2,Unchecked,32276.0,2,4.06,1.14,1.68,4.29,Unchecked
1274,rr,0.6587291809080609,301.2740541711088,436.167568261897,8314.0,,0.87449952335868,44.06273912968962,20231121,2023-11-17 21:10:00,104.0,VMS_2,Unchecked,36221.0,2,4.12,1.26,1.68,5.22,Unchecked
1276,rr,0.5854492207651353,238.79195263699484,391.2497833620557,8619.0,0.6876733129379153,0.6711431538491888,33.69720612933727,20231117,2023-11-17 14:47:00,117.0,VMS_1,Unchecked,23374.0,2,4.02,1.44,1.86,5.48,Unchecked
1277,rr,,,,,,,,20231117,2023-11-17 13:37:00,175.0,VMS_2,Unchecked,27071.0,2,4.26,1.68,2.16,8.12,Unchecked
1282,rr,,,,,,,,20231117,2023-11-17 12:20:00,72.0,VMS_2,Unchecked,32274.0,2,4.4,1.8,2.46,8.0,Unchecked
1305,rr,0.8442411785351841,246.5588621422531,329.06349186104046,4830.0,,0.7598145180951594,,20231117,2023-11-17 13:31:00,90.0,VMS_1,Unchecked,35036.0,2,,,,,Unchecked
1319,rr,,,426.1076477383248,9732.0,0.6492285489991944,0.7650546226207138,34.743870411624464,20231117,2023-11-17 12:29:00,30.0,VMS_2,Unchecked,36700.0,2,4.34,1.74,2.28,6.38,Unchecked
1321,rr,,,,,0.5943928317395837,0.7811729635254514,,20231117,2023-11-17 14:17:00,81.0,VMS_1,Unchecked,20602.0,2,4.09,1.56,2.1,4.29,Unchecked
1380,rr,0.5293655405522684,261.74189511044244,435.24978336205567,9244.5,0.615367799060476,,28.364522328788333,20231117,2023-11-17 12:59:00,301.0,VMS_3,Unchecked,26190.0,1,4.13,1.2,1.56,2.85,Unchecked
1389,rr,0.608437060080846,312.610149330882,455.7497833620557,12350.5,0.7495834406850957,0.5255905553261759,35.75510202431568,20231117,2023-11-17 15:28:00,312.0,VMS_3,Unchecked,43768.0,1,4.05,0.78,1.02,3.66,Unchecked
1391,rr,0.4047888513951495,243.6411540122569,426.6995308303615,7403.0,,0.7205425581737839,22.09842634259208,20231117,2023-11-17 17:32:00,256.0,VMS_4,Unchecked,29994.0,1,3.87,1.26,1.74,2.32,Unchecked
1396,rr,0.5109625359058215,517.5780438112487,440.3858223313768,11026.0,0.725597101181287,0.4981827682800417,40.72120530756549,20231117,2023-11-17 12:21:00,223.0,VMS_3,Unchecked,34032.0,1,4.46,1.2,1.5,4.73,Unchecked
1397,rr,0.5538867707267427,304.291825526008,407.57516215959697,8526.0,0.6440106745067204,0.5481926664911828,33.39226153269515,20231117,2023-11-17 11:46:00,249.0,VMS_3,Unchecked,27673.0,1,4.13,1.38,1.8,2.26,Unchecked
1398,rr,0.8410668537684052,433.3811847335389,470.469083452062,11647.5,0.6637179748175575,0.5592345366411396,43.63125158629957,20231117,2023-11-17 17:41:00,257.0,VMS_4,Unchecked,43959.0,1,4.21,1.26,1.8,4.12,Unchecked
1399,rr,0.6629310172109347,604.0955292705934,449.0132393293463,10471.0,0.6601896589704258,0.5714402255262732,36.45061986637084,20231117,2023-11-17 14:28:00,254.0,VMS_4,Unchecked,31813.0,1,3.92,0.72,1.02,3.36,Unchecked
1401,rr,0.5554343986753929,329.69860132181475,389.4979976933216,9133.5,,,34.35460151146823,20231117,2023-11-17 14:09:00,251.0,VMS_4,Unchecked,49984.0,1,3.72,1.62,2.1,4.15,Unchecked
1404,rr,0.4392256484649149,252.2000687879113,398.7350647362943,7620.0,0.6142391173224845,0.66886392384818,36.98519712909746,20231117,2023-11-17 13:07:00,256.0,VMS_3,Unchecked,19939.0,1,4.4,1.8,2.4,2.44,Unchecked
1409,rr,0.6147395451259342,242.1903193350172,436.9249275747777,9442.0,0.6192234036421862,0.8533637041349672,43.91258444932146,20231117,2023-11-17 16:40:00,180.0,VMS_4,Unchecked,25252.0,1,3.33,1.14,1.56,3.06,Checked
1410,rr,0.4197924576123195,114.72945232287267,314.23201640908934,5282.5,0.6727488794560493,0.6462393651848446,,20231117,2023-11-17 14:06:00,252.0,VMS_3,Unchecked,39585.0,1,,,,,Unchecked
1412,rr,,,555.8122292025696,,0.6492014946897933,0.7903882895203926,46.777097379122935,20231117,2023-11-17 13:17:00,200.0,VMS_3,Unchecked,26125.0,1,4.0,0.6,1.02,2.42,Unchecked
1414,rr,0.7193564657313799,497.37592214309007,535.6345596729059,12690.0,0.5837932772088904,0.4833326858407029,25.066266455298088,20231117,2023-11-17 12:08:00,267.0,VMS_4,Unchecked,58637.0,1,3.9,1.68,2.46,5.47,Unchecked
1417,rr,0.5509845103311355,164.92113209737806,355.49242404917493,7168.5,0.7377971365415092,0.6445428402976936,,20231117,2023-11-17 16:49:00,222.0,VMS_4,Unchecked,30907.0,1,,,,,Unchecked
1419,rr,0.5455092919482611,239.51615991259504,408.3325214724777,8338.5,0.6540610829015641,0.6026061677404846,32.43200434748738,20231117,2023-11-17 13:28:00,235.0,VMS_4,Unchecked,47823.0,1,4.92,0.96,1.38,5.93,Unchecked
1422,rr,1.0548489081935148,533.503845137416,475.2914139223983,12773.0,0.7103073925842489,0.7043467457411577,39.03296575278752,20231117,2023-11-17 14:40:00,251.0,VMS_3,Unchecked,57441.0,1,3.6,1.5,2.04,5.78,Unchecked
1423,rr,0.5028042357997828,233.1749306647896,359.5868324581535,6204.0,0.6371631639357,,,20231117,2023-11-17 13:48:00,195.0,VMS_4,Unchecked,26731.0,1,4.26,1.32,1.74,3.04,Unchecked
1424,rr,0.7007468128563503,379.78484144918025,439.5695885154504,10263.0,0.6623702921819264,,30.794101014454228,20231117,2023-11-17 14:37:00,179.0,VMS_4,Unchecked,18610.0,1,4.12,0.84,1.2,1.72,Unchecked
1432,rr,0.4389689608993364,276.24781399372125,433.7350647362943,10058.5,0.6752242319683016,0.7220039178672308,30.025504963732928,20231117,2023-11-17 13:37:00,92.0,VMS_3,Unchecked,27360.0,1,4.06,1.08,1.44,3.14,Unchecked
1434,rr,,,550.6467529817257,12014.0,,0.6564424953522725,35.585006406613275,20231117,2023-11-17 12:44:00,196.0,VMS_4,Unchecked,31758.0,1,4.24,1.02,1.68,4.05,Unchecked
1441,rr,0.2833560141031331,251.6978302921904,318.69343417595167,5104.5,0.6400972998364236,0.6176133893792777,35.42629158749993,20231117,2023-11-17 16:20:00,192.0,VMS_3,Unchecked,28094.0,1,5.44,0.72,1.2,1.04,Unchecked
1442,rr,0.5731285339215946,406.3812527894903,447.072113832392,11128.0,0.7098477797342356,0.7036316527529306,31.666730669130853,20231117,2023-11-17 14:44:00,165.0,VMS_4,Unchecked,38905.0,1,3.93,1.26,1.62,4.19,Unchecked
1443,rr,0.6581532954450339,435.5702657273748,413.6173157302029,8873.0,0.6592950304306243,0.7350343094255811,38.19558679302204,20231117,2023-11-17 16:15:00,113.0,VMS_4,Unchecked,33346.0,1,4.13,0.6,0.84,3.07,Unchecked
1456,rr,0.7052499042534861,397.3431415522505,513.0731598529186,8089.0,,0.7967244103576482,23.53497839108329,20231117,2023-11-17 16:32:00,131.0,VMS_4,Unchecked,28442.0,1,4.12,0.84,1.14,3.01,Unchecked
1457,rr,0.8253940055655834,322.99293482598307,432.350288425444,10504.0,0.6978199029665392,,41.36979204943015,20231117,2023-11-17 14:53:00,38.0,VMS_4,Unchecked,40496.0,1,4.39,1.02,1.44,5.52,Unchecked
1458,rr,0.8178146998733915,373.5681284726165,460.99547237638,10519.5,0.6095512619389558,0.5374353569020182,31.343478135145865,20231117,2023-11-17 13:58:00,52.0,VMS_3,Unchecked,28255.0,1,3.8,1.32,1.8,3.93,Unchecked
1460,rr,0.5585857693619637,349.9701472102194,427.8416664540924,9832.0,0.6776784516942939,0.7993016007474593,30.14492310217077,20231117,2023-11-17 11:51:00,107.0,VMS_4,Unchecked,30519.0,1,4.1,0.6,1.02,3.27,Checked
1461,rr,0.8577989474487582,420.9620899904498,490.051821562484,11200.5,0.5944594983959213,0.73364883158565,31.804837989910048,20231117,2023-11-17 12:31:00,74.0,VMS_4,Unchecked,38789.0,1,3.91,1.08,1.44,3.67,Unchecked
1462,rr,0.4766805545271892,223.2211417733597,407.2853172679884,9481.0,0.7194470484776625,,27.26255968867876,20231117,2023-11-17 13:47:00,17.0,VMS_3,Unchecked,40456.0,1,3.79,1.5,1.98,3.99,Unchecked
1463,rr,,,,,0.6093177441046427,0.7962470035262661,45.21179819404828,20231117,2023-11-17 14:17:00,72.0,VMS_3,Unchecked,45887.0,1,4.6,0.9,1.2,6.81,Unchecked
1470,rr,0.4142610515794669,237.77231491158176,349.84724009823907,6664.0,0.6859178057387673,0.4983470703198657,22.94009837563938,20231117,2023-11-17 14:58:00,39.0,VMS_3,Unchecked,34250.0,1,4.18,1.08,1.56,3.05,Unchecked
1471,rr,0.6707123460166999,319.1063935833228,401.906637611548,9348.0,0.7211854428060125,0.5200841911808303,31.853378567391974,20231117,2023-11-17 16:12:00,44.0,VMS_3,Unchecked,36251.0,1,4.32,1.32,1.86,4.91,Unchecked
1472,rr,0.7155916271356983,440.22386284632535,411.21424945612296,9111.0,0.6643257910873618,0.6179326970287724,38.651739338729485,20231117,2023-11-17 12:28:00,60.0,VMS_3,Unchecked,43148.0,1,3.79,0.6,0.9,2.68,Unchecked
1473,rr,,526.2941391746789,500.6761902332485,12250.0,0.597323917900772,0.5797127534373091,35.98961610357178,20231117,2023-11-17 10:57:00,21.0,VMS_3,Unchecked,36700.0,1,4.67,1.26,1.86,5.12,Unchecked
1475,rr,0.4492287080124685,246.4054120641797,392.048773235279,8032.5,0.6672930118658427,0.6025040635715762,41.88886767003715,20231117,2023-11-17 16:27:00,39.0,VMS_3,Unchecked,38585.0,1,4.23,1.86,2.4,5.58,Unchecked
1476,rr,0.6372716340488764,453.4926275897624,438.07516215959697,9746.5,0.663798246190227,0.638479074019884,35.119735610496726,20231117,2023-11-17 17:14:00,33.0,VMS_4,Unchecked,33649.0,1,4.14,0.48,0.78,2.7,Unchecked
1478,rr,0.9924758273888302,435.55069285036586,459.8949673129917,11629.5,0.6943385531397696,0.5361415232749789,34.39248252194324,20231117,2023-11-17 16:03:00,72.0,VMS_3,Unchecked,34768.0,1,4.19,1.02,1.62,3.08,Unchecked
1479,rr,,,,12518.0,,0.8236914885174488,18.17392370737068,20231117,2023-11-17 17:22:00,4.0,VMS_3,Unchecked,35887.0,1,4.1,0.72,1.02,2.32,Unchecked
1483,rr,1.006087988142912,430.1911998996402,489.9371208835975,12994.0,0.714223702969818,0.6320765271852214,34.25502515150771,20231117,2023-11-17 16:35:00,23.0,VMS_3,Unchecked,34966.0,1,3.96,1.08,1.5,4.6,Unchecked
1486,rr,0.7024329897817789,451.2279219935811,496.49852070358486,11302.0,0.5725373099332245,0.7788342729033148,23.26423758209135,20231117,2023-11-17 12:53:00,64.0,VMS_4,Unchecked,32670.0,1,3.98,1.74,2.82,2.73,Unchecked
1487,rr,0.5032874309677956,209.54466762112676,354.2056274847714,5754.5,0.6029270512717732,0.7382960898476978,,20231117,2023-11-17 12:03:00,25.0,VMS_3,Unchecked,30714.0,1,4.13,1.02,1.38,3.62,Unchecked
1495,rr,0.5377607295984301,497.46440030630345,514.6406563273158,10016.5,,0.6899485448013569,29.439392146562803,20231117,2023-11-17 11:00:00,21.0,VMS_4,Unchecked,36166.0,1,4.1,0.9,1.38,3.02,Unchecked
1501,rr,0.72067460232311,209.5838351625703,292.7106781186548,5358.0,,0.6202161303096685,35.086377867722405,20231117,2023-11-17 17:30:00,21.0,VMS_3,Unchecked,41757.0,1,5.04,0.96,1.38,3.86,Unchecked
1504,rr,,,522.8772003600252,14700.0,0.6732086837978954,0.7762012532667162,,20231117,2023-11-17 16:57:00,12.0,VMS_3,Unchecked,33600.0,1,4.3,0.54,0.78,1.31,Unchecked
