cow,frame,filename,udder_vol,lf_vol,rf_vol,lb_vol,rb_vol,udder_sarea,lf_sarea,rf_sarea,lb_sarea,rb_sarea,front_eu,back_eu,right_eu,left_eu,front_gd,back_gd,right_gd,left_gd,udder_peri,udder_area,udder_circ,udder_exc,lf_peri,lf_area,lf_circ,lf_exc,rf_peri,rf_area,rf_circ,rf_exc,lb_peri,lb_area,lb_circ,lb_exc,rb_peri,rb_area,rb_circ,rb_exc,lf_len,rf_len,lb_len,rb_len
cow,145,cow_date_time_frame_145,7.174132689218041,2.9315393992381575,2.1845146037038377,0.7636826033176469,0.4901665981836076,2203.9231199464452,788.1051263456038,691.9622414559233,301.20166795778056,325.16766899726963,21.585317945177454,7.294448907864444,25.05581168018274,25.699101481656406,30.59166704660372,16.002766427054276,25.07052691524422,24.35252606340873,1416.3544725075503,117082.0,0.7334256254998627,0.5504907188546587,798.6417023478423,39147.0,0.7712663473518474,0.7136718007607568,843.2691193458119,40800.0,0.7210039329837457,0.7664935294089793,571.5462479183374,19945.0,0.7672575109434882,0.4533083595528405,559.9838020778235,16564.0,0.6637799896731392,0.5734165079041298,40.20851767628726,39.45698338455918,36.577072269818686,31.02800649304576
cow,150,cow_date_time_frame_150,6.995160602847051,2.870853469969622,2.16548375325648,0.7079976452365748,0.5027107152345902,2164.6026035810264,744.0745132445724,696.318817268053,306.08616738273327,339.65803609969925,21.41562019242303,8.073211644042717,24.838497125779117,25.795514880981546,30.220089451682153,16.2970389172701,25.23017160335564,24.12273071331971,1417.8691911333115,119313.0,0.7458050128103569,0.5692923103405367,799.6122650963196,38990.0,0.7663094921055199,0.7212449004850566,856.8254685319159,41121.0,0.7038640713964115,0.7564279190057737,581.9310242291876,20166.0,0.7483187111331436,0.42747896413633224,573.747258045114,18401.0,0.702441308559943,0.5186612317164719,40.457542905463384,39.29011804270339,34.91720521559691,42.84020350689983
cow,155,cow_date_time_frame_155,6.922645949205992,2.8428633149055527,2.2504181812435036,0.7061520415286462,0.45482607087086235,2241.1344428379434,811.7032638638186,731.7840072258887,287.64734731264014,358.57551519363784,21.227794509450217,7.2322869770753915,24.889383751477602,25.985573933253885,30.164522054874247,15.945546570913713,24.91133471707575,24.48698533221087,1438.070201260088,123656.0,0.7513890875777047,0.5564188526836217,847.0803025278549,42072.0,0.7368071909119465,0.7604590897952738,920.3645737753169,44932.0,0.6665700970351734,0.7713331731527726,593.5939751330898,18854.0,0.6724103632340975,0.25653744960269953,552.6761902332486,17150.0,0.7055576060334401,0.5038942244068381,40.98105562993189,4.380228369291362,36.8323014550121,42.099065359056006
cow,353,cow_date_time_frame_353,6.788469164863992,2.3729429045562647,2.193938715585588,0.7814355050589621,0.6440199098020842,2263.29637856115,701.2825756302913,683.7375629823666,341.0773559732211,451.9424448040071,21.219301548880352,7.331516740948375,25.275900158042653,26.238771523829747,30.231862852570558,16.13620737073803,25.316046739535253,24.647765509691634,1415.3422791987302,118049.0,0.7405411842226507,0.5813300769241069,770.0142853498729,36877.0,0.7815700031789021,0.7050787911655416,818.683332908185,39014.0,0.7314732452835238,0.7333651416935937,598.8599564173221,21372.0,0.7488666338579034,0.548451266870998,622.3452377915607,20155.0,0.653927987555432,0.48978679326009417,45.186337808810954,38.067562735764334,36.31889807931043,41.272131318420854
cow,354,cow_date_time_frame_354,5.047190645163923,25.365813125467888,11.931306834286204,22.4826686282926,26.499903332365882,11849.361139725059,3778.979733635412,3706.9765489281026,1804.6525945953892,2713.828382111377,21.447064425804786,17.700163029427536,14.142869534520095,25.87392188510227,22.093329041810076,143.70422493654354,88.68218536190268,144.07139182985415,1427.827560572969,120500.0,0.7427546675360491,0.6135960731214768,777.0203820042827,37647.0,0.7835656988807748,0.7073722036062553,827.3401871576773,38635.0,0.7092878820785834,0.7323522784450449,606.3746750430836,22315.0,0.7626488951041456,0.5336595830798743,618.1320343559643,21267.0,0.6994450364582976,0.6287232297374444,,,,1.9655769314572058
cow,356,cow_date_time_frame_356,6.899259975396509,2.4900890685832766,2.0576331476300482,0.8961019567822378,0.6874407645518456,2304.611107552594,729.3445846268836,653.855500176962,341.853555590581,478.53144876787496,21.133280189010616,7.225211147947122,24.898839395130334,25.645936967111222,30.09313003296067,16.39653880827685,24.779212177510495,24.19340634660937,1432.5554826343268,118637.0,0.7264523246448017,0.5915957956083935,787.0142853498729,38054.0,0.7720491460948057,0.730004138081885,840.819371877506,38132.0,0.6777882417392789,0.7362293825492023,593.3452377915606,21527.0,0.7683842472166595,0.5295304114975107,630.2802666341051,20277.0,0.6414253872374882,0.4104117348707591,43.28075572031045,36.873580181641564,36.481748674817936,12.610142055907572
cow,357,cow_date_time_frame_357,6.476260904208655,2.2746222322328826,2.0075609639268563,0.7584324726677261,0.6523010877111057,2119.034145185426,697.3064736419668,605.6113540467431,313.9736387621317,423.01453479640634,21.170559405612074,7.068360509553314,25.77905223023884,25.87554869576154,30.213063810553663,15.858591382211468,25.26872450904824,24.33040420513324,1445.5260453828039,117926.0,0.7091981424249812,0.6004994501797523,781.0203820042827,37046.0,0.7631790694266211,0.7179313689693566,807.1686142824236,37993.0,0.7327990852112675,0.7445094480268691,591.7888886054566,21525.0,0.7723593545194145,0.5706272353397334,638.031529292576,20737.0,0.6401349074906079,0.46125795817996673,42.111630177341546,37.888998525513244,36.529242412409694,42.75251096721548
cow,363,cow_date_time_frame_363,6.432915114550976,2.266975706156291,1.937254233794138,0.8558192817352345,0.6346367585279369,2155.801031943511,699.1617172824867,637.2332054480571,313.2481661448352,401.07567568300055,21.183120642691915,7.621998715991102,25.666834053111725,25.7669177208943,30.095771875554,16.436272566628034,25.3949898503865,24.15228084692003,1428.655987697715,118783.0,0.7313223098078111,0.6173364867402287,776.6356056934325,37236.0,0.7757794852774299,0.7117854792129034,833.547293938864,37911.0,0.6856691539094674,0.7483134780341465,595.0609665440988,21746.0,0.7717316665046332,0.5603397891164945,619.7533546995239,21251.0,0.6952667537302624,0.5324558713526106,43.57064001104953,38.76173288044557,35.899080500656126,14.03875770858292
cow,365,cow_date_time_frame_365,6.872930202486662,2.3745675313695216,2.260963932885207,0.8782992679431627,0.645784213458094,2192.7013162302947,740.9863811576272,657.6221164083726,323.53977257018045,390.85591315914485,21.256860627997376,7.171966938296245,26.12657725627446,25.65268627278495,30.107059828374254,16.192932184949584,25.717175984829854,24.0343270577755,1433.4844148224613,118935.0,0.7273334979313891,0.632978948696697,763.7716446627536,36549.0,0.7873327213774353,0.7190732511764685,815.8549057834387,37526.0,0.7084615412834947,0.7327796803741952,596.4751801064718,21737.0,0.7677586452038836,0.5937393598143278,633.9959953866431,22491.0,0.7031461452167502,0.6172374859248636,43.28500566593365,38.55866026743923,36.356586009644644,42.10752901910285
cow,366,cow_date_time_frame_366,6.595449660726484,2.291547921454666,2.0099975278799755,0.8774077987922564,0.6903043246014171,2218.3736347726535,708.862134088258,643.5398755760236,326.31950992184284,419.9926039620916,21.11255938677152,7.0451646492133975,26.394034341146384,25.40973517943731,30.343826117262868,16.028003084536717,25.637069665816963,23.97588443140237,1429.7270555095806,119339.0,0.7336450422983799,0.6312830212124723,769.2213921310594,36494.0,0.775048044260799,0.7265698544570769,818.2335854398791,37519.0,0.7042170167198458,0.72506912669654,597.0609665440987,21982.0,0.7748893788473978,0.5668809421419527,638.2741699796952,22707.0,0.7004144300867255,0.6152426201918741,42.701591199161285,39.12443760886597,36.46911187856465,42.2994904900433
cow,367,cow_date_time_frame_367,6.729170842999637,2.3709870966387396,2.1120093280779737,0.9230937460015791,0.6548272497958937,2247.5334943147254,746.2863846382672,658.3115822844735,330.63546532140174,398.81960972116406,21.32518364744232,7.728603210703436,25.702761493875837,25.98692216601571,30.11165965214354,16.06369900988341,25.47934846255398,24.077072198978865,1434.3128419472077,119933.0,0.7325896650443708,0.6094975633056039,785.263022691402,36773.0,0.749391272522963,0.7026352861935632,816.0975464705581,38379.0,0.7241347253494478,0.7414478117497069,608.6589462905455,22833.0,0.774506061551471,0.5215394845007304,624.9959953866432,21317.0,0.6857747333212615,0.5231870299383233,8.382300578915558,41.0227896047632,35.14596642637921,14.872025116070416
cow,368,cow_date_time_frame_368,6.67929642041223,2.354167990928444,1.966511981117617,0.9357481321312334,0.7299506427605403,2229.175621071666,733.5317611144495,652.7604136025518,345.4790371653281,421.37916277071065,21.103937908817613,7.149317178745982,24.97334024968632,25.796928739847964,30.20166033582757,15.938221339817678,25.042412492923326,24.194695639113217,1435.7270555095806,120442.0,0.7342501663480516,0.6131464839854842,845.2041481883563,36831.0,0.647888296447066,0.714173095445112,811.6122650963194,37241.0,0.71045077977864,0.7111543836390111,616.6589462905454,22891.0,0.7564575406023692,0.561706043703392,635.9249275747777,22813.0,0.7088928011897485,0.6119884778404364,42.45951629546694,38.25870415680758,36.15184353621289,40.7041039891963
cow,369,cow_date_time_frame_369,6.419957501453532,2.150247900369545,2.0545163345626096,0.7244919214778917,0.6097883420858288,2116.0460426320587,710.6061570859031,627.1356157623416,282.36294422804286,396.29979359491665,21.189433425932975,7.604151598426452,25.19210779809058,25.820340663951068,30.454833541503756,16.143660645940212,25.375376919594654,23.7750202205007,1445.7686860699232,120577.0,0.7248976803709848,0.6118706862411759,775.9076836320746,36536.0,0.762624507279411,0.7026884440301162,811.1980515339465,37774.0,0.7213549932436457,0.7148837031631873,600.4751801064718,23143.0,0.806565046142895,0.5386851455520525,637.8599564173221,22485.0,0.6944677430003208,0.6408037089109482,41.99802593459373,37.57990077731785,35.14219816235053,42.28180391173525
cow,370,cow_date_time_frame_370,6.820260266389306,2.2745134446912063,2.1086090166066476,1.0031024080133986,0.724165562813806,2297.0880031523698,710.1293525587515,660.1496895746901,379.45346618188256,436.6635608786602,21.12546320544882,7.674709235621482,25.407129971515225,25.851208078627625,30.274568475714698,16.113344584162604,25.133283368204197,24.034095633211813,1431.383909759073,120141.0,0.7368665539815514,0.6147067543574083,777.6711395993652,35952.0,0.7470350090499484,0.7234474132872375,817.6061684419096,38325.0,0.7204497730056392,0.7148008371789869,622.6173157302028,23080.0,0.748175149312838,0.5276166248554585,618.2680733252853,22136.0,0.7277050168117537,0.6283649616759216,40.953845385026604,40.62940613748774,34.492563433615686,40.70936762534069
cow,371,cow_date_time_frame_371,6.648553846702177,2.2365882895334517,2.0025966855548196,0.9911323204435178,0.7790000095725425,2198.8107540703954,701.5894069476427,635.0401810589541,358.04072793874207,436.0473828321784,20.993417811835823,7.173143890109257,25.454343698425667,25.74910632992569,30.364190274681047,16.03776557986182,25.121382669176285,24.394099923174952,1432.7981233214462,119784.0,0.7332273693330471,0.6183535430396673,776.706673505298,36400.0,0.7582233843570786,0.7112947027915588,809.3696244092002,37227.0,0.714124775715518,0.7126892997338126,624.7178207935912,22622.0,0.7284052583958683,0.5540365488521192,630.7888886054567,22889.0,0.7228840026912055,0.6168941642862413,4.8247484487555266,11.061951137064964,37.04039293763155,40.53452507118046
cow,373,cow_date_time_frame_373,6.7379565409536175,2.3372286647738094,2.053609950756407,0.8796561976282653,0.7228052572725592,2173.9976513033844,716.8857721123737,657.2525088563507,323.8554116785191,401.08593161562254,21.143187961933428,6.1446209880317335,25.40725264058661,25.989509876173305,30.155173952798865,15.519588642423987,25.801276171969352,24.482223840202565,1422.8569978244918,119750.0,0.743297852094926,0.6262366942720013,791.0853531617383,37076.0,0.7444851683340933,0.7314706148234479,806.2985565973347,37736.0,0.7294137781123973,0.7208136549512251,588.3330444827409,21468.0,0.7793902473302743,0.5480235944237491,641.2447327281723,22829.0,0.69766852522448,0.6169873531230136,41.29960101602673,34.019476602446375,37.05453023733114,44.36642895418052
cow,379,cow_date_time_frame_379,6.540982805583552,2.1869243383116617,2.0312856331832774,0.8523409454550579,0.6812107691592303,2167.870966558947,714.4900690621364,650.2204062980213,314.89149028830093,398.49667894369304,21.09580254555829,6.992051521670032,25.285996192610927,25.760697125717762,30.425862712747133,16.162586962660708,25.08083945977273,24.434385889109596,1426.655987697715,120333.0,0.7429440026099803,0.6175123568112543,776.5411972844539,36438.0,0.7593384536697368,0.7050497474887045,819.7544007200505,37503.0,0.701307301279044,0.7157131774792265,627.5817818242701,22803.0,0.727547236589101,0.5482891804661516,641.3452377915607,22936.0,0.7007188415700613,0.6118487922875966,44.49808992157652,21.12448677094389,36.67941896395672,41.61134318963339
cow,380,cow_date_time_frame_380,6.702004963200541,2.2964445839026917,2.0748580434839305,0.8508335338401688,0.7207140529145504,2236.7044018446495,713.9114420777188,677.1142322575279,329.80806770338864,416.85149029030777,21.140886074368982,5.886225221814444,25.406044874622246,25.9599052522574,30.366310307811585,15.342811715215376,26.156150453090948,24.295764250128986,1427.7859300126263,120791.0,0.7445917926874613,0.6184762060488633,793.2213921310594,37247.0,0.7438961771332805,0.7238954712839389,819.0264786586927,37678.0,0.7058327751665943,0.6997048427805119,592.8183258569795,21914.0,0.7835889087774967,0.549152133862285,638.2741699796952,23307.0,0.7189218796860577,0.6320955035535316,45.47114437536062,35.24024677214523,36.44040422975102,44.95319429711787
cow,381,cow_date_time_frame_381,6.759891835294762,2.283492314954488,2.0272232312560803,0.933646212502794,0.7333253027776602,2278.773167461146,726.0394104449346,685.6920535825333,359.9318333315445,432.25234921890046,21.207413856775602,6.267479365983535,25.523645241730968,25.760973026799057,30.543476257860164,15.601339230931256,25.994865810315382,24.14019581583934,1434.4549775709384,120344.0,0.7349545160499423,0.6141111092748645,779.0203820042827,36205.0,0.7496883719215243,0.7005520452014377,814.0559159102155,38147.0,0.7233721426043878,0.7140620857817535,603.9310242291875,22653.0,0.7804784368250927,0.6023183655479943,633.1025971044414,22704.0,0.7118099458990614,0.6034457211382536,44.32996130248258,35.699554784492086,36.235739454729654,42.73028192048875
cow,385,cow_date_time_frame_385,6.95899452989051,2.3340613620995354,2.2578306887831325,1.085796022917795,0.6432824410537027,2318.047957270935,726.1998881756525,682.691665562451,416.4315383923731,402.964028403306,20.97032400333118,7.200302515402999,25.23952319233019,25.789256214195937,30.48929406973624,16.347214386655555,24.978192833479167,24.132679604926707,1428.2712113868647,120529.0,0.7424719522355935,0.606959341122169,785.3990616607231,36409.0,0.7417163607388139,0.7018343674666431,832.5411972844539,39524.0,0.7165710991588186,0.7451326803452497,677.6944801964783,23066.0,0.6311233598058147,0.5160884564850909,615.3685783886737,20853.0,0.692002675704437,0.5888652913871579,45.85508922759986,38.41655310430568,36.18011748536419,5.275160359817346
cow,386,cow_date_time_frame_386,6.764151395718989,2.273575911355676,2.1550282803588763,0.8476102551815138,0.6676332404655194,2268.5095362801703,714.4097260085384,649.3461492019387,347.3004399390784,463.1307626028623,20.935101241361338,7.196673367131688,25.005259858585255,25.660139513777956,30.05498264535961,16.297508937301206,24.94563479480189,24.215444566839817,1432.7564927611036,120475.0,0.7375000066726035,0.6064937054390064,789.7127701597078,36608.0,0.7376452412742464,0.7036767142600765,809.1686142824235,38705.0,0.7428461510349023,0.7236885334335676,602.2325394193525,22783.0,0.789391307069266,0.5514500073329595,631.6467529817257,21741.0,0.6847638801107402,0.5456072392432808,39.95587255171293,38.31366536252706,36.776020587427695,42.2241241938432
cow,387,cow_date_time_frame_387,6.793622677758734,2.3403914443060825,2.1651119981744675,0.867573601278467,0.6993199413394753,2253.133635089675,748.2461852321646,645.1285640809509,354.0146449831603,431.26088512050273,21.005727510192578,7.227241481507371,25.211369735164592,25.562431723043407,30.321077967051615,16.384244028820703,24.97503736146793,24.108177702037924,1431.099638511611,120637.0,0.7402026722111429,0.6093296146714883,809.955410846827,36829.0,0.7054684058230339,0.7029442018920404,816.1330803764909,37911.0,0.7152422179231072,0.7183191288362326,605.6467529817257,23113.0,0.791821695287795,0.5311248800082683,625.303607231218,22136.0,0.7114217557903413,0.5797042101606581,44.371714096874584,18.77589185218603,36.36967296966074,41.58316428063887
cow,388,cow_date_time_frame_388,7.039735378123498,2.359367086428694,2.189693007238012,0.9061438080637049,0.7072786069964905,2286.19293932239,740.1422501216979,680.0070842413006,359.4096311091562,428.23630007848124,21.244989108300402,7.288287581152169,25.356179893644594,25.692988674830474,30.662630781495565,16.181914175307234,25.25557334711534,24.22526036372364,1437.9696961967,121073.0,0.7357964702025929,0.6082643982401282,779.9432175380074,37633.0,0.7774146724414565,0.7200042011103367,812.0559159102155,38127.0,0.7265585691530709,0.7145311200064957,600.3746750430836,22207.0,0.774203316544888,0.511061819001065,624.7533546995239,22470.0,0.7234287143973168,0.5981805336938859,44.04775599658742,34.387728156017275,36.342625154097284,40.66348701359144
cow,391,cow_date_time_frame_391,6.803174163550476,2.2876234162006566,2.1215586315981114,0.931944479855972,0.7634249124852733,2288.4405169555616,732.5821181151147,650.6120008965424,365.5473181227371,463.56230925831613,20.898162755757323,7.615583835683884,25.055845882137795,25.647191691835825,30.19819149154782,16.33339609242072,24.95108454782063,24.102888804539003,1436.7564927611033,120358.0,0.7326870061918777,0.618806757236407,784.1503243191939,36428.0,0.7444688642969759,0.7199796444174517,816.683332908185,37698.0,0.7102656130560883,0.7174341948388332,601.2741699796952,22589.0,0.7851665231867978,0.5520310178950977,640.2091988222396,23009.0,0.7054460208553455,0.6064022313759665,42.769235804687604,19.676271930330596,35.08148132531883,42.04484042870196
cow,392,cow_date_time_frame_392,6.7923405410375555,2.396688568604521,2.0742125228211727,0.8922665170504607,0.7553542723818493,2302.7195056128407,719.0038587373043,646.7651204982154,349.8954410765151,482.66396807175624,20.909523415435736,7.683417287745428,25.46770120009641,26.0814464661656,30.044729592738317,16.10439627321757,25.0985058061546,24.302318287125413,1438.3128419472075,120071.0,0.7293588810757086,0.6191201104426324,785.5056633785213,37816.0,0.7701703801402127,0.7212935286619367,826.4467888754755,38216.0,0.7031132774593405,0.7277891734800112,608.7178207935912,20987.0,0.7117511768299281,0.5570409538471897,632.5878784786801,22409.0,0.7037049550002137,0.5737848819698305,42.323006189135334,8.411084897065487,35.408833421674,12.032229563918337
cow,393,cow_date_time_frame_393,6.988192476487923,2.4138117105168324,2.22349431751467,0.8512550653717343,0.6681424769030992,2330.6527975000417,741.2509115077977,718.0268978780825,323.81730821716775,440.8556273350885,21.137253311630527,7.2723663869317585,25.348115895932803,25.940923005471845,30.33150274024709,15.983445017800177,24.827660701424332,24.421129432511854,1431.7859300126263,121727.0,0.7461748417661597,0.6215463019609176,798.7838379715732,37729.0,0.7430646830669004,0.7045090121873987,832.239682094289,39994.0,0.7256176986493247,0.745463303257183,588.3624817342638,21666.0,0.7864998796388261,0.5766065587531345,633.7239174480011,21694.0,0.6788116753760787,0.5649988189160421,40.88707531991458,23.26993289180291,4.415346646273201,9.927612532276685
cow,396,cow_date_time_frame_396,6.892634491792731,2.2977912310521496,2.164453837102542,0.9099856778063319,0.6888199197746957,2382.0017211924246,737.3202657686854,751.7069767446131,335.74461357323423,442.9140675167482,21.273021491347038,7.250156269213519,25.1102396494001,25.966676812474777,30.21833698078925,16.04916172856773,24.789811172649937,24.44956765271287,1446.5971131946694,121807.0,0.7314538377313713,0.606952440993155,787.6417023478424,37579.0,0.7611980705431869,0.6844970595047205,837.5828278447966,39166.0,0.7015579557145685,0.734086884831149,614.9959953866432,22575.0,0.750054890959948,0.5408310680620825,608.5107140124046,21847.0,0.7414215657959136,0.5808314858114275,40.7464273245822,12.66081279345852,37.0474181534839,41.966632309982984
cow,401,cow_date_time_frame_401,6.863283677737457,2.30914648461587,2.071045720495628,0.9174292816125951,0.7793037620814188,2342.1521077141156,724.3664772315001,696.7363998251834,348.1253403301074,489.5586460906017,21.013117809742067,7.330964547194785,25.16840858577124,25.599922817498282,30.328897319689446,16.200758041440857,24.988229849371447,24.163640818145165,1437.383909759073,120729.0,0.7343040260874587,0.6262733175393638,778.2924599429249,37335.0,0.7745337979318097,0.7231802635049278,821.1686142824235,38495.0,0.7173803954517951,0.7302739534600183,589.1614716074871,21706.0,0.7858162151379066,0.5602565127949408,648.7949852598665,22554.0,0.6733152814967225,0.6027285497227024,45.13497815468884,17.307547003874692,35.414764609057734,14.389906438896348
cow,402,cow_date_time_frame_402,6.899701278768868,2.3721292296988543,2.020656466584696,0.9505315727177516,0.8168080713493052,2326.2481149083583,725.0122113642141,667.4039622410535,353.50131332264584,489.0869056994651,21.069638740310904,7.423429035992051,25.23336134960638,25.517740650973142,30.34806081099404,16.36151125091228,25.089696015019992,24.03627015773878,1433.2001435749994,120289.0,0.7359055741044971,0.6315160038425641,791.3279938488577,37864.0,0.7598420019418588,0.7521354718900771,812.3401871576774,37819.0,0.7201849273125853,0.7248947185689827,589.8477631085024,21244.0,0.7673019169941074,0.5042998338636414,646.4102089490164,22719.0,0.6832547538419118,0.6059614008188714,42.768122030722395,20.916134475045432,35.67896173088689,33.58801544812549
cow,405,cow_date_time_frame_405,6.954090048887081,2.3756706864695203,2.1272626938074004,1.052016025029754,0.740658929619079,2339.9489662097303,719.8423039814654,686.739068738628,388.95829324280646,482.4625701163046,21.19353721795589,7.393369602540996,25.2658763370544,25.57647073198221,30.38923034104534,16.370959568808573,25.12513349641612,23.980765144811325,1441.6265504461921,120360.0,0.7277571800230678,0.6141185487586072,778.2569260369921,37618.0,0.78047604421545,0.7274768431061699,818.3401871576774,38387.0,0.7203213355338058,0.7326097526094513,648.4102089490162,21900.0,0.654567277723893,0.5033155133970506,637.0020920410531,21798.0,0.6750637614706945,0.5670876110445234,42.31846506748277,22.46762099124333,35.82234652935401,10.663010949385601
cow,406,cow_date_time_frame_406,6.747006610795131,2.2823034710169727,2.0767461538213463,0.934133047938483,0.790038856015292,2343.308283049268,700.7709860845376,676.845012403668,366.6175650931587,494.11529744087534,21.178726479270253,7.421198842396713,25.468318796863976,25.86578423054831,29.954351190217608,16.350976222587537,24.971236598401436,24.2629821679441,1423.3006486383879,119403.0,0.7406820297807538,0.6276391636076939,777.842712474619,36617.0,0.7605172158695539,0.726316807761961,807.7777413171634,38153.0,0.7347757131171523,0.7280572999836142,591.2325394193525,21552.0,0.7747842543671861,0.5965899380438758,644.6173157302028,22441.0,0.6786535653549154,0.5890353324368811,4.241223807090069,36.11939318931222,35.71398453322535,14.512245712219537
cow,408,cow_date_time_frame_408,6.9195562729258455,2.366303597205216,2.0523072822759767,1.0331229000664879,0.7811099742161604,2291.894742741552,702.7771244749026,656.6518332401898,380.7999485999647,463.30526594977295,21.124862867087007,7.367627561538013,25.231906622224816,25.81903679574829,30.28421024078866,16.41364099719768,25.09437558014354,24.18763056419937,1437.5849198858498,119850.0,0.7287538892686222,0.6241707860688375,780.6356056934324,37285.0,0.7688600566848803,0.737734992953636,808.2274887854693,37905.0,0.7291873578197043,0.7239513403807846,649.7888886054567,21616.0,0.6433401180732112,0.5410693110085077,614.8538597629122,22392.0,0.7443187204571325,0.6043992945700511,42.253320158650716,36.8653673946165,35.90864190257609,14.249570876338431
cow,409,cow_date_time_frame_409,6.730719098669331,2.268350904517833,2.056523393471897,0.8946540299135047,0.7217467074232569,2272.855501673878,698.6323655637942,653.0505425742438,355.89638797022604,458.63021070504624,21.28100721329382,7.305547816616048,25.331496436454326,25.57647073198221,30.30397166441069,16.38276642137337,25.254315748718646,24.027355685930864,1430.7564927611036,120088.0,0.7371876062338929,0.6247341438148836,772.4934700697015,36916.0,0.7773826924815571,0.7249975800964734,800.98484809835,37899.0,0.7423163278183371,0.7178538163635996,591.0193359837562,21868.0,0.7867115929659446,0.5678004680527574,637.889393668845,22768.0,0.7031435293936154,0.607205695039322,42.78379585522092,17.122788916443653,35.62154959977078,42.0350676507063
cow,411,cow_date_time_frame_411,6.845374659689579,2.308512184675533,2.1904773343333517,0.903569673258776,0.7391218740373966,2304.1860069467484,698.1584232169628,654.7194086929483,355.55130368667966,461.1837967770814,21.21024474375147,7.57090950061258,24.998248890117523,25.904215335671353,29.954498696365604,16.6619776595203,25.10528015481049,24.301010792317197,1427.7859300126265,119419.0,0.7361343750026402,0.6200101287553597,774.2569260369921,36912.0,0.7737617253275656,0.7192537896104308,805.4701294725885,38028.0,0.736570753129909,0.7212463430758436,595.747258045114,21665.0,0.7670867003470129,0.588172259454989,633.2031021678297,22180.0,0.6951609020313456,0.5775602050851655,42.27070019157929,35.063848616653836,35.90721122874138,12.093743191757085
cow,412,cow_date_time_frame_412,6.844164347816333,2.2966607213621293,2.1401790401958625,0.9216392193385287,0.770302023186168,2261.650776650693,713.27874334186,639.9072485531972,346.7476337136343,443.5944551546271,21.14705213028645,7.302877336170456,25.412886972659965,25.955210621742058,30.215393228716625,16.050048064171275,25.336432775362187,24.35495176290893,1426.8569978244918,119051.0,0.7348217672463405,0.6299402286399226,773.5290039756343,36485.0,0.7662509211565676,0.7326901586150091,805.9909447527598,37893.0,0.7330076864365964,0.7193667879289207,592.6761902332485,21470.0,0.7680808678246303,0.5863948452358788,641.0020920410531,22568.0,0.690214443766017,0.604815664571355,16.16589494878942,38.20754356197209,35.3593243757811,12.89708265786851
cow,413,cow_date_time_frame_413,6.7194672591186135,2.109367426559079,2.1378515833178007,0.9522312251269887,0.7609949204588855,2198.0176501091696,660.2201854781244,655.7521007555872,344.8514605548017,425.3119750425416,21.168879183048855,7.186000017214791,25.379610839537413,26.201045527484172,30.410768462921546,16.12628287146257,24.968073265650236,24.593715460509106,1431.4844148224613,119805.0,0.7347025707180286,0.6209797316542727,768.8843430349616,35677.0,0.7583612918056007,0.7040816228769541,813.9970414071697,37834.0,0.7175405856895722,0.7020687148589345,612.9604614807104,22627.0,0.7567839582925517,0.5986245077488966,638.8599564173221,23033.0,0.7091678465300368,0.6334522414836528,39.257457635172926,37.6184105755514,7.330733284458596,15.484308197522788
cow,416,cow_date_time_frame_416,6.8060932849897435,2.420262029652425,2.1461194888017023,0.8491469659915711,0.541214318394886,2187.8165751228953,716.7263102800752,677.2295068056295,321.9790770340862,376.9477699970808,20.90156079077606,7.195785452981193,25.381506615852178,25.62475890670938,30.438562012387017,16.491877557710364,25.296737723340478,24.310809821377028,1431.3422791987305,121356.0,0.7443618693296924,0.6107488984276105,785.2213921310594,37556.0,0.7654290642544266,0.7161307804023818,854.7604973744603,39939.0,0.6869389857721616,0.7294639945713824,604.5107140124046,21867.0,0.7519536366722992,0.518899614964657,607.9249275747777,21349.0,0.7259178870460414,0.6075077716412899,43.72193823635077,25.109901176632548,37.14555335124794,40.864554680039
cow,417,cow_date_time_frame_417,6.552894745710024,2.268544295946103,2.0627929403268803,0.8600839461540857,0.6488566234714775,2116.643581717554,691.050580099218,620.1222779094675,320.24994413590423,391.1371819114526,21.27752243081654,6.8436733134372565,25.427372802329945,25.822894750041648,30.549211587968866,16.252596833799917,25.494602944314515,24.09777805415042,1432.8569978244918,120611.0,0.7382289702840172,0.619976575825859,787.5290039756343,37729.0,0.7644552078411286,0.6991648418494256,834.0975464705581,38438.0,0.6942836836962024,0.7443959879344523,612.611219075793,21969.0,0.735614465533543,0.512754556371237,626.8954903232549,21823.0,0.6978049169938944,0.5913548353578205,41.434626211817545,27.277800935747244,36.10351609236585,43.42910274042484
cow,419,cow_date_time_frame_419,6.743609421468127,2.358430234707245,2.109160127060849,0.8917887906891993,0.6745053541490937,2147.6973760466835,719.1313884436719,656.8527278108376,321.72553968605274,343.9075734923901,21.083337153268605,6.987194908112511,24.932651841397348,25.52786025755116,30.37156463795264,16.380004669358588,24.727535036638052,24.289776247412394,1414.8153672641492,121247.0,0.7611694145519764,0.6217841854684998,795.6711395993652,37944.0,0.7531574289708592,0.7068450866825303,838.5828278447966,39221.0,0.700868589416722,0.731900798203362,591.747258045114,21493.0,0.7713196477499834,0.5649440243717934,622.7533546995239,21938.0,0.7108447246319708,0.599845537962724,40.322622785685105,37.01599061807635,36.466664684987705,42.37915727107791
cow,421,cow_date_time_frame_421,6.680113349017367,2.3940202019715326,2.054171711491472,0.8931304817669913,0.67403659915314,2128.4057204663004,706.1353332927283,666.8392481887555,328.4577697173174,357.3862543437326,21.237346648537372,6.932966464494019,25.26296331381789,25.882497838631917,30.481459862965842,15.664780650726373,25.245767542386822,24.366561181720783,1416.4722215136417,119875.0,0.7507967089273292,0.6293532792042613,809.6061684419096,38642.0,0.7408355993967848,0.7494487476429881,848.239682094289,39026.0,0.6815955290061627,0.748048502509322,587.5046173579947,20203.0,0.7355346888243228,0.46183759850926126,599.6467529817256,21355.0,0.7463086358418266,0.6272128310492305,42.85048962255009,1.6007926859845738,37.742979085247335,42.46177537767945
cow,422,cow_date_time_frame_422,6.608928198308136,2.3035486271438836,1.9833425104803055,0.9071178414489715,0.6907580413564247,2104.8273801870664,708.7483155734349,655.0658750395796,330.38753935425314,378.7910848697847,21.171734831572753,7.17343148900364,25.31055163690612,25.40059243922816,30.331837718657713,16.06384319404271,25.12264067976347,23.999015998045518,1423.685424949238,119247.0,0.7393145409509422,0.6318168115963968,803.3696244092002,38440.0,0.7484493734396706,0.7536527425904475,839.4467888754756,38384.0,0.6845004694960313,0.7510979833730865,594.1320343559643,20258.0,0.7211747161980047,0.4137012873228279,620.3746750430836,21519.0,0.7026253718456036,0.5911692575923125,42.42023950671216,13.59160726524712,36.58347896919613,36.04074167956836
cow,426,cow_date_time_frame_426,6.830139817937853,2.3582421073629196,2.170547664436487,1.0347590932443398,0.6805975889323833,2349.9841591330037,834.0470243716276,700.4308051677126,372.633499819136,422.4059073153099,21.333064626579482,7.291690469304387,25.19934218076522,25.730810382369274,30.623523988188623,16.781675860752777,25.358359364681753,24.181690271116775,1422.8153672641492,120908.0,0.7505295689381912,0.6052316521563127,783.422402257836,38079.0,0.779656719789017,0.7144584195739767,863.5117600329311,41279.0,0.6956687881394512,0.7574231021608905,610.8183258569795,21658.0,0.7294643912805262,0.5541383913891806,572.0609665440988,19250.0,0.7391898022188297,0.532080126434042,41.82365261752351,6.967815779190023,24.509559192282033,2.8328458553534626
cow,430,cow_date_time_frame_430,6.874291061797864,2.2431480010491796,2.18612060109647,1.0165205313423322,0.6815091582150774,2225.257703632254,692.7912248343936,700.2197250120763,336.5936072373041,433.1602922075349,20.993393340821513,6.573653137251934,25.35326029211207,25.563823460678513,30.094029027371917,15.971347407396792,25.613483561004795,24.221705345263498,1427.241774135342,121250.0,0.7479912439587905,0.6098190251941887,802.0559159102155,37659.0,0.7356468074690218,0.7402262018076601,850.3401871576773,41122.0,0.7146586983929661,0.7299869064717173,605.4751801064718,21259.0,0.7287188535723611,0.4905058870988398,596.2680733252853,20559.0,0.72665579021263,0.5826478868934918,43.963258687653905,34.262575212246645,36.98916383942274,44.50118292492172
cow,433,cow_date_time_frame_433,6.495574191550852,2.256163915191757,1.9395312396620095,0.8879068783004868,0.6447102620173493,2222.052012365883,740.1164519970026,676.9812691289203,302.95810615025385,413.26952708108314,22.23520516822002,6.937304755519739,25.371907510660574,25.804717859051873,30.510757285317535,16.166414329538913,25.34455290389539,24.027034011740817,1425.241774135342,122009.0,0.7547874064190452,0.6089543206374375,818.2924599429248,38389.0,0.7204428978280257,0.7043009425090726,843.4467888754755,39352.0,0.6951224185763941,0.723901719278378,601.1614716074871,21888.0,0.7610858825491887,0.4866037809953613,611.2031021678297,21717.0,0.7305309088177075,0.6016878436426115,40.53899142527629,33.70464099795291,37.35623276233524,42.859513828250066
cow,434,cow_date_time_frame_434,6.778083951534402,2.4038692837638114,2.099087677745846,0.8672440676794864,0.560636479437741,2192.5757065059865,762.4742968461936,680.6076608810703,312.300995342404,383.3999162072937,22.4560733931021,7.111038153724931,25.56110543486919,26.144297234732022,31.140766242728468,16.06318161029814,25.361219261461176,24.280987498892667,1410.8569978244918,120612.0,0.761437724947805,0.6181412806412847,782.8782463805517,37598.0,0.7708788959781405,0.7003441156285135,840.6122650963194,39475.0,0.7020055699387123,0.7373743738869598,604.7117241391812,21619.0,0.7429313551667638,0.5488307631652543,594.7178207935912,21273.0,0.7558170755559864,0.6437115025832097,43.03699904895049,38.17682750469497,4.466421857888494,41.80367505381978
cow,442,cow_date_time_frame_442,6.825749970361645,2.3507423033943056,1.9721949618615267,0.9919746119798215,0.7065006433044746,2230.532851410241,711.2974317066148,645.6820958736319,361.9037433311679,402.66770915125727,21.083375165732047,7.332965723663726,25.180722604191747,25.39617900630783,30.23752960538271,15.931035907963686,24.730444908078855,24.14447830250115,1432.2123368838193,120673.0,0.7392735242105157,0.6118933197208143,794.5828278447966,38146.0,0.7592425136841778,0.7316063439819892,817.9554108468271,38719.0,0.7272349409081313,0.7385196789615613,622.5584412271571,21284.0,0.6900854364197554,0.40911207311220915,631.4812767608818,21878.0,0.6894400770318468,0.5474155785891661,42.29494202371616,10.007668994523744,35.908344376267905,41.08613873494182
cow,444,cow_date_time_frame_444,6.773120451064226,2.2900886444958566,1.9369244686510823,0.9504596885795021,0.7129615846462887,2196.260308025581,698.6370235062456,657.6790844035512,360.90413408216386,415.9216718748046,21.309890207580704,7.300015208465617,25.248931241498962,25.494822810443075,30.459920250311455,15.996507820839176,25.09589770046185,24.213968039435464,1442.638743755012,120972.0,0.7304315804814301,0.5957304034900333,782.6772362537752,36916.0,0.7572845487183644,0.687144363861352,813.4762261269984,37816.0,0.718117851620901,0.684335652929709,613.0020920410531,22441.0,0.7504610495790817,0.5116778902129292,636.8599564173221,23156.0,0.7174398889256742,0.62721910794318,33.827826812093214,15.55565130057111,36.95646031516857,41.200118398253444
cow,445,cow_date_time_frame_445,6.1233416638981435,2.0741585536183833,1.8701374593841034,0.7526418490839867,0.6245146622709769,2040.7933254267477,659.9429483965731,651.9199565395767,303.336172602203,371.41458948190194,21.309890207580704,7.20820383888112,25.248931241498962,25.53827520392737,30.416242386929927,16.03420071930669,25.23099604424772,24.328213121552427,1438.8397538817887,120469.0,0.7312406270116215,0.6120342078577802,776.98484809835,36895.0,0.767984189327587,0.701165135818066,813.8549057834388,38340.0,0.7273911305865224,0.7075185108965687,599.889393668845,21870.0,0.7636885514995668,0.5446563761149678,636.6173157302028,22728.0,0.7047160952047814,0.6290219819400553,42.17341086377757,21.293890873612707,36.03466447287753,41.40007935293357
cow,446,cow_date_time_frame_446,6.596038864740497,2.280448574209125,1.889365570617721,0.856684908630495,0.6884676121667703,2196.2761783068813,707.1126359413515,673.3702569073611,333.74606398043693,404.41206558819954,21.157402313683235,7.230372108146435,25.940939635295123,25.628112592376528,30.28810792659448,15.657401215452987,25.58633428226958,24.32118983671306,1443.3250352560271,120661.0,0.727861075427304,0.6116919820823884,799.1980515339465,37227.0,0.7324181036666054,0.7168798801669878,818.1269837220809,38126.0,0.7157966700601829,0.6954608018435132,603.58787847868,21637.0,0.7463213920288584,0.5954743341173188,630.2741699796952,23028.0,0.7284622761787407,0.6578982385778966,44.97886802202589,38.231676460606245,20.504573572988622,41.54062636844286
cow,447,cow_date_time_frame_447,6.429199109400554,2.147614409198519,1.8548136939978717,0.9220332707268247,0.7062752544418686,2147.2228405745036,668.4885030991302,655.8488071500075,359.5205276498971,394.7108249927089,21.11062096738352,7.3447328257136135,25.638089047367618,25.86551517960282,30.43390510300131,15.767121171107522,25.35001781610718,24.145536104648556,1454.0945878777277,121079.0,0.7196036763717393,0.6099784982839946,786.7188668141177,36974.0,0.7507013037759245,0.6991629954724328,812.8254685319159,38109.0,0.7248410999460727,0.7048808179423037,621.58787847868,22600.0,0.7350438185561845,0.5384732298544794,633.8244225113895,22758.0,0.7118787321597424,0.6266361902882808,43.03853792957719,38.47436035207386,27.069329717732632,40.29696335928203
cow,449,cow_date_time_frame_449,6.684366806424153,2.321761606975615,1.9535958273576588,0.9082920700606273,0.6611973573788578,2235.5719030574464,716.3964731451814,685.2299046057999,338.2130440973621,388.7589496912815,21.004053932435127,7.1959249686363735,25.638089047367618,25.629382905632013,30.159174426983963,15.761436007843157,25.269735095593422,24.25142920073694,1455.0235200658622,121723.0,0.7225077072845001,0.5968430023464141,805.3401871576774,38416.0,0.7443261278141728,0.7124688565043243,824.239682094289,39125.0,0.7236976726130924,0.7095215960414774,608.4163056034262,21554.0,0.7317050513647582,0.42998106858553514,621.0670631985087,21989.0,0.7163715783408194,0.6207306213674741,40.07712908596954,37.471724098611205,6.5291242976164545,40.03189073292317
cow,452,cow_date_time_frame_452,6.575829636612231,2.251358966804721,1.9489913400579333,0.8808792142653092,0.6883313117376312,2146.740273410237,696.0381816281091,664.0099027336589,322.68672110149186,387.3826196088681,21.051263460557973,7.1716358076351305,25.872610034792654,25.436086264958206,30.41012270520985,15.934211380862578,25.650760045032893,24.186201928306097,1434.697618258058,120557.0,0.7360063166199399,0.6190900102744233,802.8549057834388,37377.0,0.728685577250738,0.7338253438135425,813.2691193458119,38124.0,0.7243354836388441,0.705360954828393,603.1320343559643,21592.0,0.7458954256151445,0.5076211704197381,647.4812767608818,22814.0,0.6838437347996822,0.6391168631682855,42.389345045226456,12.914797140827567,35.57235473217397,41.75883866529338
cow,455,cow_date_time_frame_455,6.748117375106806,2.308583012452222,2.1355928526818846,0.8522050952160317,0.6733071508688129,2211.1330030579384,741.7221825356581,697.0006938893972,314.55357911914575,374.0307732478466,21.206165002304765,7.793424166486078,25.26081682034426,25.7884389309333,30.414899776446468,16.126548740503225,25.1185089236968,24.012495433362115,1447.1240251292506,121540.0,0.7293191020173971,0.6075638250708342,816.8610024378487,38441.0,0.7239494038825193,0.7327057854404765,841.0031380615796,39902.0,0.7089396976700736,0.7233267288071512,587.5462479183374,20781.0,0.7564708404007309,0.4279449063420458,614.5168106668145,21777.0,0.7246701612423958,0.5948353017957988,42.81636476108792,35.68699363765087,35.465763906378314,41.713173884619785
cow,457,cow_date_time_frame_457,6.693214872817828,2.295201476381341,2.094447572736206,0.8763176666132658,0.7128146706646317,2161.3145342169273,692.0486402405554,670.8851414655198,328.40479347176273,380.0852893614167,21.26864961933327,7.435187367370025,25.33939960616896,25.860384733603837,30.534205523824564,16.097648962833674,25.169803535711605,24.515698649769504,1439.668181006535,121106.0,0.7342614233268183,0.6146880989855735,806.0264786586926,38535.0,0.7453609042859081,0.7492436363349833,840.8670990922585,39571.0,0.7032863194533983,0.7215644803598139,594.5168106668145,20411.0,0.7256811933158964,0.37574869468716054,630.5229073212244,21946.0,0.6936869111394447,0.5918053772832454,42.80926293603952,37.18943403406535,36.53617738410417,41.850977707222235
cow,458,cow_date_time_frame_458,6.742810040830701,2.2555584082127913,1.998052390363206,1.0014996918950418,0.7577097794356398,2242.2135570857313,694.6824523124346,675.8770900836147,353.44647470146293,409.77704080799367,21.206165002304765,7.770536819802215,25.178314702300238,25.807061256590085,30.408156008238286,15.929700893214683,25.150619930282865,23.95044394271091,1446.3961030678927,121478.0,0.72968095491585,0.6113075562550362,797.8843430349616,37477.0,0.739766732090621,0.7186395342679534,828.961507501237,39266.0,0.7180551424651983,0.7182896598529349,602.6589462905454,21938.0,0.7590382825272626,0.5007763390952236,635.8660530717319,22154.0,0.6885424737025567,0.6049404253910331,42.14905609008349,36.555394343188674,17.042993104798885,42.056925271557226
cow,459,cow_date_time_frame_459,6.8422683494060825,2.25725726303582,2.089205872814132,1.0360245529960797,0.7818762718496848,2211.9165335686125,698.9854948088514,687.7293218832069,361.41051637947277,407.9674174180349,21.183806831484482,6.992113150600343,25.364187909043224,25.7397152822886,30.37431493372057,15.744291984325216,25.311039204044256,24.560945800537716,1439.4255403194156,120913.0,0.7333384429921317,0.6118132885052339,803.7544007200505,37815.0,0.7355754754812227,0.7513524793309286,847.6955262170047,39593.0,0.6923863408124651,0.7178040764587159,608.9310242291875,20924.0,0.709117776619491,0.4158861811220314,631.5584412271571,21932.0,0.6909728972094701,0.59644909377652,41.801402498316094,37.151387744761166,5.102661440658708,42.69556226589479
cow,461,cow_date_time_frame_461,6.9227783457014205,2.3305950891986913,2.0808847754970285,0.9496432917589872,0.7366579956418,2175.4253735000843,706.8248529843456,669.6509643337513,323.4514184519093,383.6971760384599,21.18356334134826,7.528336620493683,25.133968870273105,25.7160037111548,30.118336526723176,16.464260194130063,24.924015158099294,24.3281568335655,1434.6976182580577,121775.0,0.7434422655374072,0.608249188949219,792.9493141924172,37245.0,0.7443667868544183,0.7036398502622927,830.4173516239526,39061.0,0.7118039456808746,0.7007357675218192,596.9898987322333,22307.0,0.7865332119095121,0.5402045619888637,643.3868683519033,22515.0,0.6834982863830784,0.6253041055544258,45.730588003517695,1.5321878060569067,36.4988610710436,41.82467414975647
cow,462,cow_date_time_frame_462,6.714038874202568,2.3164773067485673,2.044968468478177,0.8549729653130871,0.7010248756321117,2140.003235936879,708.0137724352306,651.2467081680851,320.06342579932027,367.10631328591717,21.502776637037023,7.535423021038912,25.204896345770027,25.759536506898478,30.428454498348067,16.447066344911534,24.83363224676417,24.31931874963173,1422.271211386865,120810.0,0.7504951836233378,0.6154103157513141,798.9137802864846,37445.0,0.7372314850169981,0.708459311654959,820.683332908185,38179.0,0.7123331997177103,0.7141953784081339,593.0965004500315,21947.0,0.7840329316127849,0.5154253300332314,640.0315292925759,22588.0,0.6929228860272294,0.6435027500381258,2.4942887951115433,8.083783144033418,36.14114557247373,41.731500646717016
cow,464,cow_date_time_frame_464,6.8745051038737115,2.376299647790487,2.098954068909777,0.9208443467133911,0.6761540786910705,2150.7278460950915,707.6581656910776,668.3140615337913,332.63069677812666,353.1408311850114,21.20506826301335,7.073137247997277,25.80499490408777,25.843777639577464,30.197030137699322,16.154806725678984,25.659584320165663,24.08040559622478,1439.0407640085655,121567.0,0.7376992985734004,0.609922427814923,791.2985565973348,37746.0,0.7575303766011846,0.720087180837883,831.6894295625949,39308.0,0.7141154805430552,0.7261449647488065,602.9604614807105,22098.0,0.7638096904270486,0.46895078965032644,620.6528496361356,21778.0,0.7104448166630654,0.5777356183330682,33.78449493430622,2.3184024492578352,22.347613890556968,43.74678081253026
cow,467,cow_date_time_frame_467,6.614131571980915,2.308615713668255,1.9385925392416052,0.9138982397948656,0.7477805032431148,2156.2950244260333,712.6380199766554,646.1070780150006,337.4149269434689,378.7915765723457,21.205305169927627,7.038870867633628,24.978927633553678,25.6638593642958,30.04050892490705,16.359926993758442,25.157191493399406,24.142816790501172,1431.685424949238,121209.0,0.7431038729929262,0.6160593181662871,780.9787514439402,37360.0,0.769729791453802,0.7113254227613632,814.7544007200504,38356.0,0.7260888107443035,0.7168491558546662,603.6406563273158,21988.0,0.7582957589614511,0.5658695607803704,647.4873734152917,22860.0,0.6852096690055899,0.6037338216988632,44.4249556867099,5.007801305882662,12.155031840577596,43.00123595627799
cow,469,cow_date_time_frame_469,6.534364721637945,2.214828020761745,2.094547266463787,0.8875491367833356,0.6586621598644462,2097.8632503778713,689.674208737453,641.5444245929668,332.86278592550104,355.7686067838254,21.109771930553574,6.841768486171603,25.584373739342414,25.616316961736008,30.19567836374216,15.848082920261696,25.517404773935663,24.472381694665664,1439.2834046956846,121243.0,0.7354851393164796,0.6209404140297039,793.0203820042827,37360.0,0.7465313192456696,0.7041913120554095,844.239682094289,39135.0,0.6899914019569777,0.7368481274462036,598.4751801064718,22209.0,0.7791957586602286,0.532932174064712,609.6883835420683,21899.0,0.7403179963099892,0.6193279900155704,1.9903958680250975,2.660266210255501,36.09278211912192,43.0915261258094
cow,471,cow_date_time_frame_471,6.634717269988295,2.3507211838896445,2.0347783766962144,0.8835291988732382,0.701769661192366,2164.9817917594637,716.6887872429319,632.4747115434828,329.5151595263573,401.65553243323933,21.07419758135397,7.276808936995878,25.32661180632692,25.364783143780894,30.32905815414041,16.416242312226995,25.308813750765978,23.857705507355774,1430.8569978244918,120769.0,0.7412639347598836,0.6187358586145192,795.4701294725886,37710.0,0.7488910563539539,0.7247249503868152,822.7249634685276,38972.0,0.7235244433607965,0.7321083604514833,593.5046173579947,21494.0,0.7667943505334486,0.5490387869650184,638.1086937588512,21955.0,0.6775697086740264,0.564742289416172,3.330982210685225,28.957421795464487,35.32718429002011,41.01593416765126
cow,472,cow_date_time_frame_472,6.528677672998897,2.2431575943582907,1.980538422785347,0.84135573084516,0.7045327174727644,2134.99092351864,700.153994879062,643.373351794482,321.1058658649184,377.7777078905753,21.031702835292478,7.2910759230319435,25.64430457624129,25.364783143780894,30.01806996550625,16.453295494289506,25.439591684244384,24.026345938901056,1435.5849198858498,120641.0,0.7356089713685515,0.6215737756602197,788.3990616607231,37391.0,0.7559355101387835,0.724419131828262,817.2691193458118,38647.0,0.7271022231165819,0.7238846799652825,598.3330444827409,21636.0,0.7594529260660208,0.5597788429895814,640.6528496361356,22324.0,0.6834965918905719,0.6278808423327731,4.040542227154894,37.895180919342465,35.60224814931318,40.94319880245399
cow,473,cow_date_time_frame_473,6.608592480635847,2.333610158733199,2.0175865584172445,0.8743069141662607,0.6976588407231032,2185.682679129354,727.2256996135575,642.0444963425059,337.20941836246203,376.162155629887,20.988244116765365,7.223102880091014,25.409240693215445,25.476270804624807,30.125066525813494,16.40555533824653,25.376439073031147,24.18883558651792,1438.3128419472075,120954.0,0.7347225733243768,0.6179898483584817,797.8488091290288,37473.0,0.7397536638389054,0.7184749526333581,818.3757210636101,38848.0,0.7289085692005535,0.7262926929016201,598.2325394193526,21971.0,0.7714710342423386,0.588913252917289,640.8954903232549,22019.0,0.6736479990693021,0.5802218168852056,42.80475902807276,4.392820920409324,36.318520391499526,42.11789663215989
cow,475,cow_date_time_frame_475,6.791358101500202,2.358008085710796,2.1328786659788856,0.8771853405618236,0.659716386552087,2174.2819463552473,730.6536888367846,650.5077980814045,333.13541506721583,372.0900281911876,21.289804621091218,7.157475715687505,25.206559202774987,25.61463941905895,30.30431337072778,16.215734907424597,25.178371696222257,24.374652051236097,1424.9575028878803,121150.0,0.7497724142016475,0.6257682337188544,789.1858582251267,37515.0,0.7569308850974202,0.7092085383898109,826.0325753131025,38441.0,0.7079623985768442,0.7296488238052191,596.0193359837562,22014.0,0.7787321905831637,0.5757662815916005,641.445742854949,22529.0,0.688068893820761,0.5794229256219458,4.314665014871308,2.0455622913998868,36.871219783174425,41.63418687375625
cow,477,cow_date_time_frame_477,6.7959422296140275,2.381535016726095,2.1469053382091206,0.852134026906663,0.6402485683729892,2112.611406155995,711.5580474648164,660.1502735587809,300.06053205193166,356.82209840984854,21.117209827341437,6.974743587584744,25.122297728602998,25.834212273942452,30.301228704259643,15.883950632515036,25.150241816820017,24.44964922148091,1432.6976182580577,121169.0,0.7418093617632314,0.6172673341069825,811.7127701597078,37704.0,0.7191053730916802,0.6958772907940235,836.1391770309007,38653.0,0.6947617901011393,0.7139897809646052,590.9310242291876,21715.0,0.7814408586408206,0.5706432084866352,639.7594513539337,22446.0,0.6891526039601177,0.6690631060678157,24.40912468027896,3.5150868329861438,2.8194101684752066,42.3730735323163
cow,479,cow_date_time_frame_479,6.711234005861521,2.2475393542261144,2.2281680504799675,0.9240508628835308,0.6441506549043214,2162.7729560708162,682.3859955739073,714.7884694973163,311.7816847787397,362.31088276029584,21.118035799853573,6.950837205195862,25.424180624591898,25.81422673172761,30.456307332026167,15.978265459155178,25.35508839601144,24.44693799987005,1426.798123321446,120897.0,0.7462774679442072,0.6129615208383226,783.9137802864844,36508.0,0.7465541398243354,0.6800183247629504,847.8670990922585,40009.0,0.6993780445192469,0.727641088001783,594.0315292925759,22254.0,0.7924994228822398,0.6006266895502098,615.1736649163068,21488.0,0.7135269622143307,0.5923077147570635,43.76088881279439,20.34617412970285,37.13415474499556,42.83603129772484
cow,481,cow_date_time_frame_481,6.577592697925171,2.1443432626954047,2.065462851324559,1.019087328823174,0.6730292244613647,2144.6083453646115,645.3131859796038,687.431954810361,332.78171827133957,403.01200256324216,21.1898115029899,7.570267446630334,25.495551213172728,25.87310619483854,30.316186476404834,16.337299699899585,25.287044618513477,24.234105910151886,1416.0285706997456,119981.0,0.7519315528419885,0.6263004221275098,761.3218971944477,35844.0,0.7771228705035943,0.696959894971239,830.7188668141177,38600.0,0.7028926801463775,0.7231504525768271,657.9310242291876,22551.0,0.654658690707151,0.5689201670159948,630.6528496361356,22322.0,0.7052810952278855,0.6437186894788927,24.778654750565686,4.225869593400983,34.97002443943691,42.52634769899113
cow,482,cow_date_time_frame_482,6.078593864578779,2.034033387913784,1.9454955055443375,0.7483489382591174,0.5080534001063401,1971.1716440236278,619.9712195652183,673.7339392833064,277.5019474680435,335.33981172305243,21.312402817501074,6.820698945203195,25.561121790532184,25.640201606974955,30.45694735329319,16.106314893436053,25.587435563238586,24.163083884544115,1421.4844148224613,118601.0,0.7375882845353217,0.6154949207670589,766.1147904132612,36116.0,0.7732533581659674,0.7018104132967491,837.5056633785213,39464.0,0.7070261249313629,0.7514426448845872,601.9898987322333,21964.0,0.7616279813675304,0.5593101856419734,594.8183258569795,20418.0,0.7251943016509778,0.5912551975943345,22.651718940053716,3.1501937267007802,35.50712312540543,42.80491588675533
cow,485,cow_date_time_frame_485,6.553143545754889,2.2153141062888464,2.0331300278477498,0.9439167657077512,0.6391827933552676,2173.94535367089,669.259369092192,668.9894335718955,330.83177213620456,371.57283501440196,21.231470628535863,7.596732023346993,25.18135789559887,25.889646701162704,30.229329651074693,16.328483228212118,25.344872635683522,24.181550508886225,1434.1534623807734,119773.0,0.7317749524746301,0.6195262003733413,762.98484809835,36564.0,0.7892811615955186,0.7048347287305174,844.239682094289,39128.0,0.6898679845604351,0.7463901653293168,609.1025971044414,22238.0,0.7532249329042734,0.5238878439625173,612.2741699796952,21207.0,0.7108815190723556,0.5906436952295062,41.24772221123581,19.005874393538573,34.99014527457499,41.85934522696437
cow,486,cow_date_time_frame_486,6.594457217133283,2.2791009869444934,1.984111572953003,0.9423557412465684,0.6320778544839598,2114.649607185763,669.9808780537908,670.3325139118438,325.7967288601673,375.83809454151884,21.316470089655144,7.085134180006213,25.183753398670284,25.340426069011862,30.39303745723021,16.557736045012575,25.31096137000059,23.977730313071937,1429.1828996322963,119280.0,0.7338408307212139,0.6204175289285119,768.4995667241114,36724.0,0.781398528020058,0.7079006504723537,847.3107499061545,38913.0,0.6811129621148857,0.747380368897763,602.303607231218,21828.0,0.7561237520766904,0.5052674068868624,603.5168106668144,21180.0,0.7307302336541387,0.5947131990339904,40.86717968326375,16.123419506142234,36.02857422754758,41.39667527066749
cow,488,cow_date_time_frame_488,6.392826666082517,2.0811207929604914,1.9791967329373548,0.8947425092209061,0.5827889223672622,2048.9295227661482,627.6041184731766,670.4602034504072,310.28371368984597,385.711030610482,21.106985165743648,6.787025626259446,25.56408779970663,25.588421888767048,30.076840561614233,16.06892655017522,25.624161746749163,24.08864427475627,1426.1118318204308,119602.0,0.7389943873891497,0.6232053983407787,759.0142853498728,36263.0,0.7909949201150704,0.7063656490255188,843.8549057834388,39504.0,0.6971325766395319,0.7455498997093475,613.6883835420683,22445.0,0.7489169647261449,0.5383893315123457,604.1320343559642,20750.0,0.7144374884828564,0.6358133331900299,21.69358009505247,3.0251949146056982,35.84531202510181,43.00339178645421
cow,492,cow_date_time_frame_492,6.493468905781934,2.208879718927638,2.012213892218692,0.9361802945877908,0.5842707476769289,2061.513730276843,664.4538394320172,666.9207790250869,319.9770691351799,371.65532857812093,21.44763076688125,6.527767239098736,25.55269575591421,25.490140545820406,30.57410341774168,15.810891052899233,25.816968882015583,24.078419509608082,1421.4844148224615,119662.0,0.7441867210568682,0.6185069008332041,779.7127701597078,36688.0,0.7583411224966229,0.7116602759587269,839.7899346259832,38975.0,0.6944718679096725,0.746811436582334,643.1797615707168,22189.0,0.674035628787518,0.5134271467431792,609.6883835420683,21156.0,0.7152001246602187,0.5794294832894843,24.853989736067945,14.243173138531029,35.369270688020016,43.7723313371543
cow,494,cow_date_time_frame_494,6.64218034406192,2.1234940374357816,2.0153759246320915,1.0437533780690267,0.687439409225381,2169.547496947039,622.9151648411271,692.6103709892019,361.22006315914075,395.8344500324045,21.375032394422796,7.417115797037978,25.58854167564056,25.74340167872634,30.637441145103715,16.312819213352196,25.811271869943646,24.013298562809734,1428.4549775709384,120324.0,0.741018433472272,0.616326224854427,766.97875144394,36233.0,0.7740116426632005,0.7065048836326019,845.3046532517446,39891.0,0.701549417076701,0.736786932868369,634.3036072312182,22421.0,0.7002779960868608,0.5443924803226197,599.6883835420683,21128.0,0.7382729896309324,0.5903739180616777,43.955785090594674,2.901854599356916,35.421044293855914,42.49146578060665
cow,499,cow_date_time_frame_499,6.736734472979608,2.2297178775668383,2.029346457902219,1.1717221877556918,0.6605781076376236,2169.361442972147,669.7620112271204,669.8099138168067,382.65423385221135,397.66265052690665,21.397186402034386,6.6619462021320395,25.617077373080104,25.827969155838936,30.819096502349737,16.058571358633333,25.934913490761712,24.553220720855496,1424.0702012600882,119594.0,0.7410652656210187,0.6186627223887553,782.1503243191938,36238.0,0.744378164732485,0.710501698545558,834.8843430349616,39436.0,0.7109680569090917,0.7446015907141526,691.8305191657993,22542.0,0.5918380412658273,0.5404627110142894,599.7888886054567,20697.0,0.7229702585984596,0.5952301075137143,43.21264017692228,33.30195242948374,6.143704094680346,43.78869560484863
cow,503,cow_date_time_frame_503,6.712913578726777,2.3157247252476574,2.08510631166118,1.140224739016787,0.6131007421253728,2172.4654688061055,681.8731860571113,689.3531301152743,367.2320329551932,383.0917071024537,21.343053827679153,6.46388443838501,25.83595793182068,25.705141187112858,30.546298405391354,15.480737234990738,26.030046678972695,24.134414191946576,1420.0285706997456,119386.0,0.7439934305424966,0.6219616458123539,806.9554108468271,37899.0,0.7313723522884046,0.7482321581904362,849.6122650963194,40233.0,0.7004074141336324,0.7588182445309337,677.0376259469858,20499.0,0.56197491390916,0.5246180503187804,583.5462479183374,20079.0,0.7409712914391027,0.6535290433914357,42.777047225357826,35.13563252065164,7.670898697466027,44.884943740324026
cow,513,cow_date_time_frame_513,6.996657861698839,2.2675007367368987,2.2149859886646963,1.229218688009286,0.6959788473401549,2232.219048241736,676.2280548331378,669.238057764772,408.39926243915545,387.2889651857989,21.21095609209782,7.42380874812541,25.175060179770053,26.249817067143443,30.443564695817482,16.20528423270664,25.272542010819787,24.570115261726166,1433.1412690719537,120993.0,0.7402733324624224,0.6176720098254824,779.1269837220809,36041.0,0.74608825821556,0.700019935617046,826.8549057834388,38734.0,0.7119403329633419,0.7155446287724889,684.6650429449553,23281.0,0.6241014415022508,0.5857554485206156,617.1025971044414,22272.0,0.7349441436731473,0.6268635677013634,44.016121332854965,35.347352684562495,16.081691341272975,42.88927736295169
cow,529,cow_date_time_frame_529,6.510456424931001,2.4779433307277134,2.1065797784774283,0.8212814353035041,0.54556253474948,2191.319957009489,778.8335212433052,699.4486992664722,288.66171784316697,370.2385074686881,21.261867824727986,7.563240252783951,25.37683660866507,25.696686798654977,30.074833493825516,16.133085239292647,25.150377260708463,23.94096184582549,1428.3128419472075,121447.0,0.748083323447925,0.6109229598494746,929.0031380615796,40185.0,0.5851126326817403,0.7725324578078198,873.2102448427661,42287.0,0.6969138492359211,0.7584833396818162,566.1736649163068,19051.0,0.7468412750360164,0.500566601430711,574.7533546995239,19245.0,0.7320904638509433,0.6122271623596803,4.009028199334513,35.31945322646865,35.05073618116019,4.266505467493422
cow,531,cow_date_time_frame_531,6.37025698265019,2.2106085318253816,2.064022930014099,0.7765144170643007,0.5523474106732736,2113.102058794775,719.2303263958181,700.9661212882253,277.8731361633244,348.4847044241102,21.249341726110853,7.31952915739815,25.91793816882109,25.611454388978395,30.25297341021703,16.08583306077442,25.296263506812505,24.111969054614672,1442.7392488184005,121740.0,0.7349663711343438,0.59606400390117,854.4995667241114,39710.0,0.6834174401725581,0.7583047133852966,857.6122650963194,42425.0,0.7248526786340685,0.7468565811602915,568.3452377915606,19728.0,0.7674824840940714,0.2658193282765323,569.5401512639276,19226.0,0.7448179070644673,0.5650897646890953,38.31751524069026,37.772628484571854,37.53836696226966,12.07497144801902
cow,532,cow_date_time_frame_532,6.328414770203824,2.326372226205236,2.029092968877464,0.7246825509961652,0.5547841624706353,2099.3661370825657,734.6918690811726,700.118160759602,266.63175356807983,344.35319562835053,21.394441440596523,7.330825071500581,25.226395917971033,25.731531709831675,30.344046528823043,16.21891874039328,25.0065473753261,24.14324274117624,1440.2539674441618,121350.0,0.7351424209972696,0.599148400941626,888.4762261269984,39739.0,0.6326087220069284,0.7601276899943423,862.4823227814082,41705.0,0.7045269071647675,0.7413019374278587,562.0731598529185,19649.0,0.7815641351129896,0.41317330069246416,575.9249275747777,19599.0,0.7425266135504438,0.5847728642949929,42.90986876033926,18.23571962489374,37.28270285304328,14.124776976174951
cow,534,cow_date_time_frame_534,6.488142927729152,2.283458332626097,2.0907683166371465,0.9789459402949655,0.54782305999467,2121.178020337222,738.076507043007,688.6226731382525,350.710468050535,346.86237988593064,20.885971844553126,7.154692812839087,25.685190843570354,25.457596439748187,30.020382091574092,16.147414852371394,25.36133600817012,24.066509355411696,1440.052957317385,121747.0,0.7377533763170492,0.613203877186999,866.517856687341,39678.0,0.664055844632002,0.7729449890368489,869.4112549695428,41887.0,0.6963676773478344,0.7613096740361409,660.842712474619,20184.0,0.5807923552597307,0.5331334991202624,565.445742854949,19311.0,0.7589842268124607,0.6001002984302422,6.477696843373218,36.82269088449125,37.13476911374922,39.837970544522875
cow,535,cow_date_time_frame_535,6.52222368766116,2.2788696194122484,1.9957757246276167,0.9946994719235531,0.6552868320050121,2169.668615099038,763.9919569612305,668.0842617439205,346.6632095701713,390.2468258538212,21.207447655229682,7.68633932518332,25.613436528458365,25.660456322646812,30.300248616580994,16.189524011044078,25.1711424673788,24.041211987211394,1430.697618258058,121395.0,0.7452722576164751,0.6073497678057678,858.7604973744603,39564.0,0.6741645926562774,0.7682055999825977,838.3401871576773,40227.0,0.7192617064147205,0.7332484921014186,667.6711395993652,19993.0,0.5635891477318224,0.5162458606546532,605.9959953866432,20920.0,0.7158664939286011,0.626233788616075,44.22576436872643,2.71542317989129,35.80802849925425,40.548990722550045
cow,536,cow_date_time_frame_536,6.529597241922697,2.320265345254639,2.0561399398625464,0.9854046686146377,0.616695278808692,2235.420561124883,767.6581518145535,671.6744290235132,342.4668602399771,425.0982857798977,21.48420007149706,7.386140109273754,25.342056688812992,25.744299460999386,30.37574983279294,16.26079870626732,25.159613761324202,24.061583738452093,1434.3544725075503,121636.0,0.7429490129905446,0.6062495646535566,863.097546470558,39946.0,0.6738502558654855,0.770085426802031,843.5117600329312,41295.0,0.7293316337328724,0.7501303829147028,656.286363288515,19802.0,0.5777396308020126,0.476711368188654,594.9604614807105,19903.0,0.7065651231244507,0.5939807768666656,42.74298609973611,35.26823745890784,36.5147771934356,39.78125764497512
cow,539,cow_date_time_frame_539,6.722946979537816,2.349859956937454,2.0979700886096295,1.066967887139587,0.6162394427072021,2302.773145233332,772.8828720411268,685.449513423251,377.2764813171593,422.3495612399892,22.04972415014158,5.778000488766586,25.754634356276146,25.896450886499977,30.84927443482076,15.469645155457828,26.431207586075427,23.942206431078244,1431.7270555095806,121632.0,0.7456538216253658,0.6078901063174782,824.3401871576774,39467.0,0.7298456680921375,0.7504593510127322,856.6244584051392,41206.0,0.7056500582637886,0.7476377825917898,678.0437226013958,20326.0,0.555579721981959,0.4005099425507984,591.5168106668145,19955.0,0.7166835115060048,0.5857642244563528,40.76270598348418,38.410106057324974,36.648459726494416,45.57152014299967
cow,551,cow_date_time_frame_551,6.74207826724051,2.3481563964940007,2.0132083844896136,0.9590339471944422,0.6067853242147498,2254.6705772708738,722.3962942868212,691.2672224465593,354.39742657743045,391.0365769546984,21.08764014521872,6.963858942895369,25.381402477654476,25.228272192010763,30.132797586776718,16.314734964012317,25.41936771756873,24.277518909391834,1428.1707063234767,121388.0,0.7478687359591848,0.6189527988339645,808.2569260369921,38836.0,0.7470428041902051,0.7057928370071928,862.2335854398792,39871.0,0.6739336190729467,0.7716386971517022,596.4102089490162,22058.0,0.7792662346275531,0.5105511584332925,577.7888886054567,19978.0,0.7520098019624103,0.5560679515581675,43.459236177084605,1.4145502123718061,11.392779002367693,43.388210389852006
cow,552,cow_date_time_frame_552,6.818151725214815,2.494215385754578,2.046255713718903,0.8742264536539153,0.6273562139164871,2318.6958167330504,772.0576063673161,693.6911561532587,334.2923269817176,396.7998857476039,20.94758247398901,7.340702665555979,26.004995662334025,25.3420464377665,30.185890031882217,16.25322359942625,25.279472108785317,24.35838696390728,1433.8275605729689,121257.0,0.7411785381735314,0.6116772668175777,859.683332908185,41120.0,0.6991751046991662,0.7614057011838238,863.9970414071697,40057.0,0.674316480063791,0.7537840362367106,573.2447327281724,19350.0,0.7399641639217867,0.36751879933694986,584.2741699796952,20081.0,0.7391997748217157,0.6136544464210432,42.950074650538724,35.947929591198864,14.329157500002374,41.19970951607683
cow,556,cow_date_time_frame_556,6.419795101475956,2.137930290550862,1.9736792701058183,0.9460345965604969,0.5708363382648807,2131.1283816518444,667.8572033414828,648.7228358080924,355.30001611548533,380.6666014948952,21.108839722837732,6.838726335010745,25.41873882757243,25.451353359251446,30.30975237859431,16.14203759758695,25.57509525761401,24.12736628936788,1434.5554826343268,121004.0,0.7388816681386611,0.6227549945363107,790.1147904132612,38152.0,0.7679744831092079,0.7141103890279515,864.3340905032674,41113.0,0.691553442048471,0.7827831580024938,601.1614716074871,22166.0,0.7707524521466246,0.5234321426644357,559.889393668845,18934.0,0.7590104510566971,0.6027675041164048,39.74166721958169,37.079550621758266,12.279000211232479,42.49738568538876
cow,557,cow_date_time_frame_557,6.53397744261543,2.195917359862471,2.180085207913913,0.8076706096033887,0.4982972925464868,2143.075043112738,668.498349964211,701.8894290345589,325.47151613353185,362.0440298381696,21.08859586207392,6.775302560298041,25.970189886408313,26.024332256385,30.375877485223292,15.851512054939715,25.71257325343798,24.511854760636055,1439.526045382804,121328.0,0.7357526732008095,0.6192322386128837,786.3929650063131,38225.0,0.776744378316905,0.7147546079612861,863.8549057834388,41403.0,0.6972043157513084,0.7704077032135691,603.5462479183374,21886.0,0.7550142528734617,0.5621361334190167,559.5817818242701,19183.0,0.7698378451733909,0.6177081928999457,41.09639441278199,39.68109976601101,6.351979983291772,42.81435305283337
cow,560,cow_date_time_frame_560,6.886400974753947,2.3096492174692727,2.1294997944541008,0.9424007391865311,0.6389277478961805,2287.3788153944174,719.0461800977646,672.2375837292366,375.0032222002938,434.5765105401193,21.210340271347818,6.775158915904946,24.931018568951867,26.134949071219193,30.337029775543872,15.955806796983618,25.10163406898035,24.74552790368289,1427.099638511611,121080.0,0.7470913086613971,0.6181375995958727,786.9432175380074,37640.0,0.7637877443754533,0.7028516443266297,822.6417023478424,39074.0,0.7255649469085087,0.7504405706173446,616.5168106668145,22467.0,0.7427883835189674,0.5431833734169924,605.0609665440987,21255.0,0.7295796296934037,0.653460080756969,44.087138523660535,23.43531320197656,37.78490228802396,5.556750372249083
cow,562,cow_date_time_frame_562,6.383832601458222,2.1227711963964344,1.9605069863288835,0.8501197565719486,0.6564179546647954,2162.438727477041,671.8811898087273,631.9494192502242,334.50161110804686,434.41512263773285,21.717133297964267,6.893665056526886,25.01235702701926,26.194735841784926,30.754612803610033,16.124527199539127,24.991777345829558,24.32710042910231,1432.8986283848344,120616.0,0.7382166767394471,0.6161819112647667,791.9137802864844,37414.0,0.7497011988640444,0.6980304693391223,824.1980515339463,38295.0,0.7084166679424185,0.7511048244976877,608.9310242291875,22816.0,0.7732379655587034,0.5400071429096107,622.0020920410531,21448.0,0.6966473255800437,0.568621691205041,41.65829025148801,0.9390201913582062,5.191575960926526,5.524495959935834
cow,564,cow_date_time_frame_564,6.50473121933673,2.149411028362618,2.0288998953895643,0.8599382418643802,0.6231704851949564,2199.0919667454436,708.9761600689828,661.3719232569413,349.03341809075175,407.5048749363919,21.605183105941066,6.930621014755387,25.013362703426328,25.90381154529096,30.718107491258685,16.22040726681539,25.180339498278805,24.305766084100156,1435.9696961967,120656.0,0.7353062164545814,0.6128402815227173,789.6711395993652,37258.0,0.7508217941476859,0.6925983993079549,831.819371877506,39172.0,0.7114224229647004,0.7525288948520564,611.5168106668144,22804.0,0.7663092990214366,0.5548200017652892,595.2031021678298,20787.0,0.7373459649282946,0.5636366029890432,41.305532896507614,3.7258664063216087,36.14314136727776,41.61455020993581
cow,566,cow_date_time_frame_566,6.566760450347183,2.25304269766425,2.0449214556784394,0.8548427236167091,0.5728695121521508,2187.3813855712756,722.7191459664178,673.8449974554227,339.6977392155571,370.5654277264965,21.655592933317973,7.105512128068367,24.79988311328503,26.05346889930516,30.346021255841784,16.461615442953075,24.66307483924735,24.18760526275612,1420.1290757631339,120815.0,0.7527921535024091,0.624978456587846,783.8721497261419,37461.0,0.7661234596933695,0.7034770563049357,851.4051583151329,39661.0,0.6875447497881907,0.7641680561913924,602.2325394193526,22561.0,0.7816993933542423,0.5274246422104754,589.2031021678297,20490.0,0.7416888888174712,0.5814300279148766,41.702544393835694,30.925506946540832,19.307079755971746,3.75949508915057
cow,572,cow_date_time_frame_572,6.907238054365641,2.3478117724291225,2.142713740137166,0.9493959105020673,0.6438635275820442,2229.1947398646967,723.0566126202808,664.4461249786232,346.0313824558396,410.7734710413529,21.516726584867207,6.964501734936988,25.104130343631688,26.28460786310005,30.718342778862308,16.279169945693326,25.414496978044497,24.745956665764375,1428.7981233214462,120811.0,0.743660305974364,0.6252930451454324,781.7127701597078,37235.0,0.7657143899369043,0.6956265290893832,838.1391770309007,39159.0,0.7005016686601294,0.7539066447252255,619.3807716974934,22304.0,0.7305958194474174,0.5903351035161538,630.4163056034262,21466.0,0.6787441725158178,0.534837081121545,33.80307108054754,38.89067324622347,36.862749441095545,42.135748870854265
cow,575,cow_date_time_frame_575,6.591956938872513,2.228199449307761,2.2121067802141154,0.7551172173934545,0.4664225029779303,2091.032539918175,676.7085183678684,736.5241441034573,281.9710204122727,334.00830359681896,21.2915789757837,6.827425640576126,25.791988322426366,25.228510675989224,30.569518495630355,16.159802619723738,25.93867239607213,24.101877275535198,1431.3839097590728,120827.0,0.7410740306633785,0.6125437263009977,799.8132752230962,36994.0,0.7267146909242536,0.7233550018253816,882.2396820942889,42810.0,0.6911652836987638,0.7571035283309685,584.3330444827409,21624.0,0.7958386068329434,0.5634731136127151,572.611219075793,18752.0,0.7186836299803259,0.6039878453407949,3.249505636667421,13.441941788001815,36.43904184127696,42.062350335767576
cow,576,cow_date_time_frame_576,6.638913593701815,2.1758757920096943,2.077628643308919,0.8450899849638867,0.6489985706546076,2117.956019181387,665.3774239930984,688.456815991938,308.1496898130005,379.9885892441295,21.280305511817595,7.6302771534471345,25.762529628696658,25.940972496437215,30.51685821795162,16.29709255375928,25.689023300011804,24.176196512573792,1424.8986283848344,120547.0,0.7461022229639666,0.6113584958553671,776.2152954766495,36391.0,0.7589959546971483,0.7101928447961567,840.2396820942889,40427.0,0.7195732367782921,0.7314852735275778,591.5046173579948,21950.0,0.7883664070166925,0.5593542665043395,620.7594513539339,21135.0,0.6892320032982042,0.5400977051674626,42.092222295064275,38.41881148833332,36.69618160564626,41.4997305628618
cow,577,cow_date_time_frame_577,6.7238455971357505,2.1836716347635425,2.0769442601700603,0.9013989631787549,0.6833206375500723,2144.689808910348,661.9497081562183,668.0220724017917,317.5680666016017,411.16567939436266,21.142306583633122,7.52147336704386,25.769316349245138,25.68996213541828,30.194684802594633,16.240607969833963,25.562448009573973,24.19552394462715,1435.1828996322963,120288.0,0.7338675184817351,0.6053149180147157,797.9554108468271,36674.0,0.7237871971169497,0.7067172252606714,843.3107499061545,40204.0,0.7104014766127695,0.7227293960861416,596.7533546995239,21635.0,0.763443717093473,0.5806936603547854,605.8599564173221,21136.0,0.7235826848272999,0.5509049199573194,43.16531675595988,36.05699175516944,35.89559077543708,42.90683280038438
cow,581,cow_date_time_frame_581,6.817797345793988,2.3148983345080474,2.2258249213281482,0.902431034353992,0.6344475567864075,2220.9498061985396,713.7879429481582,706.2781756204054,324.8521057021968,343.43910767282665,21.21958153593959,7.180699085356161,25.167548232300025,25.670297023815326,30.139343518250556,15.891628598483335,25.1336559093101,24.3437474426893,1436.940258945177,120358.0,0.7324996156795028,0.6118810796697565,805.1858582251266,38684.0,0.7498060864370383,0.7444378502296204,875.7960312803931,41918.0,0.6867591772855852,0.7700251207779132,571.2975105768082,20037.0,0.7714679687889707,0.4538739284516837,567.7888886054566,19085.0,0.7439234515556561,0.4493385969903595,43.08325828713624,35.83839075466703,36.46367316930669,42.436780747093415
cow,584,cow_date_time_frame_584,6.554145763842666,2.2479214795749356,2.1634277234159875,0.8160294448503634,0.5836104658994842,2135.334427123042,700.9431238016617,682.682992942198,323.4038814096718,340.3042876196042,21.25820731864158,7.076791476092656,25.404546757851737,25.555181202809273,30.316420691486034,15.89774606895745,25.227412332546262,24.407582449773535,1434.1118318204308,120005.0,0.7332349667425395,0.6050229158514383,796.0559159102154,37714.0,0.7478686225507242,0.7075021807666411,861.3107499061545,41110.0,0.6963660753287446,0.7517567630786745,578.3330444827409,20863.0,0.7838457484469582,0.5107864504425796,577.2325394193526,19686.0,0.7424474756566601,0.5168525316203393,39.087582824158176,26.57092673909875,36.659664178142634,16.937806508184913
cow,586,cow_date_time_frame_586,6.799127610377287,2.431627766970488,2.1796937124624813,0.8425244422113651,0.606186231524404,2214.972937758128,721.3068789234985,686.5897104396868,315.78432238661645,395.17568959172945,21.232792130912053,7.076940371402871,25.57385485696787,25.718691469930764,30.27311621533751,16.053593077925175,25.137277491482497,24.074590130243408,1424.4133470105958,121031.0,0.7496083520022967,0.6163922008113654,812.9848480983499,39023.0,0.7419345829384595,0.7293755257659728,867.3818177180199,40909.0,0.6832947742532491,0.7553270270072859,565.8477631085024,20027.0,0.7860072556976768,0.4951162013308016,586.9604614807105,20431.0,0.7452153514342206,0.5286977188122828,42.82317864026731,34.924698451242975,36.72388346163178,40.881435043240884
cow,587,cow_date_time_frame_587,6.987268693364191,2.4976931609778066,2.3264325490861255,0.8576540688136159,0.5516178715728831,2224.2411687965446,755.7077138708087,696.1916160903978,322.2521812851124,377.45404987532515,21.208494151294513,6.91697739689144,25.33799174378173,25.69844170638132,30.201734518499883,16.07991202321034,25.095308681006905,24.285848165817004,1433.6265504461921,120871.0,0.7390263242641971,0.6162842037279094,819.9493141924172,38008.0,0.7104129467071787,0.7110879759126837,859.3107499061545,40716.0,0.6929062522460859,0.7517145664436314,580.9543648263005,20890.0,0.7777934222247949,0.5239107237721362,594.5462479183374,20604.0,0.7324704688346947,0.5859134296422736,33.70340126956901,35.09633437854823,8.053852036952039,8.077440010186843
cow,589,cow_date_time_frame_589,6.758421260085466,2.3866990895437854,2.230263400555656,0.9051181802290311,0.45070776617763764,2182.60729537672,706.1909049839576,715.9026719365651,338.3850789600758,350.906800725204,21.292825939940894,7.114527533171776,25.180951160134825,25.584131610028564,30.2796262878706,16.194969687807433,24.84470301631202,24.16757027514371,1432.0702012600882,121188.0,0.7425759274757712,0.6128628914439819,801.4701294725886,38181.0,0.7469344337058834,0.7182896856938857,876.517856687341,42368.0,0.69298892062261,0.7786105209474942,635.1381310103742,21372.0,0.6657614680162358,0.4678029152262605,577.9898987322333,18606.0,0.6998780668975774,0.5730316144737354,41.15434566588032,2.46258789656703,36.10259883086405,40.55241326383059
cow,591,cow_date_time_frame_591,6.97781710933646,2.347300856960879,2.1674956875505993,0.8691324408731209,0.6509852317139418,2203.615906671105,695.1086513136511,714.7754397844357,332.5825329335778,343.75851500134587,21.356861560152414,6.175348558003812,25.12420610057363,26.182831704588992,30.47831774766072,15.533977813314909,25.454169224453082,24.611151999329362,1437.1412690719537,121021.0,0.7363286173410966,0.6019035270247848,791.8071785686863,37723.0,0.7560964832635219,0.7048272589988555,853.6538956566621,40517.0,0.6986883346234399,0.7284895427173993,582.5756851698602,21279.0,0.7878732751428001,0.5362462912760623,592.8183258569795,20866.0,0.7461150940289881,0.5488048209844955,42.25751751903207,3.909010101617529,36.96861411354041,44.4391503321119
cow,595,cow_date_time_frame_595,6.865558209540109,2.5470430035925844,2.296159799621362,0.8371769540792551,0.5373273178076351,2234.1884936177016,755.3446460874325,770.1615329982212,278.7328349250159,348.8348603257726,21.082250306128948,7.127620331189919,25.218903965540363,25.64074826999897,30.300423409288197,16.301056287192367,25.20394727310316,24.29640678507461,1430.655987697715,120609.0,0.7404899130902146,0.6187537402425307,848.1919548795365,39869.0,0.6963970281047163,0.7838977623913042,888.1686142824235,42533.0,0.6775557507670498,0.7757466554229631,554.1320343559643,18727.0,0.7663930534031138,0.42606537929008514,555.4751801064718,18834.0,0.7670490090644143,0.5997655763132733,23.672428574793027,13.288391287206903,36.98430979519502,42.3034885871421
cow,596,cow_date_time_frame_596,7.002499873975131,2.3562820862387177,2.057668378618081,1.0624669185005695,0.711689692475632,2284.154620188504,693.1197696781684,729.1022143984197,354.9249779313778,415.9351628017389,21.056615110815752,7.30450343898868,25.853022353682693,25.35454032945317,30.38052697735371,16.62029302704556,25.6255467026823,24.328365803609305,1437.6265504461924,120649.0,0.7335697614926286,0.6191100952512347,790.0142853498728,36683.0,0.7385923769203558,0.7081228910427544,853.3107499061545,40749.0,0.7032542828540107,0.7543599037300281,596.7533546995239,22179.0,0.7826400832639769,0.5967146768852781,596.2741699796952,20401.0,0.7210565508504846,0.5089073853838407,22.205017543682896,36.865105008365475,36.83982566396885,16.164576397484215
cow,613,cow_date_time_frame_613,6.71734067732281,2.5042604729978586,2.1228928036768573,0.7863741862968295,0.5014169000465147,2209.8852566401565,789.3328747217147,710.217283005869,310.50922813137595,353.4209633419438,21.922176958158605,6.928866787233991,24.967910654903562,24.91778986547837,30.05738604949071,16.329999634592976,25.030485623754668,23.647919273958347,1410.7148622007608,121402.0,0.7665795368185004,0.6147420200895635,840.1980515339463,38440.0,0.6842737861410388,0.7008270211769156,875.8904396893715,41777.0,0.6843015788875191,0.7715633494126929,586.8122292025696,21112.0,0.770443737278585,0.5239280449609606,571.747258045114,19403.0,0.7458827556818263,0.5973861643112266,44.8388545406504,33.50519556551287,36.63623692664437,43.135008503819996
cow,615,cow_date_time_frame_615,6.86348736028055,2.420028472062887,2.0684919681519376,0.8839318718148998,0.5907517975788996,2209.671160343692,721.6427716660019,691.0941089981453,353.0218923234029,375.6226896344037,21.243664400886793,7.615135607601467,24.942403012542126,25.325774666805735,30.18787136598622,16.65540858100994,24.94110283953939,24.18112548943099,1420.6559876977153,120089.0,0.7477135314709907,0.6145163756924366,807.3107499061545,38014.0,0.7329459737341166,0.7099939345672128,852.517856687341,40467.0,0.6996871605802194,0.7641318204565796,594.5107140124046,20832.0,0.740664380762073,0.5224680013018653,587.5462479183374,20138.0,0.7330643272214965,0.5633263769675603,43.0612584460155,36.08767071153831,36.424956715070905,41.76558046942661
cow,620,cow_date_time_frame_620,7.041307391345748,2.5061275483902326,2.213217384291612,0.9475159744542467,0.5078231480426889,2276.625761018478,770.4045120001589,723.6625397815365,355.1285614213832,355.23853185515225,21.121824129816314,7.528379553166342,24.82500283614041,25.428084266522998,30.405626798746532,16.54787754158358,24.800504223605294,24.050008858104636,1424.5554826343268,120432.0,0.7457495941446434,0.6113836254864443,780.0559159102154,37972.0,0.7841910231082401,0.6815432893063482,868.239682094289,41750.0,0.6959644909300151,0.7882466003761912,611.6467529817257,21542.0,0.7235932992244846,0.529541368277531,559.4396462005392,18531.0,0.7440502019968731,0.4870382854928353,36.88062894397592,30.76466418169055,36.244140350101915,7.809128762564794
cow,623,cow_date_time_frame_623,6.817913102126047,2.4357083960170063,2.0279664808806834,0.9812248352161995,0.632485875714682,2317.452830213972,722.0416389220221,704.8354889110095,363.87951478481915,410.28768630904625,20.938398090767496,7.348169792509335,25.333675988557957,25.457866283499964,30.25092811876115,16.225420835177673,24.933423580583966,24.088973076994243,1425.0996385116111,121109.0,0.749369171123456,0.6126022516474764,783.3279938488575,37752.0,0.7731478168353098,0.685972291134921,843.0620125646253,40709.0,0.7197493087167246,0.7546030325282207,595.5046173579948,21433.0,0.7594908771098413,0.5634108369268853,609.9604614807105,20570.0,0.6947695674452316,0.55901466055178,44.135568776876646,38.27661441671425,37.04950737985403,42.00328505485842
cow,641,cow_date_time_frame_641,6.832550226386275,2.3903330197445953,2.058598350637395,1.0300190462157761,0.7033349647883295,2242.8959986138525,708.9013629164691,643.6116611701278,366.6287415706416,408.8921642269976,20.677826213920707,7.1520349369827905,25.91788000207604,25.459956979136518,30.281917032791583,15.852539041831287,25.468054411881276,24.077568746630725,1432.8986283848344,120911.0,0.7400221910960676,0.6102373839456995,778.0203820042826,37033.0,0.7688060818055783,0.6798666500947049,847.5117600329311,40251.0,0.7041984619459877,0.7468065334324078,607.2031021678298,21959.0,0.748435638696063,0.589150489861871,616.2741699796952,21025.0,0.695661449939749,0.5823309940682146,41.244940035389256,38.10557626879173,2.8389432026708987,12.057528744777876
cow,645,cow_date_time_frame_645,6.8442974648360515,2.348886429131031,1.9795145915813581,1.048910145944366,0.7106843244686356,2200.4371702892367,690.9942880326972,667.8013311678706,358.5631448020528,416.16295726429706,20.928227311075293,7.202212202694377,25.815685098945146,25.472453986226974,30.474571161483478,15.81637532282994,25.22681304633918,24.053028270197167,1435.9696961966997,120364.0,0.7335266993546882,0.6165325502594113,780.1919548795365,36373.0,0.7509068243432122,0.694566416972692,835.6538956566621,39580.0,0.7122505112714717,0.7399941949047883,613.3391411371508,22102.0,0.7383122549692795,0.579600694772297,640.3158005400378,21660.0,0.6638651626205291,0.5621371369878976,32.97995175223389,38.902517245322436,35.28781180268246,42.40071319296384
cow,647,cow_date_time_frame_647,7.265282974005652,2.538226986773692,2.1261703901693214,1.1094597121491465,0.692826455920792,2315.69162139303,735.5324087928952,735.4040919856229,386.4135921568481,394.91322715760543,21.022539655337,7.360637837808594,25.36440919658543,25.590311762141305,30.34558215591321,15.99150466511287,24.976468848999716,24.17360686646531,1437.9696961967,122533.0,0.7446693225024102,0.6023345619119082,778.8843430349617,37538.0,0.777562032533904,0.6696511813820036,851.5117600329311,41093.0,0.7121908859273796,0.7417829039715511,626.5107140124046,22278.0,0.7132291078797613,0.5830892335490842,601.2031021678297,20977.0,0.7293077296797447,0.6194757474003008,42.487765371268175,37.43726229921016,3.684408481771884,42.237128769039394
cow,655,cow_date_time_frame_655,6.904944714637847,2.430815494311822,2.127456520772462,1.0132025212311377,0.5811280131478156,2220.164168999576,707.8005392515189,707.4720518912522,366.772821934499,381.01093632807545,21.1197274240904,7.1684350047497025,25.109063293556844,25.711874622178783,30.089910868408527,15.946140302832257,25.086810234007288,24.20409058160988,1428.8986283848344,121512.0,0.7478701413933683,0.6153695297776369,770.6417023478423,37260.0,0.788401970942538,0.6974624772957264,865.2691193458119,41914.0,0.7035039888753704,0.7652357701156008,627.5817818242701,21941.0,0.7000444642372261,0.5648087680109934,582.8599564173221,19751.0,0.7305846009506158,0.5893399364957367,45.93904394177586,35.56030063798004,4.948847549168759,42.24038901033259
cow,657,cow_date_time_frame_657,6.726775169886651,2.311995919494507,2.046891665106775,0.9670493043849931,0.6511819098098932,2216.4092124077565,680.6756882952379,703.0010833345724,347.71163434809307,400.7929909622815,20.908531701488812,6.681923861718797,26.25456036062987,25.557755016842187,30.316851644792912,15.76965682328366,25.903770915651137,24.21247902913092,1424.1707063234767,121600.0,0.7533891161315835,0.6138635053729077,773.2213921310594,36630.0,0.7699084054446514,0.6892096105444406,849.7188668141176,40540.0,0.705574839854439,0.7389889451635481,615.7472580451141,22526.0,0.746601693412061,0.5510563320766395,608.7594513539337,21254.0,0.7207076075511264,0.6099341516787153,5.581149390145711,38.64776282659489,36.36942199619535,44.674838263321284
cow,661,cow_date_time_frame_661,6.8644145314384915,2.362016484717812,1.9989438738162064,1.1416244206110875,0.6711522551029838,2258.759299816001,694.3878908042574,717.0272944107547,386.7825289414082,394.66378694319417,21.124848686383668,7.1779352572070865,25.242846279108917,25.663239834222836,30.174998464618902,16.132244604856563,25.163758658228897,24.201020879924066,1434.212336883819,122571.0,0.7488083619083479,0.6111620713184384,769.8549057834388,37334.0,0.7915833011579606,0.6707333402721851,862.7604973744603,40978.0,0.6917992993888802,0.7501749532187921,660.0731598529186,22596.0,0.6517143484933077,0.5577218575525195,616.1381310103742,21000.0,0.6951411292081358,0.6062779471463817,41.882002441633006,36.72024910058126,36.591870825685696,42.48257396732
cow,662,cow_date_time_frame_662,6.6930166939679205,2.284984154616454,1.9181683110628793,1.0064471096227547,0.726848072694265,2189.572698087843,695.0528279733096,679.5390824897991,363.80193367056023,400.4559904934491,21.149566665173424,7.274356139305009,25.617159874731833,25.507263339851388,30.144887744277522,15.853126644285432,25.119679464639578,24.09068123710934,1435.1412690719537,121610.0,0.7419759798972511,0.6153414405202314,788.239682094289,36801.0,0.7443083562135154,0.6807877410692054,841.3107499061545,39803.0,0.7066637183569743,0.7392223569945507,615.0965004500315,22470.0,0.7463223097758442,0.5670635137464417,630.6883835420682,21888.0,0.6914905991099696,0.6580167561747302,42.20635716973163,36.02228629665041,1.9415868218336405,42.634684934959026
cow,663,cow_date_time_frame_663,6.777765598034261,2.5019263490597567,1.9844021374506409,1.0516882255913067,0.6593576537449336,2232.893371120206,738.4888341195042,702.3244982835757,350.25654683132205,391.179561824086,21.231471266057227,7.166296928039959,24.962104013682982,25.74416858744654,30.317378038567593,15.904436273530653,24.92209059137336,24.260266970398135,1431.383909759073,121864.0,0.7474343124695798,0.609290179562464,852.7604973744603,39581.0,0.6839785432252864,0.7410223304897842,861.0681092190353,40825.0,0.691928226718642,0.7607371141295941,654.2091988222396,20320.0,0.5966233890861444,0.5368068033564563,604.6589462905454,20447.0,0.702778546095625,0.618719097649192,40.973553914995804,11.221425432766411,36.83211195798629,15.796105139264771
cow,672,cow_date_time_frame_672,6.8524913421299125,2.418196881415824,1.9658042702040162,1.0414846437427274,0.7034314514622719,2233.628633585091,691.0395680599624,684.1924721812719,371.67013711302195,393.23656749540083,20.90011485082685,7.118090527519608,25.371415124424722,25.709044935289,30.212197868858347,16.12929088598025,25.043622588719,24.22336306735475,1433.383909759073,121531.0,0.7433132687171274,0.6093410928969845,778.9198769408943,37250.0,0.7715260032770034,0.6757839268521888,843.0264786586926,39853.0,0.7046743312250502,0.7489218114035933,617.5462479183374,22197.0,0.7314172039049324,0.5410328310509864,617.1025971044414,21583.0,0.7122081291710463,0.6047351009771758,4.983067680279506,30.709419444268182,35.96967389766771,41.95680475636683
cow,675,cow_date_time_frame_675,7.242214948760076,2.5224687850909855,2.1757702206195595,1.2257373149033775,0.7153247849106686,2350.404479229799,763.2139743329124,704.937182661429,426.5153224895981,390.2357345954971,20.789554961203006,7.517188684975086,25.191037118817285,25.631527225535162,30.232911976811916,16.302668392414727,25.03526369033309,24.309775429987393,1426.271211386865,121320.0,0.7494420087845775,0.6072006641318017,764.0142853498728,36750.0,0.7911598682654786,0.6790010563267607,849.3696244092002,40635.0,0.7078099724150168,0.75302788831484,634.9543648263005,22744.0,0.7089109502016329,0.5619020437423046,604.9604614807104,20536.0,0.7051341317809106,0.5906871846414985,42.5862398874379,36.248802019201264,35.458198875244946,43.03855891388837
cow,681,cow_date_time_frame_681,6.570116002125854,2.25930332797797,1.9990345067707376,0.9984095295661628,0.6314404963591734,2124.8173736354156,656.8022562578493,672.4920705893533,343.2406962286859,397.42979281362415,20.950659815592065,7.033288688848205,25.272599279136532,25.8290898428153,30.198208338045006,16.110134881370193,24.976098097911116,24.267700380071144,1419.9280656363571,120440.0,0.7506680368871567,0.6086976091864719,763.3279938488575,36453.0,0.7861777710946782,0.6717004731300499,848.683332908185,39530.0,0.6896763471415238,0.7427923799640644,621.3391411371508,22153.0,0.72108255016544,0.5645770033236736,611.9310242291876,21656.0,0.726746857903996,0.5945404194692886,4.743940337003127,9.021184017184838,36.07101232793185,42.54265379630811
cow,689,cow_date_time_frame_689,6.6727640344256445,2.4210127563980075,1.9437001711657687,0.8835790083323865,0.684162051987934,2162.873102334882,671.7460389623222,627.349281192404,344.06685742346536,440.3068842982359,20.98861206646954,6.951417338007096,25.902271425886976,25.84488323684043,29.730382151270767,16.064870260199086,25.239303280061883,24.37895291281119,1438.798123321446,120389.0,0.7307973194561403,0.6127845863753055,764.98484809835,36209.0,0.7775363980759962,0.673821808972095,811.3107499061546,36418.0,0.6952668048517392,0.6877686284159774,615.5817818242701,22552.0,0.7478653467436569,0.6321183682119416,664.8366158202091,24573.0,0.6986154474856251,0.6224543738896773,40.44883279114127,7.703058316991195,37.10884277824398,42.58188135718194
