animal_number,milk_flow_duration_mean,yield_visit_mean,yield_lf_visit_mean,yield_lr_visit_mean,yield_rr_visit_mean,yield_rf_visit_mean,peak_flow_rf_mean,peak_flow_lf_mean,peak_flow_rr_mean,peak_flow_lr_mean,notmilk_visit_duration_mean,interval_sec_mean
454,381.2437106918239,18.092106918238994,3.7753459119496853,5.109465408805031,5.893915094339623,3.313380503144654,1.3700943396226415,1.7828301886792455,1.6134591194968555,1.4116981132075472,96.58647798742139,31513.775157232703
571,450.4,17.54733333333333,3.5151666666666666,6.301666666666667,4.934333333333333,2.7961666666666667,1.256,1.172,1.7020000000000002,1.48,89.6,37775.433333333334
627,244.5040322580645,19.376451612903224,3.7845564516129033,5.40133064516129,5.924314516129033,4.26625,2.429274193548387,2.2369354838709676,2.6366129032258065,2.398306451612903,96.625,31303.342741935485
628,332.9367088607595,16.635189873417723,4.160886075949366,6.386075949367089,6.088227848101266,,,1.5015189873417722,1.9625316455696202,1.9518987341772152,79.46835443037975,33534.81012658228
686,316.45536609829486,20.46792377131394,4.4613340020060175,5.744543630892679,5.596850551654965,4.665195586760281,1.9926980942828485,2.2011634904714144,2.050110330992979,1.8813640922768304,91.38816449348045,30134.228686058173
703,260.2350230414747,18.23327188940092,4.687019969278034,5.045007680491552,4.097880184331797,4.403364055299539,1.9820276497695852,2.383225806451613,1.850967741935484,1.9518894009216592,93.036866359447,31739.483870967742
722,588.1662870159454,23.306697038724373,6.622357630979499,4.288929384965831,6.439521640091116,5.955888382687927,1.237995444191344,1.3235535307517083,1.3260820045558086,0.9798861047835992,96.36674259681094,34905.1993166287
723,228.4125,15.708250000000001,4.248125,4.531750000000001,3.52725,3.4011250000000004,1.8967500000000002,2.25375,2.166,2.29275,95.5875,35950.5
729,412.6422857142857,22.58470857142857,5.383737142857143,5.155028571428571,5.5925714285714285,6.453371428571429,1.6917257142857143,1.5071999999999999,1.6426971428571426,1.5077485714285714,108.70628571428571,36239.78057142857
736,402.33248730964465,16.62739847715736,3.168426395939086,4.675939086294416,5.121205583756345,3.6618274111675126,1.215761421319797,1.0776395939086294,1.2705837563451776,1.2482741116751268,94.57106598984771,34134.47461928934
738,217.31791221826808,12.20393831553974,2.8558837485172006,0.6039027283511269,6.012431791221826,2.731720047449585,2.401067615658363,2.3234163701067616,2.9802135231316726,1.1608540925266904,97.27283511269276,29452.582443653617
747,316.5352941176471,19.543220588235293,5.193264705882353,4.776058823529412,4.61975,4.95414705882353,1.9403823529411766,2.0537647058823527,1.8238235294117648,1.6591764705882353,103.37647058823529,33721.29705882353
764,353.47777777777776,16.88301388888889,5.174958333333333,5.643083333333333,1.4248194444444442,4.640152777777778,1.6041666666666667,1.7285833333333331,0.97925,1.5620833333333335,96.85555555555555,33676.44583333333
778,304.13375796178343,11.90375796178344,,4.984140127388535,3.700891719745223,3.2187261146496815,1.7281528662420382,,1.2668789808917198,2.025095541401274,81.85350318471338,28076.229299363058
785,304.6106194690266,13.96221238938053,3.133628318584071,3.5634513274336284,3.626371681415929,3.638761061946903,1.3858407079646018,1.291858407079646,1.553628318584071,1.3794690265486724,94.68141592920354,27255.610619469026
807,344.18148148148146,15.396851851851851,3.5866296296296296,4.871148148148149,2.948851851851852,3.9902222222222217,1.2977777777777777,1.9324444444444444,1.556,1.7882222222222222,100.92962962962963,25938.681481481482
808,272.56310679611653,14.296504854368932,3.0635922330097087,4.616407766990291,4.415825242718446,2.2006796116504854,1.1388349514563108,1.4557281553398058,1.774368932038835,1.887378640776699,100.83495145631068,23954.961165048542
833,378.96868475991647,15.253048016701461,0.45473684210526316,6.348789144050104,4.8318580375782885,4.054363256784969,1.255991649269311,0.8842105263157896,1.5979540709812108,1.7131941544885179,75.72860125260961,27546.359081419625
837,292.9436416184971,17.562427745664742,6.153945086705202,4.9080202312138725,6.500462427745664,,,2.2960404624277455,2.296387283236994,1.777456647398844,77.80780346820809,31247.88294797688
842,257.4970828471412,16.536756126021004,,6.039556592765461,6.861073512252042,3.6361260210035002,2.1368961493582264,,2.5781796966161026,2.962053675612602,77.15869311551926,30781.005834305717
855,322.8125,14.900970744680851,6.095718085106382,4.264760638297872,4.540492021276595,,,1.9263829787234044,2.57281914893617,2.619414893617021,78.91622340425532,31078.60106382979
856,292.5264227642276,16.443810975609754,3.9516869918699187,5.405447154471545,3.332794715447154,3.7538821138211382,1.8476829268292685,1.8531707317073172,1.7546747967479674,2.060060975609756,93.44918699186992,29491.181910569107
861,259.9585406301824,13.511741293532339,2.600464344941957,4.087180762852405,4.02927031509121,2.794825870646766,1.5282587064676616,1.6723383084577115,2.108457711442786,1.7567164179104477,103.72305140961858,22740.744610281923
868,245.75980392156862,16.356323529411764,3.9832843137254903,4.279509803921568,4.524264705882353,3.569264705882353,2.1414705882352942,2.1361764705882353,1.8988235294117648,1.833235294117647,106.00490196078431,24634.813725490196
896,405.4081081081081,17.025905405405407,3.984472972972973,4.560081081081081,4.550891891891892,3.9304594594594593,1.3611891891891892,1.3992972972972972,1.2720810810810812,1.224972972972973,94.86216216216216,32304.64864864865
897,387.18228105906314,18.15235234215886,3.076283095723014,6.04530549898167,5.476354378818737,3.554409368635438,1.9677189409368634,2.004378818737271,2.2071079429735234,1.6880040733197557,97.5224032586558,33609.30549898167
902,397.7455621301775,16.391183431952662,4.389644970414201,5.5332544378698225,6.46828402366864,,,1.3768047337278106,1.8749112426035504,1.8596449704142013,80.12426035502959,31957.36094674556
904,408.7823529411765,18.09738823529412,3.9570588235294117,5.831611764705882,4.634870588235294,3.6738470588235295,1.396305882352941,1.2837882352941177,1.4126117647058825,1.4368941176470587,98.39411764705882,29325.31294117647
905,267.1519230769231,13.74764423076923,2.0575384615384618,4.8160384615384615,4.515519230769231,2.3585480769230767,1.734346153846154,1.5297692307692308,1.9401923076923075,2.2795384615384613,93.19423076923077,26179.940384615384
912,288.4156706507304,18.67062416998672,3.721965471447543,5.008658698539176,5.082310756972111,4.857689243027889,2.218884462151394,1.512430278884462,1.974422310756972,2.2453386454183266,100.50863213811421,33231.420982735726
915,322.0065717415115,19.047338444687842,3.8595290251916756,5.525991237677984,5.515936473165389,4.1458817086527935,1.8136692223439213,1.7446002190580503,1.9618619934282586,1.9027820372398685,123.75465498357065,33656.659364731655
921,270.4024725274725,17.452403846153846,3.697967032967033,5.120068681318681,4.828255494505494,3.806112637362637,1.7491483516483517,1.691868131868132,2.1187912087912086,1.9256868131868132,98.25137362637362,31206.446428571428
922,272.0081466395112,18.25641547861507,4.404276985743381,4.315254582484725,4.790183299389002,4.746700610997964,1.8872505091649694,2.1595112016293276,2.050142566191446,2.1036659877800408,95.07942973523421,31429.140529531567
924,323.20307692307694,15.287969230769232,4.943230769230769,2.635507692307692,2.870830769230769,4.8384,1.792430769230769,1.5895384615384616,1.4032615384615386,1.4145230769230768,99.38153846153845,22654.50153846154
925,343.991643454039,19.717228412256265,4.077395543175488,6.3534540389972145,5.44183844011142,3.844540389972145,2.2690529247910862,2.3237047353760447,1.5892479108635096,1.9568523676880223,97.81894150417827,43061.215877437324
929,373.3888888888889,18.520555555555557,5.4911111111111115,4.434166666666666,4.5438888888888895,4.051388888888889,1.5783333333333334,1.5783333333333334,1.6700000000000002,1.4883333333333333,113.27777777777777,33801.75
935,289.6670305676856,15.890447598253274,5.3738973799126635,5.486288209606986,5.014759825327511,2.0285714285714285,1.4057142857142857,2.184235807860262,2.0022052401746726,1.8165065502183406,76.49017467248909,31731.995633187773
948,289.88808373590985,14.86585346215781,2.1234793491864834,4.646884057971015,4.712334943639291,4.140563607085346,2.1769565217391307,1.2924405506883605,1.9768115942028983,2.161062801932367,94.2181964573269,27026.52495974235
962,337.54498448810756,16.198779731127196,3.2618510858324714,5.471944157187177,4.907807652533609,2.55717683557394,1.5255015511892451,1.5050879007238884,1.4912512926577042,1.6773940020682523,95.11271975180972,30473.68665977249
970,276.0417090539166,16.01378433367243,3.670498474059003,4.334944048830112,4.769389623601221,3.2389521871820954,1.9287894201424212,1.6854323499491353,1.8308036622583927,1.8700101729399796,93.72431332655137,28930.57985757884
971,255.61306532663318,15.751155778894473,2.8594472361809045,4.9436180904522615,5.430552763819096,2.517537688442211,1.8976884422110551,1.4773869346733668,2.1343718592964827,2.2640201005025125,95.34170854271356,29193.26633165829
973,382.0722610722611,18.023496503496503,5.029603729603729,4.350174825174825,4.09037296037296,4.553344988344988,1.4401398601398603,1.4439860139860141,1.2546153846153847,1.4025874125874127,99.25641025641026,32279.341491841493
975,398.9242590559824,18.51860592755214,3.4269374313940726,5.900164654226125,5.511405049396268,3.6800987925356754,1.6527991218441274,1.1167508232711307,1.604456641053787,1.5530186608122942,92.9967069154775,29698.194291986827
978,424.22635494155156,15.211742826780021,3.8351540913921363,3.7915409139213603,4.0158235919234855,3.569224229543039,1.3274601487778956,1.0008714133900107,1.2037619553666312,1.3349840595111584,96.19872476089267,26843.914984059513
981,232.17105263157896,13.741973684210528,3.4850000000000003,3.6422368421052633,3.0786842105263155,3.5360526315789476,1.7336842105263157,2.0431578947368423,1.721842105263158,2.0723684210526314,100.19736842105263,27662.736842105263
986,598.0915492957746,21.48781690140845,5.153345070422535,5.3198943661971825,6.340704225352113,4.673873239436619,0.9690845070422535,0.9741549295774649,1.244788732394366,1.1243661971830985,96.55633802816901,32414.278169014084
1003,308.44470588235293,14.170541176470588,,4.535058823529412,4.852352941176471,4.783129411764706,1.926494117647059,,2.028,1.7508705882352942,79.3670588235294,22480.948235294116
1023,401.8475073313783,19.65683284457478,4.840791788856305,4.7858064516129035,5.084281524926686,4.945953079178885,1.322991202346041,1.8040469208211143,1.635659824046921,1.6836950146627565,98.73900293255132,28554.876832844573
1039,422.2227138643068,23.602463126843656,5.809911504424779,6.163023598820058,6.830619469026549,4.798908554572272,1.2916814159292036,1.8045132743362833,2.0132743362831858,1.9575221238938054,100.60914454277287,37468.9778761062
1040,445.8,23.6805,3.960074074074074,7.370962962962963,8.085944444444443,4.263518518518519,1.6907777777777777,1.6774444444444445,1.9337777777777778,1.5723333333333334,96.31111111111112,33369.2037037037
1057,426.69868995633186,19.769126637554585,3.4362479338842973,5.200305676855895,5.69254730713246,5.850174672489083,1.5786026200873362,1.2824132231404959,1.357467248908297,1.5204366812227075,139.24017467248908,39086.04075691412
1058,321.94943820224717,16.916324237560193,3.671252006420546,4.678611556982344,4.370577849117175,4.195882825040128,1.4124558587479936,1.3251364365971106,1.6535634028892456,1.5795024077046549,96.75040128410915,29286.08507223114
1061,423.3396464646465,18.463674242424243,5.435555555555555,,7.111085858585858,5.917032828282828,2.0168939393939396,1.623409090909091,1.6337878787878788,,71.58459595959596,30429.141414141413
1067,241.83748645720476,13.491430119176599,3.184290357529794,3.9148104008667386,3.4144962080173347,2.97783315276273,1.7903791982665223,1.5945178764897074,1.8081906825568799,1.71068255687974,97.16576381365114,27852.438786565548
1074,302.59771126760563,16.9331426056338,3.3285827464788733,5.235528169014085,5.455202464788732,2.9138292253521128,1.7904929577464788,2.044119718309859,1.8103521126760562,2.0111091549295774,141.01144366197184,27162.399647887323
1081,349.9055944055944,21.097342657342658,4.955955710955711,5.577261072261072,5.3582167832167835,5.205909090909091,1.7986713286713287,1.7585314685314684,1.8344755244755244,1.4682517482517483,94.29020979020979,34609.75874125874
1084,314.66840052015607,17.721716514954487,3.987152145643693,5.02334200260078,5.019674902470741,3.691547464239272,1.552665799739922,1.8353446033810144,1.6549544863459038,1.727438231469441,98.85565669700911,32219.26788036411
1089,270.36933461909354,18.707126325940212,4.152150433944069,4.903182256509162,5.321427193828351,4.330366441658631,2.1621407907425265,2.1160270009643205,1.9313404050144647,2.022873674059788,97.15236258437801,32246.799421407908
1091,382.82284607938044,19.54117134559535,4.213484995159729,5.313330106485964,6.482575024201355,3.531781219748306,1.3425363020329137,1.508247821878025,1.7406389157792836,1.5441432720232333,95.55082284607938,33609.63988383349
1092,323.57060518731987,18.634121037463977,4.362420749279539,4.958948126801153,4.491239193083573,4.821512968299712,1.835100864553314,1.6946109510086456,1.7943804034582131,1.6419596541786743,95.47838616714698,32871.96397694525
1098,329.65749235474004,18.067339449541286,3.430397553516819,4.557971457696228,4.621692150866463,5.457278287461774,2.0681345565749236,1.689724770642202,1.5426299694189602,1.4636085626911315,96.70336391437309,29428.092762487257
1100,351.9845132743363,19.710154867256637,4.056714601769912,6.029347345132743,5.533506637168141,4.09058628318584,1.4925,1.3575000000000002,1.7283185840707966,1.7094690265486727,94.16592920353982,33179.89380530974
1101,295.32827832292594,13.777439785905441,4.574326494201605,4.413300624442463,,4.789812667261374,1.8095807314897412,2.145548617305977,,2.2971275646743976,75.96520963425513,26490.2863514719
1102,283.41291108404386,18.281437271619975,5.051693057247259,4.3111449451887935,4.793714981729598,4.124884287454324,1.9249695493300853,1.937904993909866,1.7213641900121803,1.6713763702801463,95.66138855054811,31435.80998781973
1116,336.484496124031,20.113992248062015,4.083837209302326,6.081589147286821,5.4855426356589145,4.463023255813954,1.527906976744186,1.582093023255814,1.65,1.8065116279069766,95.37596899224806,34593.813953488374
1126,490.3792134831461,18.7685393258427,4.913946629213483,5.000786516853933,4.755856741573034,4.097949438202247,1.1106741573033707,1.4047752808988763,1.1612359550561797,1.055308988764045,102.12078651685393,40228.198033707864
1127,319.9245810055866,17.692020484171323,4.527262569832402,5.282588454376164,3.425093109869646,4.45707635009311,1.6551955307262571,1.6332960893854749,1.7985474860335195,2.0234078212290503,101.02513966480447,33467.928305400375
1133,188.28695652173914,13.155043478260868,2.664782608695652,3.3569565217391304,3.437913043478261,3.6953913043478264,2.2424347826086954,2.157391304347826,2.1172173913043477,2.045217391304348,93.97391304347826,30416.58260869565
1139,505.0810473815461,17.500149625935162,3.2514339152119702,5.112493765586035,5.788466334164589,3.347755610972569,1.1970074812967582,0.9695012468827929,1.3079551122194515,1.4233167082294265,97.61221945137157,34046.14463840399
1140,268.9463414634146,15.860780487804877,3.3706666666666667,4.397252032520325,4.625268292682927,3.4675934959349597,1.862341463414634,1.6297560975609755,1.7925853658536586,1.9583414634146343,100.22439024390243,25967.40975609756
1142,319.3490099009901,15.510482673267326,5.434925742574258,,4.646324257425743,5.429232673267326,1.789678217821782,1.7423762376237624,1.5615594059405942,,79.71039603960396,30868.949257425742
1144,306.38847117794484,17.91874686716792,3.128458646616542,5.8980200501253135,5.656115288220551,3.2361528822055137,1.9584210526315788,2.0996240601503757,2.083308270676692,1.8393233082706766,97.1453634085213,31506.629072681706
1145,402.10183066361554,17.985160183066363,3.8329176201372994,4.801578947368421,4.6770709382151034,4.673592677345537,1.6406636155606409,1.3483524027459954,1.2981693363844393,1.2663844393592676,96.36498855835241,30695.609839816934
1148,243.18893129770993,14.741956106870228,3.7544942748091605,4.28057251908397,2.209160305343511,4.497729007633588,2.145687022900763,2.103549618320611,1.4242557251908396,2.3686832061068706,92.47900763358778,25686.536259541987
1151,223.75234131113424,15.90993756503642,3.5603642039542147,4.494443288241415,4.32588969823101,3.5292403746097816,2.5169406867845994,2.5290530697190428,2.5121331945889698,2.4600624349635796,93.35483870967742,26501.77627471384
1153,243.70128479657387,16.64899357601713,3.4663276231263387,4.524089935760172,4.290974304068523,4.367601713062099,2.1981584582441114,2.1267880085653106,2.4739400428265523,2.540620985010707,101.20235546038543,27669.792291220558
1159,339.5300794551646,17.35300794551646,4.613757094211124,3.9848694665153235,4.068796821793416,4.685584562996595,1.5880590238365493,1.4961861520998867,1.5606129398410897,1.2638819523269014,95.11237230419977,30576.101021566403
1160,208.03333333333333,11.314833333333333,2.7338333333333336,2.8698333333333332,2.8733333333333335,2.8378333333333337,1.788,1.7369999999999999,1.6849999999999998,1.879,101.96666666666667,25446.25
1163,520.4494706448509,14.80714148219442,0.6054667949951877,5.581770933589991,5.014408084696824,3.605495668912416,0.9783638113570741,0.7907988450433109,1.1788065447545717,1.2948219441770934,94.44947064485082,30165.455245428297
1164,276.5071574642127,17.516472392638036,3.6450613496932514,4.707484662576687,4.606912065439674,4.557014314928425,2.3033128834355825,2.1819018404907977,2.101472392638037,1.8867484662576688,92.87934560327199,31343.606339468304
1168,531.5380710659898,18.346700507614216,4.710456852791879,5.075228426395939,4.252842639593909,4.3081725888324875,0.9931979695431472,1.00751269035533,1.243756345177665,1.2149238578680204,96.78680203045685,26026.218274111674
1170,202.93103448275863,12.009655172413794,2.056206896551724,2.8682758620689657,4.04448275862069,3.040689655172414,2.033793103448276,1.6882758620689655,1.8972413793103449,2.04,95.0,41444.1724137931
1171,288.4912516823688,19.89905787348587,5.094078061911171,5.1443472409152085,4.546541049798115,5.114091520861373,1.9397846567967698,1.9145087483176313,2.1858411843876175,2.3444952893674293,99.36877523553163,36487.02153432032
1172,259.87214611872145,17.38187214611872,3.939497716894977,4.828858447488584,4.496164383561644,4.117351598173516,1.7687671232876714,2.0745205479452054,2.276164383561644,2.2030136986301367,100.12785388127854,32790.48401826484
1173,473.61333333333334,20.734896969696972,5.429951515151515,5.383030303030303,5.746775757575758,4.175139393939394,1.3550545454545455,1.4113454545454545,1.2479272727272728,1.244218181818182,95.18666666666667,32368.265454545453
1177,345.34,16.9876,5.595,5.9874,,5.4052,1.7904,1.8828,,1.9872,78.26,34918.44
1178,352.78915662650604,16.973493975903615,4.519578313253012,5.071204819277109,3.665843373493976,3.716867469879518,1.2307228915662651,1.8289156626506025,1.3434939759036144,1.9301204819277107,95.76506024096386,31601.307228915663
1184,217.55555555555554,13.953333333333333,2.862222222222222,4.162222222222223,3.7533333333333334,3.1755555555555555,2.16,2.966666666666667,2.64,2.606666666666667,129.11111111111111,38109.555555555555
1192,369.0881427072403,18.05938090241343,3.790598111227702,4.709622245540399,6.178352570828961,3.3808079748163693,1.3648268625393496,1.3159706190975864,1.953305351521511,1.8367051416579225,119.28541448058762,34349.86778593914
1197,339.64,18.3202,4.3488,5.192,4.4364,4.343,1.7196,1.6908,1.3763999999999998,1.5852000000000002,94.76,32670.68
1198,246.6085409252669,15.394341637010676,2.99214709371293,4.811043890865955,4.702645314353499,2.888505338078292,1.519572953736655,2.034733096085409,2.2294661921708188,2.21508896797153,105.84697508896797,34403.85053380783
1200,349.6548463356974,15.51159574468085,4.197458628841607,3.030626477541371,4.0093853427895985,4.2741252955082745,1.4705673758865248,1.7346808510638299,1.264468085106383,1.0919148936170213,103.39479905437352,34883.06855791962
1207,404.99076517150394,16.87481530343008,3.870118733509235,4.280883905013193,3.7683377308707127,4.955474934036939,1.364168865435356,1.7395250659630606,1.554221635883905,1.6101055408970977,99.70580474934037,32878.482849604225
1212,313.99093655589127,18.27904833836858,0.0,6.727220543806647,6.995105740181269,4.556722054380665,2.205407854984894,0.0,2.074259818731118,2.1570996978851964,81.08459214501511,38730.681268882174
1219,354.7482710926694,18.934163208852006,4.979059474412172,4.402392807745505,4.724163208852006,4.828547717842324,2.0480497925311205,2.259585062240664,1.5594190871369296,1.6118672199170125,98.52973720608576,37328.32365145228
1223,210.66117216117217,12.752619047619048,2.733946886446886,3.9421611721611725,2.863021978021978,3.213489010989011,1.944065934065934,1.831959706959707,1.9751098901098902,2.207087912087912,99.28388278388279,24070.740842490843
1231,282.9487632508834,18.962597173144875,4.632208480565371,4.71404593639576,4.531325088339223,5.0850176678445225,2.0581272084805655,2.1513074204947,1.7043816254416961,1.8295759717314486,95.60247349823321,27638.16961130742
1232,400.88212435233163,17.08761658031088,3.6534455958549223,4.6814896373057,4.703678756476684,4.049002590673575,1.3371761658031087,1.0920466321243523,1.5413471502590674,1.6854404145077722,97.9261658031088,33652.331606217616
1233,294.36204744069914,16.91652933832709,3.6201747815230965,4.6252184769038704,4.726591760299626,3.9445443196004994,1.9763295880149812,1.910561797752809,1.6447191011235955,1.6737078651685395,100.84394506866417,33234.76404494382
1235,433.49214026602175,17.868295042321645,5.769226118500604,6.538403869407497,,5.560665054413543,1.9279806529625152,1.3207980652962514,,2.0346311970979447,81.91293833131802,34172.39782345828
1236,454.93078758949883,18.687935560859188,4.238926014319809,5.214868735083533,4.855298329355608,4.3788424821002385,1.5423866348448687,1.3322434367541767,1.240525059665871,1.159689737470167,93.01670644391407,35207.224343675414
1237,345.6775,17.9724,4.569325,4.59365,5.095,3.714425,1.8779249999999998,2.1393,1.476375,1.976475,97.2725,37482.5725
1240,328.4581280788177,16.246264367816092,3.8253448275862074,4.102011494252873,4.61551724137931,3.7033908045977006,1.4942857142857142,1.3629556650246304,1.6039901477832512,1.4287192118226602,96.32019704433498,25870.871100164204
1241,240.37750653879687,17.480810810810812,3.325806451612903,5.024542284219703,5.203618134263296,3.9268439407149085,2.0734263295553617,2.346852659110724,2.243225806451613,2.399267654751526,99.01220575414123,29234.80470793374
1243,232.40753424657535,17.741986301369863,3.7926198630136985,5.089674657534246,4.620565068493151,4.239126712328767,2.1986301369863015,2.2224657534246575,2.1601027397260273,2.171404109589041,97.28424657534246,35567.59417808219
1244,254.33616118769882,17.032661717921528,3.99288441145281,4.515832449628844,4.992163308589607,3.531781548250265,2.840933191940615,2.873001060445387,2.828271474019088,1.7198303287380698,95.16542948038176,34623.428419936376
1245,305.4350064350064,19.537734877734877,3.982406692406692,5.434749034749035,6.11976833976834,4.000810810810811,1.9953667953667955,2.309189189189189,1.9625482625482626,2.3146718146718146,100.12483912483913,36403.002574002574
1246,285.5813953488372,14.116360465116278,1.9257674418604651,4.901383720930232,3.3231046511627906,3.9661046511627904,1.8743023255813955,1.1405581395348836,1.4640697674418603,1.6275348837209302,96.88372093023256,24561.555813953488
1252,548.8333333333334,22.0218407960199,5.543731343283582,5.596592039800995,5.927835820895522,4.953681592039802,1.6286567164179104,1.371492537313433,1.1256716417910448,1.349402985074627,94.59950248756219,42100.02736318408
1255,297.9192708333333,18.583645833333332,4.057135416666667,4.848684895833333,5.524114583333334,4.1537109375000005,1.6538281250000002,1.71765625,1.9775,1.811328125,95.83072916666667,37331.34765625
1258,263.73732718894007,18.049562211981566,4.506451612903225,4.182096774193548,4.292165898617512,5.068847926267281,2.0123502304147465,2.0650230414746544,2.221935483870968,1.9817972350230415,106.35483870967742,36669.30414746544
1259,315.0256797583082,17.652462235649548,4.399365558912387,4.7800453172205435,4.46880664652568,4.004244712990936,1.7963746223564956,1.5310876132930513,1.4096374622356496,1.5844712990936558,97.81419939577039,31833.214501510574
1261,357.71634615384613,18.151802884615385,3.844014423076923,5.436201923076923,5.618461538461539,3.253125,1.5336057692307692,1.9329807692307692,1.5998076923076923,1.7264423076923079,95.45673076923077,28360.891826923078
1262,468.22535211267603,18.948591549295777,5.729718309859155,4.138028169014085,2.881455399061033,6.199389671361502,1.5709859154929577,1.5174647887323944,1.08,1.3388732394366198,105.01408450704226,32663.197183098593
1263,257.7248322147651,15.373120805369126,2.889463087248322,4.337432885906041,4.259614093959732,3.8866107382550337,1.7163422818791947,1.5469127516778525,1.7438255033557046,1.689060402684564,98.24832214765101,26276.11409395973
1264,201.075382803298,14.37720848056537,3.458127208480565,4.02321554770318,3.233439340400471,3.6624263839811544,2.323816254416961,2.428833922261484,2.2458657243816256,2.102332155477032,99.06595995288575,32603.459363957598
1266,435.9895591647332,17.94415313225058,3.7621693735498845,5.782459396751739,4.8952088167053365,3.504315545243619,1.5854756380510442,1.2027146171693737,1.5587935034802785,1.2853364269141532,99.06844547563806,35854.41415313225
1267,421.6524390243902,18.352225609756097,4.906509146341463,4.717012195121951,3.9640701219512193,4.764634146341463,1.3352743902439024,1.4957926829268293,1.1566463414634147,1.2935670731707318,99.6890243902439,33798.33993902439
1268,221.7826086956522,15.530652173913042,3.264130434782609,4.104782608695652,4.306739130434783,3.8550000000000004,2.28,2.393478260869565,2.402608695652174,2.675217391304348,100.3913043478261,28903.978260869564
1270,325.37142857142857,14.980857142857143,5.383,4.953114285714285,0.0,4.644742857142857,2.9130857142857143,3.101828571428572,0.0,2.0761714285714286,90.34285714285714,36992.40857142857
1271,377.77415458937196,19.648925120772947,4.948478260869566,4.869661835748792,5.072342995169081,4.758442028985507,1.7966666666666669,2.2447826086956524,1.5261594202898552,1.4132608695652176,95.41425120772946,38502.871980676326
1272,401.9017341040462,17.262326589595375,5.8569942196531795,0.5525,5.819017341040463,5.583121387283237,1.506936416184971,2.6471965317919075,1.928150289017341,0.51,82.43352601156069,34535.31936416185
1273,301.79891304347825,17.411608695652173,4.0853152173913045,4.378608695652174,4.874423913043478,4.0732608695652175,1.7002826086956522,1.7375217391304347,1.6762826086956522,1.7431956521739131,94.20108695652173,35200.57608695652
1274,258.703743315508,13.905839572192512,2.5668556149732624,4.251454545454545,4.171005347593582,2.916524064171123,1.4730481283422459,1.3952085561497325,1.9057540106951874,1.8521711229946525,96.35508021390375,32441.073796791443
1276,352.84537968892954,18.18310155535224,4.000905763952424,4.797465690759378,5.561344922232388,3.8233851784080515,1.5090027447392498,1.5832753888380604,1.7581152790484904,1.3905946935041171,97.45654162854528,30590.951509606588
1277,365.10136452241716,13.769044834307993,5.7930019493177385,,7.976042884990253,,,2.260701754385965,2.0221052631578944,,63.67056530214425,29045.171539961015
1279,262.66788766788767,16.81142857142857,2.6313308913308915,4.988046398046398,5.957716727716727,3.2343345543345543,1.944981684981685,1.667912087912088,2.238168498168498,2.3649084249084247,97.25885225885226,31801.2442002442
1281,286.91523713420787,17.08803229061554,4.317991927346116,4.298052472250252,4.1542179616548935,4.317769929364278,1.9002018163471242,1.9541473259334006,1.5859132189707368,1.5405045408678104,95.7891019172553,35206.307769929364
1282,247.63199105145415,15.874485458612977,4.961107382550335,,6.357885906040268,4.555492170022371,2.416912751677852,2.194765100671141,2.5967785234899328,,83.77740492170022,28802.690156599554
1283,225.83294930875576,14.719781105990783,3.2246082949308756,4.147891705069124,4.405345622119816,2.9419354838709677,1.8069815668202764,2.2559447004608297,2.159654377880184,2.130483870967742,96.9089861751152,29320.867511520737
1284,345.27789934354485,18.46177242888403,6.051925601750547,4.36858407079646,4.761378555798687,5.488074398249453,1.8312472647702407,1.8140481400437636,1.6738293216630198,1.7333628318584071,89.0328227571116,29863.57111597374
1286,295.53799392097267,16.547203647416413,3.711276595744681,4.43176291793313,4.932735562310031,3.471428571428571,1.4416413373860182,1.5939209726443768,1.8687537993920975,2.0781155015197568,96.92401215805471,29369.006079027356
1288,527.1636863823934,19.07812929848693,4.168734525447043,5.183314993122421,4.634800550206327,5.091279229711142,1.3282530949105915,1.0881705639614856,1.272792297111417,1.357716643741403,98.75103163686383,38099.02475928473
1291,237.01385681293303,14.375612009237877,2.5884872979214784,3.4360854503464204,4.578706697459584,3.7723325635103926,2.4534872979214777,1.955473441108545,1.9605311778290992,1.75635103926097,96.72748267898383,29210.49884526559
1293,337.15691868758915,16.687517831669044,4.870356633380884,3.680855920114123,3.463409415121255,4.672895863052782,1.5314122681883025,1.6913837375178318,1.7761198288159772,1.7504422253922967,95.85306704707561,34578.93437945792
1294,265.63529411764705,17.25313725490196,4.111607843137255,5.826549019607843,3.8522745098039217,3.462705882352941,1.8861176470588235,1.8291764705882352,1.992705882352941,2.7694117647058825,105.18823529411765,33707.901960784315
1295,291.142091152815,13.891742627345844,,5.336353887399464,5.886890080428954,2.6684986595174265,1.4404825737265414,,1.9346380697050938,1.8572654155495978,77.86595174262735,31755.268096514745
1300,290.76146788990826,15.431376146788992,3.909021406727829,4.2553822629969416,4.388440366972477,2.878532110091743,1.3831192660550458,1.5056880733944955,1.8089908256880733,2.066422018348624,94.74311926605505,29547.183486238533
1305,387.29479768786126,16.165676300578035,5.921294797687861,5.261445086705202,,4.9829364161849705,1.6312369942196532,1.6550982658959539,,1.4030057803468208,81.74566473988439,33270.27167630058
1312,403.0753246753247,18.981376623376622,4.326831168831169,5.066181818181819,5.125155844155844,4.463207792207792,1.6142337662337662,1.4766233766233767,1.2576623376623377,1.4064155844155846,95.7038961038961,32926.87922077922
1314,285.5395299145299,17.048707264957265,3.5941239316239315,5.034412393162393,4.900769230769231,3.519401709401709,1.9910256410256408,1.9335897435897436,1.9642307692307692,1.7687820512820511,103.05021367521367,33320.1655982906
1315,262.02608695652174,14.032347826086957,3.016695652173913,3.7160869565217394,4.067130434782609,3.2324347826086957,1.720695652173913,1.7019130434782608,1.613217391304348,1.6017391304347826,96.40869565217392,32476.704347826086
1319,252.3943661971831,10.979295774647888,1.4009859154929578,5.4271830985915495,4.0718309859154935,0.563,1.492,1.8625352112676057,2.203943661971831,2.4067605633802818,83.09859154929578,33832.140845070426
1320,340.353811149033,15.746723549488056,3.5638794084186576,4.371865756541524,4.4716837315130835,3.339294653014789,1.2562457337883959,1.270716723549488,1.4408646188850966,1.5084641638225256,99.57792946530148,39624.36632536974
1321,241.27358490566039,18.071084905660378,4.082735849056603,4.182405660377358,5.099481132075471,4.706462264150943,2.41188679245283,2.43311320754717,2.189716981132076,2.465660377358491,98.34905660377359,31802.22641509434
1323,258.1372549019608,12.818954248366012,3.7611111111111115,4.592287581699346,4.4655555555555555,,,1.7843137254901962,1.7811764705882351,1.8964705882352944,80.29411764705883,36241.163398692814
1325,256.5681818181818,13.168090909090909,0.778,5.510681818181817,2.3525454545454543,5.251818181818182,2.4526363636363637,1.54,1.7915454545454546,2.231181818181818,80.79545454545455,31974.263636363637
1328,187.6593023255814,13.139162790697675,2.85903488372093,3.576081395348837,3.3671395348837208,3.336906976744186,2.207860465116279,2.7067674418604653,2.029953488372093,2.188395348837209,95.66627906976744,29182.690697674418
1329,273.3,13.398733333333334,3.4350571428571426,3.5134190476190477,3.395238095238095,3.0550190476190475,1.262,1.4636571428571428,1.4609142857142858,1.7336571428571428,95.61428571428571,33942.28666666667
1334,383.69945355191254,15.87662568306011,3.3789890710382515,4.213374316939891,3.7288661202185795,4.555396174863389,1.4052459016393444,1.0852459016393443,1.4342622950819675,1.436639344262295,98.59562841530055,32124.176229508197
1335,235.14728682170542,18.23018087855297,3.9577906976744184,5.074276485788113,5.358010335917313,3.8401033591731264,1.987674418604651,2.0808527131782943,2.108527131782946,2.5233333333333334,96.24806201550388,34983.87338501292
1352,251.41803278688525,16.241569086651054,4.138196721311475,4.00480093676815,4.397435597189696,3.701135831381733,2.130843091334895,2.0508899297423886,1.7344496487119438,1.8276814988290397,102.68032786885246,36851.8700234192
1354,268.9023709902371,13.316973500697351,4.152370990237099,0.0075,4.660055788005579,4.504504881450488,2.0543096234309624,1.9594142259414227,1.7828451882845187,0.105,80.30264993026499,31067.570432357043
1359,331.66596417281346,14.929483667017914,3.763034773445732,3.1213804004214962,4.455690200210748,3.589378292939937,1.574035827186512,1.5639831401475237,1.3524973656480506,1.4331085353003161,102.18018967334037,31637.291886195995
1360,369.07902298850576,14.35875,3.7729310344827587,3.4899856321839082,3.380761494252874,3.71507183908046,1.2525862068965516,1.1860344827586207,1.2818103448275862,1.4891379310344828,112.30028735632185,32735.287356321838
1362,216.3959227467811,13.405525751072963,3.220160944206009,3.6070386266094423,3.592875536480687,2.985450643776824,2.2223819742489272,1.7743133047210302,1.9879828326180258,2.07637339055794,97.83154506437768,31731.03540772532
1364,254.6969696969697,17.596681818181818,3.4785303030303028,5.421333333333333,5.142772727272727,3.5540454545454545,2.027727272727273,1.8913636363636364,2.228727272727273,2.1020909090909092,97.84848484848484,38621.162121212124
1365,185.58544652701212,15.198930540242559,4.054487320837928,3.8957111356119074,3.122359426681367,4.126372657111356,2.735986769570011,2.6798235942668134,2.3067254685777288,2.3152590959206174,98.8026460859978,38589.13671444322
1370,279.41507024265644,15.173780332056193,3.6469604086845466,4.139974457215836,3.901494252873563,3.485351213282248,1.597241379310345,1.654712643678161,1.719616858237548,1.6775478927203065,96.1404853128991,32739.114942528737
1371,396.466966966967,13.344894894894896,1.9637687687687686,4.1546396396396394,4.445420420420421,2.781066066066066,0.9415315315315315,0.9136936936936937,1.1944144144144144,1.2373873873873875,96.23573573573573,36027.23273273273
1372,280.6572265625,14.625625,3.39755859375,3.851259765625,3.67853515625,3.698271484375,1.61431640625,1.4708203125,1.87177734375,1.755703125,98.8544921875,33913.1796875
1376,233.98949579831933,12.239012605042015,2.969453781512605,3.227153361344538,3.173855042016807,2.8685504201680674,1.8915756302521007,1.7629411764705882,1.4574579831932772,1.582563025210084,104.58193277310924,28377.470588235294
1380,190.8385093167702,12.27888198757764,2.921826086956522,3.55632298136646,3.129018633540373,2.6717142857142857,2.0215900621118013,1.9162732919254657,1.7483478260869567,1.9396024844720499,99.77018633540372,31530.28447204969
1385,307.74474474474476,15.386876876876876,3.683573573573574,4.0534084084084085,3.685975975975976,3.963918918918919,1.5403603603603606,1.4497297297297298,1.6980180180180182,1.4119819819819819,96.21921921921921,35500.576576576575
1389,446.73344947735194,16.817491289198607,6.431533101045296,0.9261672473867596,3.330731707317073,6.129059233449477,1.4470034843205575,1.5693031358885017,1.0897212543554007,0.849616724738676,95.25261324041811,45123.606271777004
1391,245.97830802603036,12.90056399132321,3.634349240780911,2.7656832971800434,3.2506507592190887,3.249880694143167,2.0012147505422995,1.7722125813449023,1.6936659436008676,1.3044468546637744,95.54013015184381,31920.669197396965
1395,406.57741347905284,12.841001821493625,4.2894171220400725,3.8832240437158467,4.668014571948998,0.06333333333333334,0.27999999999999997,1.2051366120218578,1.2678688524590163,1.1554098360655736,81.51001821493625,28310.377049180326
1396,290.12762973352034,13.788793828892006,0.15333333333333332,4.739032258064516,4.776998597475456,4.272117812061711,2.033267882187938,0.7999999999999999,1.7277980364656382,1.9474333800841515,82.83169705469845,34101.67040673212
1397,202.5275229357798,13.028807339449543,2.7485091743119265,3.795928899082569,3.4825229357798166,3.0018463302752294,2.1930963302752295,2.1785779816513764,1.9427064220183485,2.045504587155963,96.5091743119266,32609.852064220184
1398,317.60353535353534,13.713131313131312,3.369419191919192,3.736792929292929,3.4728535353535355,3.134065656565656,1.4184848484848485,1.3576515151515152,1.700530303030303,1.8254545454545454,98.98737373737374,34496.79797979798
1399,387.525783619818,13.747239635995957,2.9909201213346814,4.3440343781597575,3.1613549039433773,3.2509302325581397,1.3499089989888775,1.3121739130434782,1.071627906976744,1.2334883720930234,98.66228513650152,31930.487360970677
1400,343.7358490566038,15.601765498652291,3.797021563342318,3.822870619946092,3.9817520215633424,4.0001212938005395,1.9018059299191377,1.598247978436658,1.5040431266846361,1.2317789757412398,95.99460916442048,33720.96900269542
1401,194.41002949852506,12.213377581120945,3.3439970501474927,2.260103244837758,3.4677433628318584,3.141533923303835,2.4290265486725664,2.4557522123893807,2.0886725663716814,1.6721238938053098,103.99705014749263,34847.73008849558
1404,152.6432119205298,9.993245033112583,2.021100993377483,3.0917963576158938,2.7827069536423843,2.0976407284768213,2.31591059602649,2.151109271523179,2.3993543046357617,2.308708609271523,99.22764900662251,24050.35844370861
1405,249.41097424412095,10.533796192609183,0.01,4.00080627099664,2.859216125419933,3.6737625979843225,1.6865845464725646,0.06,1.2995744680851065,1.8881522956326988,76.86002239641657,27279.00895856663
1406,220.37272727272727,11.266454545454545,2.706651515151515,3.540469696969697,2.0781969696969695,2.941136363636364,1.8345454545454545,2.0935454545454544,1.6081818181818184,1.8457272727272729,100.99090909090908,32488.76818181818
1407,278.12883435582825,13.704509202453988,2.7532515337423313,4.055102249488752,4.0149897750511245,2.8811656441717792,1.4676687116564415,1.423803680981595,1.4598773006134969,1.4899386503067487,97.57668711656441,35165.46421267893
1409,251.67804024496937,12.142099737532808,2.6103324584426946,3.50748031496063,3.3391076115485565,2.6851793525809273,1.203989501312336,1.338740157480315,1.6173753280839895,1.5128608923884515,96.24846894138233,27075.083114610672
1410,385.8688725490196,12.660453431372549,3.47718137254902,5.058651960784314,0.02,4.1245955882352945,1.1263970588235295,1.0426470588235293,0.12,1.6584558823529412,84.42524509803921,34972.25612745098
1412,501.4492350486787,14.058317107093185,4.8478859527121,0.4899860917941586,4.133643949930459,4.586801112656467,1.4375799721835882,1.3076495132127957,0.9697635605006953,0.8185535465924895,95.7134909596662,33606.094575799725
1414,294.16527777777776,13.63738888888889,2.8989583333333333,3.538694444444445,4.005013888888889,3.194722222222222,1.9546666666666666,1.7115833333333332,1.6455,1.3453333333333333,97.08472222222223,33033.14166666667
1417,317.9960106382979,13.894760638297873,4.410372340425532,4.677566489361703,0.01,4.806808510638297,1.8051063829787235,1.7467021276595744,0.12,1.437845744680851,75.03590425531915,32309.860372340427
1418,226.20287539936103,17.674600638977633,4.402188498402555,4.435431309904153,4.443993610223642,4.392987220447285,2.2585303514376998,2.247891373801917,1.9843130990415336,2.1357507987220448,99.2923322683706,41501.23482428115
1419,318.65302491103205,16.504697508896797,3.7186654804270463,4.483523131672597,4.094270462633452,4.208238434163701,1.7233451957295374,1.7155516014234875,1.3564056939501778,1.5044839857651244,98.0373665480427,37602.622775800715
1422,246.24399494310998,12.65691529709229,0.5113527180783818,4.512553729456384,4.291934260429835,3.3410745891276865,2.252692793931732,1.2199494310998735,1.9296333754740833,1.8686978508217447,96.15802781289507,34438.71554993679
1423,216.5812865497076,13.195099415204679,3.2522807017543856,3.1403625730994156,3.607005847953216,3.195450292397661,1.815298245614035,1.9830175438596491,1.8698245614035087,1.6772631578947368,104.68187134502924,33215.78128654971
1424,255.96456692913387,10.304212598425197,2.783490813648294,2.14001312335958,2.2982152230971127,3.0824934383202103,1.3564566929133857,1.502992125984252,1.361732283464567,1.1643307086614174,102.46062992125984,29719.135170603673
1425,458.6600529100529,13.711521164021164,2.7238095238095235,3.7829232804232804,3.978002645502645,3.226785714285714,1.0511904761904762,1.0376984126984128,1.3123809523809524,1.0134126984126983,99.27645502645503,34659.863756613755
1427,223.84093437152393,12.330289210233593,2.3956173526140154,3.550411568409344,3.6128921023359286,2.7713681868743048,1.6196662958843158,1.7261179087875418,1.8591323692992214,2.314238042269188,96.04783092324806,30934.53726362625
1429,346.68068331143235,16.054822601839685,4.207752956636005,3.775873850197109,3.8300131406044677,4.2411826544021025,1.5849934296977661,1.3833902759526937,1.1955847568988174,1.5275164257555849,92.00525624178712,31789.64914586071
1430,493.3101983002833,17.88458923512748,4.509220963172805,5.050014164305949,3.879985835694051,4.445368271954674,1.256600566572238,1.0541643059490085,1.0956373937677053,1.1823796033994334,94.02691218130312,36293.69263456091
1432,257.9571045576408,13.137882037533513,3.1330831099195713,3.349396782841823,3.215563002680965,3.4398391420911527,1.8899195710455765,1.440160857908847,1.4663002680965147,1.4915549597855229,96.73458445040214,32173.29490616622
1433,273.0369955156951,12.34980941704036,2.93835201793722,3.309080717488789,2.9073991031390136,3.1949775784753363,1.3937892376681613,1.4289013452914798,1.3409865470852018,1.4994618834080717,100.21412556053812,29498.954035874438
1434,360.5042372881356,18.738629943502826,4.609887005649718,4.827669491525424,4.228149717514125,5.072923728813559,1.7151694915254236,1.6679661016949154,1.4239830508474576,1.3958474576271187,96.61440677966101,38463.39548022599
1435,239.66839378238342,13.153445595854924,3.212059585492228,3.1316450777202074,3.3229533678756478,3.4867875647668396,1.704637305699482,1.9069948186528498,1.3632124352331607,1.8680829015544043,96.54922279792746,35027.62046632124
1436,255.59139784946237,13.47142174432497,3.610931899641577,3.406535244922342,2.741899641577061,3.71205495818399,1.6346236559139786,1.609820788530466,1.354336917562724,1.5706093189964156,99.89247311827957,33201.04181600956
1437,279.9324942791762,13.548878718535468,2.850423340961098,4.03104118993135,3.9375171624713956,2.7298970251716246,1.3245995423340962,1.315400457665904,1.5211441647597255,1.550183066361556,101.14302059496568,39158.6647597254
1440,261.33639143730886,8.035902140672782,,3.3679816513761467,2.5460091743119264,2.1219113149847093,0.9290825688073394,,1.330183486238532,1.3955963302752294,80.13149847094802,27992.837920489295
1441,303.759375,10.494859375,2.522625,3.265234375,1.6506562500000002,3.05634375,1.3331250000000001,1.171875,1.513875,1.7803125000000002,95.803125,33990.6359375
1442,280.394540942928,12.94801488833747,2.948734491315136,3.3291066997518612,3.573002481389578,3.0971712158808935,1.4328535980148882,1.6485856079404466,1.6180645161290323,1.245409429280397,99.55583126550869,34172.828784119105
1443,440.01960784313724,12.780928104575164,3.320771241830065,3.4738954248366016,1.558954248366013,4.427307189542484,1.3011764705882352,1.284235294117647,0.9210196078431373,0.9550588235294117,94.72549019607843,34628.081045751635
1447,357.4896193771626,13.083321799307958,3.5253979238754325,3.1927854671280276,3.350197802197802,3.727871972318339,1.4063667820069203,1.483598615916955,1.1597802197802198,1.0736678200692042,97.38927335640139,30955.356401384084
1449,240.29202037351442,16.325551782682513,4.020577249575552,4.641018675721562,4.0683870967741935,3.5955687606112052,2.13509337860781,2.427249575551783,1.7398471986417656,2.143803056027165,95.15789473684211,33863.4363327674
1451,195.7797356828194,9.490396475770925,2.2014757709251103,2.6066079295154188,2.378083700440529,2.3042290748898675,1.8181057268722467,1.7373568281938325,1.470396475770925,1.4565198237885462,102.50220264317181,27060.218061674008
1453,236.01984126984127,13.228769841269841,1.8547222222222222,4.441309523809524,3.692936507936508,3.2398015873015873,2.0976190476190477,1.9752380952380952,1.7252380952380952,1.9235714285714287,100.17063492063492,30748.13888888889
1454,454.4,14.62156862745098,3.6595686274509807,3.4768627450980394,3.5943529411764708,3.89078431372549,1.228235294117647,1.239450980392157,0.9761568627450979,0.9816470588235294,103.01176470588236,34382.76470588235
1455,218.15107913669064,11.664208633093525,3.7204496402877703,3.920143884892086,4.0236151079136695,,,1.9155755395683451,2.052302158273381,2.016474820143885,82.06474820143885,34534.5
1456,274.1078431372549,10.060539215686275,2.379093137254902,2.6887990196078433,2.495,2.4976470588235293,1.366029411764706,1.1376470588235292,1.2373529411764705,1.300735294117647,97.65686274509804,27133.745098039217
1457,279.76218787158143,15.558894173602855,3.7636623067776456,3.5274791914387635,4.699048751486326,3.5687039239001193,1.7282282996432818,1.8653507728894174,1.735434007134364,1.7266587395957196,97.43162901307967,34750.379310344826
1458,217.912147505423,13.782798264642082,2.9132142857142855,4.473980477223428,4.964490238611714,4.2558568329718005,2.2254663774403474,1.95,2.415097613882863,2.1685683297180045,78.57375271149675,33050.30043383948
1460,403.7477360931436,11.450491591203104,2.4780983182406207,3.4291591203104783,3.078939197930142,2.464294954721863,1.0496507115135834,0.9619404915912032,1.0219922380336353,1.0381630012936611,98.76196636481242,31109.411384217336
1461,231.13458950201886,13.488034993270526,3.1714939434724094,3.667752355316285,3.2430551816958277,3.4057335127860027,1.5797039030955586,1.7171467025572005,1.5268102288021534,1.829878869448183,98.34051144010768,32097.663526244953
1462,176.58467741935485,14.511169354838708,3.8855107526881723,3.6299462365591397,3.5174596774193545,3.4782526881720432,2.871290322580645,2.922741935483871,2.1657258064516127,2.458467741935484,96.15725806451613,33712.040322580644
1463,449.4353741496599,19.7243537414966,4.376530612244898,5.385442176870748,5.730272108843538,4.232108843537415,1.213877551020408,1.3885714285714286,1.3004081632653062,1.623265306122449,97.50340136054422,41456.5850340136
1465,365.83778966131905,11.863137254901961,2.789536541889483,3.5402495543672012,3.3012121212121213,2.232139037433155,1.0847058823529412,1.273475935828877,1.1395721925133688,1.1207486631016044,97.2638146167558,34002.44028520499
1468,347.6002621231979,14.860681520314548,3.3207208387942333,4.439750982961993,3.8286369593709044,3.2715727391874183,1.2298034076015727,1.3972214941022278,1.3112712975098295,1.3535779816513762,96.54128440366972,38356.91349934469
1470,187.69642857142858,9.979464285714286,2.5364285714285715,2.410625,2.557142857142857,2.4752678571428572,1.9130357142857142,1.9896428571428573,1.5680357142857144,1.9896428571428573,102.125,29041.991071428572
1471,233.29988052568697,14.418673835125448,3.300764635603345,3.645005973715651,4.286881720430108,3.1860215053763437,1.6121863799283156,1.7892473118279568,2.009247311827957,1.6559856630824372,97.3094384707288,32512.25806451613
1472,405.8267716535433,10.063622047244094,2.447716535433071,2.2725984251968505,2.45748031496063,2.8858267716535435,1.058267716535433,1.1314960629921258,0.9222047244094489,0.8976377952755905,102.04724409448819,33790.34645669291
1473,242.76476793248946,15.255727848101266,2.690516877637131,4.831751054852321,4.911930379746836,2.821529535864979,1.9091772151898736,1.4946202531645572,1.9720253164556962,2.1215822784810126,94.38713080168776,32220.733122362868
1474,282.6804733727811,16.030414201183433,3.3934615384615383,4.438801775147929,4.438565088757396,3.759585798816568,1.710976331360947,1.9100591715976332,1.5867159763313607,1.6521301775147927,95.51479289940828,38078.60059171598
1475,233.33364140480592,17.06677449168207,3.5469316081330873,4.917439926062847,5.073003696857671,3.5293992606284657,2.399500924214418,2.6429390018484287,2.556155268022181,2.2156746765249538,96.61090573012939,33874.307763401106
1476,347.0,9.064186046511628,2.336046511627907,1.9886046511627908,2.291279069767442,2.4482558139534887,1.0130232558139536,1.1337209302325582,0.883953488372093,0.8553488372093023,106.48837209302326,32498.523255813954
1477,378.311797752809,11.581207865168539,0.15,4.586980337078652,4.098792134831461,2.8945926966292133,1.3193258426966292,0.54,1.1241573033707866,1.309185393258427,76.40730337078652,33589.32584269663
1478,199.60747663551402,12.358998664886515,2.8968357810413887,3.2954205607476634,2.935807743658211,3.230934579439252,2.080053404539386,1.7606675567423231,1.6131909212283044,1.9131108144192257,94.30440587449934,31748.667556742323
1479,385.4870317002882,14.718357348703169,3.7681268011527376,3.6067723342939484,3.2616330451488955,4.081825168107589,1.3692795389048993,1.177098943323727,1.1115658021133525,1.21014409221902,96.12680115273776,31471.161383285304
1480,455.7142857142857,14.543035714285713,3.0616071428571425,3.9751785714285717,4.144821428571428,3.3614285714285717,0.9846428571428572,0.9610714285714286,0.9578571428571429,1.332857142857143,100.35714285714286,40799.71428571428
1483,242.61302681992336,14.947994891443168,3.5607407407407408,3.785836526181354,4.373243933588761,3.2281736909323113,2.4253639846743296,2.146590038314176,1.7957854406130267,2.005287356321839,98.22988505747126,32211.033205619413
1484,218.57127429805615,12.441447084233262,3.3807991360691143,2.9777321814254862,2.489330453563715,3.593585313174946,1.7556155507559397,1.8432829373650108,1.4024838012958964,1.6153347732181425,92.37904967602591,31311.183585313174
1485,364.36235595390525,14.883623559539053,3.2964916773367476,4.2555185659411014,3.774007682458387,3.5576056338028166,1.5245070422535212,1.2753649167733674,1.3979769526248398,1.3123175416133164,99.65813060179258,32058.175416133163
1486,193.83125,10.8856875,2.6850625,2.8569375,2.5521249999999998,2.7915625,1.744125,1.67025,2.480625,2.134875,93.79375,31800.4625
1487,279.3574193548387,15.446851612903226,3.38461935483871,4.451754838709678,4.2623354838709675,3.348141935483871,1.554348387096774,1.4298580645161292,1.5794322580645161,1.783741935483871,102.3974193548387,32866.87225806452
1489,290.3623639191291,16.635396578538103,3.8148055987558322,4.46293934681182,4.40791601866252,3.949735614307931,1.8401244167962676,2.1183825816485227,1.744945567651633,1.632410575427683,109.57542768273717,36777.1866251944
1495,211.34782608695653,10.53695652173913,2.731521739130435,2.4191304347826086,2.4732608695652174,2.9130434782608696,1.8821739130434783,1.9004347826086956,1.4686956521739132,1.3591304347826088,100.3913043478261,39553.32608695652
1501,263.775,13.026499999999999,3.13425,3.37825,3.2087499999999998,3.30525,1.8465,1.677,1.5779999999999998,1.7414999999999998,97.725,41611.8
1503,319.52941176470586,16.081323529411765,3.8550267379679144,4.0236363636363635,4.151149732620321,4.051510695187166,2.0749732620320853,2.0831550802139036,1.3775133689839574,1.4233155080213906,97.90374331550802,38997.80614973262
1504,425.97042253521124,13.171338028169014,2.7797887323943664,3.4858591549295777,3.4519154929577467,3.453774647887324,1.0586197183098591,0.9453802816901409,1.156394366197183,1.1292676056338027,92.98732394366198,33543.94929577465
1507,318.64285714285717,5.433571428571428,0.6342857142857143,0.13285714285714284,2.4414285714285713,2.2914285714285714,1.2814285714285716,0.9857142857142858,1.3714285714285714,0.6,88.5,43035.78571428572
1511,249.42857142857142,6.834285714285714,1.7485714285714287,1.7057142857142857,1.4857142857142858,1.8942857142857144,1.6542857142857144,1.8085714285714285,1.5942857142857143,1.8085714285714285,136.28571428571428,36587.42857142857
