animal_number,kickoff_lf_sum,kickoff_lr_sum,kickoff_rf_sum,kickoff_rr_sum,kickoff_front_sum,kickoff_back_sum,kickoff_any_sum,total_yield,total_visits,kickoff_lf_perc,kickoff_lr_perc,kickoff_rf_perc,kickoff_rr_perc,kickoff_front_perc,kickoff_back_perc,kickoff_any_perc
454,5,38,3,18,8,51,53,11622.23,651,0.7680491551459293,5.837173579109063,0.4608294930875576,2.7649769585253456,1.228878648233487,7.834101382488479,8.141321044546851
571,2,13,5,13,7,21,23,1102.89,64,3.125,20.3125,7.8125,20.3125,10.9375,32.8125,35.9375
627,0,0,0,0,0,0,0,4841.9,250,0.0,0.0,0.0,0.0,0.0,0.0,0.0
628,0,0,0,1,0,1,1,1314.18,79,0.0,0.0,0.0,1.2658227848101267,0.0,1.2658227848101267,1.2658227848101267
686,1,9,1,6,2,15,16,20687.2,1016,0.09842519685039369,0.8858267716535433,0.09842519685039369,0.5905511811023622,0.19685039370078738,1.4763779527559056,1.574803149606299
703,1,2,4,0,4,2,6,11946.1,658,0.1519756838905775,0.303951367781155,0.60790273556231,0.0,0.60790273556231,0.303951367781155,0.911854103343465
722,0,1,0,0,0,1,1,20737.51,895,0.0,0.11173184357541899,0.0,0.0,0.0,0.11173184357541899,0.11173184357541899
723,0,0,0,0,0,0,0,1279.05,82,0.0,0.0,0.0,0.0,0.0,0.0,0.0
729,6,14,1,9,7,21,21,20004.29,896,0.6696428571428571,1.5625,0.11160714285714285,1.0044642857142858,0.78125,2.34375,2.34375
736,4,7,3,4,7,11,14,13230.75,801,0.4993757802746567,0.8739076154806492,0.37453183520599254,0.4993757802746567,0.8739076154806492,1.373283395755306,1.7478152309612984
738,6,3,1,1,7,4,5,10366.02,851,0.7050528789659225,0.35252643948296125,0.11750881316098707,0.11750881316098707,0.8225616921269095,0.4700352526439483,0.5875440658049353
747,3,21,6,6,8,27,32,13483.5,698,0.42979942693409745,3.0085959885386817,0.8595988538681949,0.8595988538681949,1.146131805157593,3.8681948424068766,4.584527220630372
764,5,3,3,1,8,4,7,12333.85,733,0.6821282401091405,0.4092769440654843,0.4092769440654843,0.1364256480218281,1.0914051841746248,0.5457025920873124,0.9549795361527967
778,0,0,2,0,2,0,2,1913.84,163,0.0,0.0,1.2269938650306749,0.0,1.2269938650306749,0.0,1.2269938650306749
785,0,0,0,1,0,1,1,1577.73,113,0.0,0.0,0.0,0.8849557522123894,0.0,0.8849557522123894,0.8849557522123894
807,0,2,1,1,1,3,4,4209.09,275,0.0,0.7272727272727273,0.36363636363636365,0.36363636363636365,0.36363636363636365,1.090909090909091,1.4545454545454546
808,0,0,0,0,0,0,0,1472.54,103,0.0,0.0,0.0,0.0,0.0,0.0,0.0
833,0,9,3,2,3,9,10,7592.11,502,0.0,1.7928286852589643,0.5976095617529881,0.398406374501992,0.5976095617529881,1.7928286852589643,1.9920318725099602
837,0,1,0,0,0,1,1,12173.75,695,0.0,0.14388489208633093,0.0,0.0,0.0,0.14388489208633093,0.14388489208633093
842,0,0,2,1,2,1,3,14216.07,863,0.0,0.0,0.2317497103128621,0.11587485515643105,0.2317497103128621,0.11587485515643105,0.34762456546929316
855,0,0,0,0,0,0,0,11289.55,762,0.0,0.0,0.0,0.0,0.0,0.0,0.0
856,2,19,4,11,5,27,29,16472.78,1024,0.1953125,1.85546875,0.390625,1.07421875,0.48828125,2.63671875,2.83203125
861,1,4,2,5,3,9,11,8176.94,606,0.16501650165016502,0.6600660066006601,0.33003300330033003,0.825082508250825,0.49504950495049505,1.4851485148514851,1.8151815181518154
868,0,0,1,3,1,3,4,3400.63,210,0.0,0.0,0.4761904761904762,1.4285714285714286,0.4761904761904762,1.4285714285714286,1.9047619047619049
896,5,1,0,0,5,1,1,12683.63,749,0.6675567423230975,0.13351134846461948,0.0,0.0,0.6675567423230975,0.13351134846461948,0.13351134846461948
897,0,11,1,5,1,15,16,17983.46,1000,0.0,1.0999999999999999,0.1,0.5,0.1,1.5,1.6
902,9,31,0,53,9,59,59,2805.35,173,5.202312138728324,17.91907514450867,0.0,30.63583815028902,5.202312138728324,34.104046242774565,34.104046242774565
904,1,27,2,9,3,35,37,15577.48,868,0.1152073732718894,3.110599078341014,0.2304147465437788,1.0368663594470047,0.3456221198156682,4.032258064516129,4.262672811059908
905,2,2,1,0,3,2,3,14382.15,1050,0.19047619047619047,0.19047619047619047,0.09523809523809523,0.0,0.2857142857142857,0.19047619047619047,0.2857142857142857
912,3,2,1,3,4,5,6,14143.17,762,0.39370078740157477,0.26246719160104987,0.13123359580052493,0.39370078740157477,0.5249343832020997,0.6561679790026247,0.7874015748031495
915,2,20,0,6,2,25,25,17739.43,942,0.21231422505307856,2.1231422505307855,0.0,0.6369426751592357,0.21231422505307856,2.6539278131634823,2.6539278131634823
921,5,1,1,1,6,2,3,12759.62,733,0.6821282401091405,0.1364256480218281,0.1364256480218281,0.1364256480218281,0.8185538881309686,0.2728512960436562,0.4092769440654843
922,0,0,1,1,1,1,2,8986.41,494,0.0,0.0,0.20242914979757085,0.20242914979757085,0.20242914979757085,0.20242914979757085,0.4048582995951417
924,0,3,0,2,0,4,4,5055.26,332,0.0,0.9036144578313252,0.0,0.6024096385542169,0.0,1.2048192771084338,1.2048192771084338
925,1,5,1,4,2,8,9,14296.26,728,0.13736263736263737,0.6868131868131868,0.13736263736263737,0.5494505494505495,0.27472527472527475,1.098901098901099,1.2362637362637363
929,1,0,0,3,1,3,3,666.74,36,2.7777777777777777,0.0,0.0,8.333333333333332,2.7777777777777777,8.333333333333332,8.333333333333332
935,0,1,0,0,0,1,1,14601.38,925,0.0,0.10810810810810811,0.0,0.0,0.0,0.10810810810810811,0.10810810810810811
948,1,7,1,3,2,9,10,18658.22,1260,0.07936507936507936,0.5555555555555556,0.07936507936507936,0.2380952380952381,0.15873015873015872,0.7142857142857143,0.7936507936507936
962,16,3,3,2,19,4,7,15746.16,975,1.641025641025641,0.3076923076923077,0.3076923076923077,0.20512820512820512,1.948717948717949,0.41025641025641024,0.717948717948718
970,5,1,0,4,5,5,5,15973.48,1004,0.49800796812749004,0.099601593625498,0.0,0.398406374501992,0.49800796812749004,0.49800796812749004,0.49800796812749004
971,0,0,0,0,0,0,0,3202.92,204,0.0,0.0,0.0,0.0,0.0,0.0,0.0
973,0,7,0,13,0,18,18,15694.88,877,0.0,0.798175598631699,0.0,1.4823261117445838,0.0,2.0524515393386547,2.0524515393386547
975,0,1,0,1,0,2,2,16959.67,918,0.0,0.10893246187363835,0.0,0.10893246187363835,0.0,0.2178649237472767,0.2178649237472767
978,3,6,8,6,10,10,16,14411.31,950,0.3157894736842105,0.631578947368421,0.8421052631578947,0.631578947368421,1.0526315789473684,1.0526315789473684,1.6842105263157894
981,1,0,1,0,2,0,1,1044.39,76,1.3157894736842104,0.0,1.3157894736842104,0.0,2.631578947368421,0.0,1.3157894736842104
986,0,11,0,2,0,12,12,6149.27,288,0.0,3.8194444444444446,0.0,0.6944444444444444,0.0,4.166666666666666,4.166666666666666
1003,0,2,0,0,0,2,2,6045.22,429,0.0,0.4662004662004662,0.0,0.0,0.0,0.4662004662004662,0.4662004662004662
1023,0,1,0,1,0,1,1,6749.36,346,0.0,0.2890173410404624,0.0,0.2890173410404624,0.0,0.2890173410404624,0.2890173410404624
1039,0,7,0,4,0,11,11,16167.07,690,0.0,1.0144927536231882,0.0,0.5797101449275363,0.0,1.5942028985507246,1.5942028985507246
1040,0,2,0,2,0,2,2,12822.48,545,0.0,0.3669724770642202,0.0,0.3669724770642202,0.0,0.3669724770642202,0.3669724770642202
1057,3,5,6,5,9,9,14,14099.53,721,0.4160887656033287,0.6934812760055479,0.8321775312066574,0.6934812760055479,1.248266296809986,1.248266296809986,1.9417475728155338
1058,2,1,0,1,2,2,2,21285.94,1261,0.1586042823156225,0.07930214115781126,0.0,0.07930214115781126,0.1586042823156225,0.1586042823156225,0.1586042823156225
1061,1,0,0,1,1,1,1,14650.23,796,0.12562814070351758,0.0,0.0,0.12562814070351758,0.12562814070351758,0.12562814070351758,0.12562814070351758
1067,1,3,1,0,2,3,4,12635.32,942,0.10615711252653928,0.3184713375796179,0.10615711252653928,0.0,0.21231422505307856,0.3184713375796179,0.42462845010615713
1074,2,4,2,4,3,6,7,19316.64,1144,0.17482517482517482,0.34965034965034963,0.17482517482517482,0.34965034965034963,0.26223776223776224,0.5244755244755245,0.6118881118881119
1081,0,0,0,0,0,0,0,18163.72,864,0.0,0.0,0.0,0.0,0.0,0.0,0.0
1084,0,1,1,5,1,6,7,13747.14,777,0.0,0.1287001287001287,0.1287001287001287,0.6435006435006435,0.1287001287001287,0.7722007722007722,0.9009009009009009
1089,1,0,1,0,2,0,1,19468.33,1047,0.09551098376313276,0.0,0.09551098376313276,0.0,0.19102196752626552,0.0,0.09551098376313276
1091,2,29,2,12,3,37,37,20473.67,1057,0.1892147587511826,2.7436140018921478,0.1892147587511826,1.1352885525070955,0.28382213812677387,3.5004730368968775,3.5004730368968775
1092,1,2,0,1,1,3,3,13091.52,708,0.14124293785310735,0.2824858757062147,0.0,0.14124293785310735,0.14124293785310735,0.423728813559322,0.423728813559322
1098,1,6,0,6,1,11,11,17873.32,997,0.10030090270812438,0.6018054162487462,0.0,0.6018054162487462,0.10030090270812438,1.103309929789368,1.103309929789368
1100,0,3,1,1,1,4,5,17829.52,905,0.0,0.3314917127071823,0.11049723756906078,0.11049723756906078,0.11049723756906078,0.44198895027624313,0.5524861878453038
1101,1,3,2,0,3,3,5,15524.55,1130,0.08849557522123894,0.2654867256637168,0.17699115044247787,0.0,0.2654867256637168,0.2654867256637168,0.4424778761061947
1102,1,5,0,2,1,6,6,15076.35,826,0.12106537530266344,0.6053268765133172,0.0,0.24213075060532688,0.12106537530266344,0.7263922518159807,0.7263922518159807
1116,1,1,0,4,1,5,5,5205.54,259,0.3861003861003861,0.3861003861003861,0.0,1.5444015444015444,0.3861003861003861,1.9305019305019304,1.9305019305019304
1126,2,3,1,2,2,3,3,13437.39,718,0.2785515320334262,0.4178272980501393,0.1392757660167131,0.2785515320334262,0.2785515320334262,0.4178272980501393,0.4178272980501393
1127,4,13,6,10,10,23,27,19465.93,1114,0.3590664272890485,1.1669658886894074,0.5385996409335727,0.8976660682226212,0.8976660682226212,2.064631956912029,2.423698384201077
1133,0,0,0,0,0,0,0,1529.45,117,0.0,0.0,0.0,0.0,0.0,0.0,0.0
1139,2,11,1,11,3,22,23,14369.66,827,0.24183796856106407,1.3301088270858523,0.12091898428053204,1.3301088270858523,0.36275695284159615,2.6602176541717046,2.781136638452237
1140,0,1,0,0,0,1,1,9754.38,615,0.0,0.16260162601626016,0.0,0.0,0.0,0.16260162601626016,0.16260162601626016
1142,2,0,0,9,2,9,9,12546.75,811,0.2466091245376079,0.0,0.0,1.1097410604192355,0.2466091245376079,1.1097410604192355,1.1097410604192355
1144,2,1,1,2,3,3,4,14341.28,802,0.24937655860349126,0.12468827930174563,0.12468827930174563,0.24937655860349126,0.3740648379052369,0.3740648379052369,0.4987531172069825
1145,1,5,0,2,1,7,7,15792.59,882,0.11337868480725624,0.5668934240362812,0.0,0.22675736961451248,0.11337868480725624,0.7936507936507936,0.7936507936507936
1148,1,2,0,3,1,5,5,15653.64,1070,0.09345794392523366,0.1869158878504673,0.0,0.2803738317757009,0.09345794392523366,0.46728971962616817,0.46728971962616817
1151,1,0,0,0,1,0,0,15454.72,977,0.1023541453428864,0.0,0.0,0.0,0.1023541453428864,0.0,0.0
1153,3,18,9,14,12,25,33,15658.35,944,0.31779661016949157,1.9067796610169492,0.9533898305084746,1.4830508474576272,1.2711864406779663,2.6483050847457625,3.4957627118644066
1159,0,15,1,9,1,21,22,15374.32,890,0.0,1.6853932584269662,0.11235955056179776,1.0112359550561798,0.11235955056179776,2.359550561797753,2.4719101123595504
1160,0,2,1,1,1,3,4,684.03,61,0.0,3.278688524590164,1.639344262295082,1.639344262295082,1.639344262295082,4.918032786885246,6.557377049180328
1163,3,150,12,64,14,173,176,15600.44,1058,0.28355387523629494,14.177693761814744,1.1342155009451798,6.049149338374291,1.3232514177693762,16.351606805293006,16.6351606805293
1164,0,7,8,9,8,14,21,17257.31,989,0.0,0.7077856420626896,0.8088978766430739,0.910010111223458,0.8088978766430739,1.4155712841253791,2.1233569261880687
1168,0,0,0,0,0,0,0,3618.47,198,0.0,0.0,0.0,0.0,0.0,0.0,0.0
1170,0,0,0,0,0,0,0,348.28000000000003,29,0.0,0.0,0.0,0.0,0.0,0.0,0.0
1171,2,7,2,1,3,8,10,14828.66,746,0.2680965147453083,0.938337801608579,0.2680965147453083,0.13404825737265416,0.40214477211796246,1.0723860589812333,1.3404825737265416
1172,0,0,0,0,0,0,0,3821.08,220,0.0,0.0,0.0,0.0,0.0,0.0,0.0
1173,2,3,1,9,3,10,11,17198.71,832,0.2403846153846154,0.3605769230769231,0.1201923076923077,1.0817307692307692,0.3605769230769231,1.201923076923077,1.3221153846153846
1177,3,0,0,0,3,0,0,849.38,50,6.0,0.0,0.0,0.0,6.0,0.0,0.0
1178,0,3,0,1,0,4,4,2880.68,172,0.0,1.744186046511628,0.0,0.5813953488372093,0.0,2.3255813953488373,2.3255813953488373
1184,0,0,0,0,0,0,0,125.58,9,0.0,0.0,0.0,0.0,0.0,0.0,0.0
1192,7,42,3,22,10,60,61,18288.72,1051,0.6660323501427212,3.9961941008563278,0.285442435775452,2.093244529019981,0.9514747859181731,5.708848715509039,5.803996194100856
1197,0,0,0,0,0,0,0,916.01,50,0.0,0.0,0.0,0.0,0.0,0.0,0.0
1198,11,32,9,15,18,39,44,13063.19,853,1.2895662368112544,3.751465416178194,1.0550996483001172,1.7584994138335288,2.1101992966002343,4.572098475967175,5.1582649472450175
1200,5,21,3,12,8,30,32,13400.48,871,0.5740528128587831,2.4110218140068884,0.3444316877152698,1.377726750861079,0.9184845005740528,3.4443168771526977,3.6739380022962114
1207,3,2,3,2,6,3,6,12913.21,769,0.3901170351105332,0.26007802340702213,0.3901170351105332,0.26007802340702213,0.7802340702210664,0.3901170351105332,0.7802340702210664
1212,0,0,5,1,5,1,6,12136.93,665,0.0,0.0,0.7518796992481203,0.15037593984962408,0.7518796992481203,0.15037593984962408,0.9022556390977444
1219,4,12,3,11,7,18,20,13983.58,743,0.5383580080753702,1.6150740242261103,0.4037685060565276,1.4804845222072678,0.9421265141318977,2.4226110363391657,2.6917900403768504
1223,3,10,2,2,4,12,14,14073.35,1108,0.2707581227436823,0.9025270758122743,0.18050541516245489,0.18050541516245489,0.36101083032490977,1.083032490974729,1.263537906137184
1231,1,2,3,2,4,3,5,10793.14,571,0.17513134851138354,0.3502626970227671,0.5253940455341506,0.3502626970227671,0.7005253940455342,0.5253940455341506,0.8756567425569177
1232,1,21,0,10,1,27,27,13308.82,782,0.1278772378516624,2.6854219948849107,0.0,1.278772378516624,0.1278772378516624,3.4526854219948846,3.4526854219948846
1233,27,1,8,1,35,2,9,13585.92,804,3.3582089552238807,0.12437810945273632,0.9950248756218906,0.12437810945273632,4.353233830845771,0.24875621890547264,1.1194029850746268
1235,8,8,11,0,18,8,18,14824.59,831,0.9626955475330927,0.9626955475330927,1.3237063778580023,0.0,2.166064981949458,0.9626955475330927,2.166064981949458
1236,5,6,1,2,6,7,7,15672.03,839,0.5959475566150179,0.7151370679380215,0.11918951132300357,0.23837902264600713,0.7151370679380215,0.834326579261025,0.834326579261025
1237,5,3,4,13,9,16,19,14588.52,816,0.6127450980392157,0.3676470588235294,0.49019607843137253,1.5931372549019607,1.1029411764705883,1.9607843137254901,2.3284313725490198
1240,4,10,5,5,9,15,20,19916.56,1231,0.3249390739236393,0.8123476848090982,0.4061738424045491,0.4061738424045491,0.7311129163281885,1.2185215272136474,1.6246953696181965
1241,2,1,4,5,6,5,9,20162.76,1158,0.17271157167530224,0.08635578583765112,0.3454231433506045,0.4317789291882556,0.5181347150259068,0.4317789291882556,0.7772020725388601
1243,2,4,19,5,21,9,27,10488.37,595,0.33613445378151263,0.6722689075630253,3.1932773109243695,0.8403361344537815,3.5294117647058822,1.5126050420168067,4.53781512605042
1244,1,3,0,0,1,3,3,16123.07,949,0.10537407797681769,0.31612223393045313,0.0,0.0,0.10537407797681769,0.31612223393045313,0.31612223393045313
1245,32,24,13,8,44,29,41,15321.41,789,4.055766793409378,3.041825095057034,1.6476552598225602,1.0139416983523446,5.576679340937896,3.67553865652725,5.196451204055767
1246,0,0,1,1,1,1,2,12148.78,862,0.0,0.0,0.11600928074245939,0.11600928074245939,0.11600928074245939,0.11600928074245939,0.23201856148491878
1252,0,3,1,2,1,5,6,8917.01,406,0.0,0.7389162561576355,0.24630541871921183,0.49261083743842365,0.24630541871921183,1.2315270935960592,1.477832512315271
1255,0,7,6,7,6,12,18,14366.66,774,0.0,0.9043927648578811,0.7751937984496124,0.9043927648578811,0.7751937984496124,1.550387596899225,2.3255813953488373
1258,5,2,0,2,5,3,3,7849.32,435,1.1494252873563218,0.45977011494252873,0.0,0.45977011494252873,1.1494252873563218,0.6896551724137931,0.6896551724137931
1259,0,0,2,0,2,0,2,11745.15,667,0.0,0.0,0.29985007496251875,0.0,0.29985007496251875,0.0,0.29985007496251875
1261,0,3,0,7,0,10,10,7666.7,424,0.0,0.7075471698113208,0.0,1.650943396226415,0.0,2.358490566037736,2.358490566037736
1262,1,37,5,16,6,51,55,5481.94,299,0.33444816053511706,12.37458193979933,1.6722408026755853,5.351170568561873,2.0066889632107023,17.05685618729097,18.394648829431436
1263,0,0,0,0,0,0,0,9175.35,597,0.0,0.0,0.0,0.0,0.0,0.0,0.0
1264,208,4,21,7,224,11,30,12267.52,855,24.327485380116958,0.46783625730994155,2.456140350877193,0.8187134502923977,26.198830409356727,1.2865497076023393,3.508771929824561
1266,6,10,5,5,10,12,16,15528.32,869,0.6904487917146145,1.1507479861910241,0.5753739930955121,0.5753739930955121,1.1507479861910241,1.380897583429229,1.8411967779056386
1267,28,33,24,22,45,40,56,12125.53,666,4.2042042042042045,4.954954954954955,3.6036036036036037,3.303303303303303,6.756756756756757,6.006006006006006,8.408408408408409
1268,0,0,0,0,0,0,0,714.41,46,0.0,0.0,0.0,0.0,0.0,0.0,0.0
1270,1,3,0,0,1,3,3,5347.59,361,0.2770083102493075,0.8310249307479225,0.0,0.0,0.2770083102493075,0.8310249307479225,0.8310249307479225
1271,29,1,33,2,61,2,35,16470.72,842,3.44418052256532,0.11876484560570072,3.9192399049881232,0.23752969121140144,7.244655581947744,0.23752969121140144,4.156769596199525
1272,1,0,44,69,44,69,99,12367.66,729,0.1371742112482853,0.0,6.035665294924554,9.465020576131687,6.035665294924554,9.465020576131687,13.580246913580247
1273,1,0,0,1,1,1,1,16038.63,922,0.10845986984815618,0.0,0.0,0.10845986984815618,0.10845986984815618,0.10845986984815618,0.10845986984815618
1274,0,4,0,1,0,5,5,13037.81,939,0.0,0.42598509052183176,0.0,0.10649627263045794,0.0,0.5324813631522897,0.5324813631522897
1276,1,3,2,2,2,4,5,19909.78,1097,0.09115770282588878,0.27347310847766637,0.18231540565177756,0.18231540565177756,0.18231540565177756,0.3646308113035551,0.4557885141294439
1277,1,0,0,4,1,4,4,7073.86,515,0.1941747572815534,0.0,0.0,0.7766990291262136,0.1941747572815534,0.7766990291262136,0.7766990291262136
1279,1,4,2,2,3,6,8,13920.69,833,0.12004801920768307,0.4801920768307323,0.24009603841536614,0.24009603841536614,0.36014405762304924,0.7202881152460985,0.9603841536614646
1281,3,1,11,2,14,3,14,17043.54,999,0.3003003003003003,0.10010010010010009,1.1011011011011012,0.20020020020020018,1.4014014014014013,0.3003003003003003,1.4014014014014013
1282,0,0,0,2,0,2,2,14222.85,900,0.0,0.0,0.0,0.2222222222222222,0.0,0.2222222222222222,0.2222222222222222
1283,2,6,3,4,4,7,8,12851.34,876,0.228310502283105,0.684931506849315,0.3424657534246575,0.45662100456621,0.45662100456621,0.7990867579908676,0.91324200913242
1284,2,0,0,8,2,8,8,8757.99,477,0.41928721174004197,0.0,0.0,1.6771488469601679,0.41928721174004197,1.6771488469601679,1.6771488469601679
1286,0,0,0,0,0,0,0,5534.34,333,0.0,0.0,0.0,0.0,0.0,0.0,0.0
1288,89,384,77,427,142,494,496,14250.69,753,11.819389110225764,50.99601593625498,10.225763612217795,56.70650730411687,18.857901726427624,65.60424966799468,65.86985391766268
1291,2,3,0,11,2,11,11,12525.13,874,0.2288329519450801,0.34324942791762014,0.0,1.2585812356979404,0.2288329519450801,1.2585812356979404,1.2585812356979404
1293,1,1,0,3,1,3,3,11944.8,719,0.13908205841446453,0.13908205841446453,0.0,0.4172461752433936,0.13908205841446453,0.4172461752433936,0.4172461752433936
1294,0,2,0,2,0,4,4,4617.91,271,0.0,0.7380073800738007,0.0,0.7380073800738007,0.0,1.4760147601476015,1.4760147601476015
1295,0,2,1,3,1,4,5,5210.64,377,0.0,0.5305039787798408,0.2652519893899204,0.7957559681697612,0.2652519893899204,1.0610079575596816,1.3262599469496021
1300,0,0,0,6,0,6,6,5233.77,341,0.0,0.0,0.0,1.7595307917888565,0.0,1.7595307917888565,1.7595307917888565
1305,10,64,8,0,18,64,70,14108.34,877,1.1402508551881414,7.297605473204105,0.9122006841505131,0.0,2.0524515393386547,7.297605473204105,7.98175598631699
1312,3,3,1,4,3,6,6,14819.86,787,0.3811944091486658,0.3811944091486658,0.12706480304955528,0.5082592121982211,0.3811944091486658,0.7623888182973316,0.7623888182973316
1314,1,5,1,6,2,10,11,16101.84,948,0.10548523206751054,0.5274261603375527,0.10548523206751054,0.6329113924050633,0.21097046413502107,1.0548523206751055,1.160337552742616
1315,0,0,0,0,0,0,0,1613.72,115,0.0,0.0,0.0,0.0,0.0,0.0,0.0
1319,0,2,0,2,0,4,4,794.73,75,0.0,2.666666666666667,0.0,2.666666666666667,0.0,5.333333333333334,5.333333333333334
1320,6,10,4,15,8,24,26,14138.81,914,0.6564551422319475,1.0940919037199124,0.437636761487965,1.6411378555798686,0.87527352297593,2.62582056892779,2.8446389496717726
1321,0,1,0,2,0,3,3,3909.5,218,0.0,0.45871559633027525,0.0,0.9174311926605505,0.0,1.3761467889908259,1.3761467889908259
1323,2,3,0,1,2,3,3,1972.7,155,1.2903225806451613,1.935483870967742,0.0,0.6451612903225806,1.2903225806451613,1.935483870967742,1.935483870967742
1325,0,0,0,0,0,0,0,2950.6,225,0.0,0.0,0.0,0.0,0.0,0.0,0.0
1328,49,1,3,3,51,4,7,11412.82,872,5.6192660550458715,0.11467889908256881,0.34403669724770647,0.34403669724770647,5.848623853211009,0.45871559633027525,0.8027522935779817
1329,1,0,0,0,1,0,0,14233.49,1067,0.09372071227741331,0.0,0.0,0.0,0.09372071227741331,0.0,0.0
1334,2,12,5,15,7,22,26,11687.05,738,0.27100271002710025,1.6260162601626018,0.6775067750677507,2.0325203252032518,0.9485094850948509,2.9810298102981028,3.523035230352303
1335,3,3,2,4,3,6,6,14276.17,785,0.3821656050955414,0.3821656050955414,0.25477707006369427,0.5095541401273885,0.3821656050955414,0.7643312101910829,0.7643312101910829
1352,8,1,34,8,40,9,42,14011.81,869,0.9205983889528193,0.11507479861910241,3.9125431530494823,0.9205983889528193,4.602991944764097,1.0356731875719216,4.833141542002301
1354,15,0,3,23,17,23,24,9678.96,732,2.0491803278688523,0.0,0.4098360655737705,3.1420765027322406,2.3224043715846996,3.1420765027322406,3.278688524590164
1359,6,5,0,2,6,7,7,14262.53,960,0.625,0.5208333333333333,0.0,0.20833333333333334,0.625,0.7291666666666666,0.7291666666666666
1360,1,7,3,4,3,9,11,10341.49,727,0.1375515818431912,0.9628610729023385,0.41265474552957354,0.5502063273727648,0.41265474552957354,1.2379642365887207,1.5130674002751032
1362,2,12,4,14,6,23,24,12626.75,948,0.21097046413502107,1.2658227848101267,0.42194092827004215,1.4767932489451476,0.6329113924050633,2.4261603375527425,2.5316455696202533
1364,4,1,1,3,5,4,5,11766.8,670,0.5970149253731344,0.1492537313432836,0.1492537313432836,0.44776119402985076,0.7462686567164178,0.5970149253731344,0.7462686567164178
1365,28,7,77,11,96,14,87,13903.2,919,3.0467899891186074,0.7616974972796519,8.37867247007617,1.1969532100108813,10.44613710554951,1.5233949945593037,9.466811751904244
1370,0,3,0,4,0,7,7,12042.69,797,0.0,0.37641154328732745,0.0,0.5018820577164366,0.0,0.8782936010037641,0.8782936010037641
1371,1,6,1,5,1,9,10,8954.03,672,0.1488095238095238,0.8928571428571428,0.1488095238095238,0.744047619047619,0.1488095238095238,1.3392857142857142,1.488095238095238
1372,1,3,0,5,1,7,7,15357.84,1059,0.09442870632672333,0.28328611898017,0.0,0.4721435316336166,0.09442870632672333,0.6610009442870632,0.6610009442870632
1376,5,4,0,1,5,5,5,11837.71,974,0.5133470225872689,0.41067761806981523,0.0,0.10266940451745381,0.5133470225872689,0.5133470225872689,0.5133470225872689
1380,4,2,0,4,4,5,5,10013.24,818,0.4889975550122249,0.24449877750611246,0.0,0.4889975550122249,0.4889975550122249,0.6112469437652812,0.6112469437652812
1385,2,0,3,1,5,1,4,10433.72,682,0.2932551319648094,0.0,0.43988269794721413,0.1466275659824047,0.7331378299120235,0.1466275659824047,0.5865102639296188
1389,0,1,0,0,0,1,1,9876.77,593,0.0,0.16863406408094433,0.0,0.0,0.0,0.16863406408094433,0.16863406408094433
1391,27,27,1,20,28,36,37,11970.82,933,2.8938906752411575,2.8938906752411575,0.10718113612004287,2.1436227224008575,3.0010718113612005,3.858520900321544,3.965702036441586
1395,3,1,1,2,4,3,4,7071.03,552,0.5434782608695652,0.18115942028985507,0.18115942028985507,0.36231884057971014,0.7246376811594203,0.5434782608695652,0.7246376811594203
1396,2,20,9,34,11,46,51,9957.46,732,0.273224043715847,2.73224043715847,1.2295081967213115,4.644808743169399,1.5027322404371584,6.284153005464481,6.967213114754098
1397,3,31,1,7,4,36,36,11578.8,894,0.33557046979865773,3.467561521252797,0.11185682326621924,0.7829977628635347,0.44742729306487694,4.026845637583892,4.026845637583892
1398,2,7,8,11,10,15,20,10978.18,803,0.24906600249066002,0.8717310087173101,0.9962640099626401,1.36986301369863,1.2453300124533,1.86799501867995,2.4906600249066
1399,12,13,2,4,14,15,17,13806.28,1009,1.1892963330029733,1.288404360753221,0.19821605550049554,0.39643211100099107,1.3875123885034688,1.4866204162537164,1.6848364717542121
1400,1,1,0,5,1,6,6,11752.4,756,0.13227513227513227,0.13227513227513227,0.0,0.6613756613756614,0.13227513227513227,0.7936507936507936,0.7936507936507936
1401,8,39,0,5,8,42,42,8839.96,735,1.0884353741496597,5.3061224489795915,0.0,0.6802721088435374,1.0884353741496597,5.714285714285714,5.714285714285714
1404,0,2,1,15,1,17,18,12269.23,1238,0.0,0.16155088852988692,0.08077544426494346,1.2116316639741518,0.08077544426494346,1.3731825525040386,1.4539579967689822
1405,0,6,11,7,11,10,21,9526.26,908,0.0,0.6607929515418502,1.2114537444933922,0.7709251101321586,1.2114537444933922,1.1013215859030838,2.3127753303964758
1406,27,9,8,16,35,24,30,7638.27,681,3.9647577092511015,1.3215859030837005,1.1747430249632893,2.3494860499265786,5.139500734214391,3.524229074889868,4.405286343612335
1407,149,176,9,83,150,190,191,13541.61,992,15.020161290322582,17.741935483870968,0.9072580645161291,8.366935483870968,15.120967741935484,19.153225806451612,19.254032258064516
1409,2,6,0,8,2,13,13,14152.06,1177,0.16992353440951571,0.5097706032285472,0.0,0.6796941376380629,0.16992353440951571,1.1045029736618521,1.1045029736618521
1410,5,3,4,1,7,3,5,10518.82,839,0.5959475566150179,0.3575685339690107,0.47675804529201427,0.11918951132300357,0.834326579261025,0.3575685339690107,0.5959475566150179
1412,20,1,12,15,30,16,28,10289.13,737,2.7137042062415198,0.13568521031207598,1.6282225237449117,2.03527815468114,4.07055630936228,2.1709633649932156,3.7991858887381276
1414,5,7,1,8,6,14,15,10015.76,739,0.6765899864682002,0.9472259810554804,0.13531799729364005,1.0825439783491204,0.8119079837618403,1.8944519621109608,2.029769959404601
1417,4,12,1,1,5,13,13,10577.04,765,0.522875816993464,1.5686274509803921,0.130718954248366,0.130718954248366,0.6535947712418301,1.6993464052287581,1.6993464052287581
1418,33,19,12,31,37,37,40,11300.92,646,5.108359133126935,2.941176470588235,1.8575851393188854,4.798761609907121,5.727554179566564,5.727554179566564,6.191950464396285
1419,0,4,2,6,2,7,8,9413.7,574,0.0,0.6968641114982579,0.34843205574912894,1.0452961672473868,0.34843205574912894,1.2195121951219512,1.3937282229965158
1422,0,1,1,1,1,1,2,10023.83,794,0.0,0.12594458438287154,0.12594458438287154,0.12594458438287154,0.12594458438287154,0.12594458438287154,0.2518891687657431
1423,18,16,10,23,24,34,40,11464.08,877,2.0524515393386547,1.8244013683010263,1.1402508551881414,2.6225769669327255,2.7366020524515395,3.8768529076396807,4.561003420752566
1424,2,7,5,17,7,22,25,7981.95,781,0.2560819462227913,0.8962868117797695,0.6402048655569782,2.176696542893726,0.8962868117797695,2.8169014084507045,3.201024327784891
1425,7,17,4,9,10,26,29,10718.65,790,0.8860759493670887,2.151898734177215,0.5063291139240507,1.139240506329114,1.2658227848101267,3.2911392405063293,3.670886075949367
1427,30,15,14,28,42,35,48,11250.86,916,3.2751091703056767,1.6375545851528384,1.5283842794759825,3.056768558951965,4.585152838427948,3.820960698689956,5.240174672489083
1429,0,0,1,7,1,7,8,12573.75,791,0.0,0.0,0.12642225031605564,0.8849557522123894,0.12642225031605564,0.8849557522123894,1.0113780025284451
1430,0,14,0,13,0,25,25,12900.52,725,0.0,1.9310344827586208,0.0,1.7931034482758619,0.0,3.4482758620689653,3.4482758620689653
1432,2,4,2,4,4,8,10,9907.86,757,0.26420079260237783,0.5284015852047557,0.26420079260237783,0.5284015852047557,0.5284015852047557,1.0568031704095113,1.321003963011889
1433,0,3,6,7,6,9,14,11321.13,926,0.0,0.32397408207343414,0.6479481641468683,0.755939524838013,0.6479481641468683,0.9719222462203023,1.511879049676026
1434,0,4,2,2,2,4,5,13339.66,713,0.0,0.5610098176718092,0.2805049088359046,0.2805049088359046,0.2805049088359046,0.5610098176718092,0.7012622720897616
1435,0,1,6,8,6,9,15,10327.11,790,0.0,0.12658227848101267,0.7594936708860759,1.0126582278481013,0.7594936708860759,1.139240506329114,1.89873417721519
1436,0,2,0,2,0,4,4,11431.82,852,0.0,0.2347417840375587,0.0,0.2347417840375587,0.0,0.4694835680751174,0.4694835680751174
1437,2,3,3,5,5,8,10,12077.97,899,0.22246941045606228,0.33370411568409347,0.33370411568409347,0.5561735261401557,0.5561735261401557,0.8898776418242491,1.1123470522803114
1440,0,4,0,2,0,6,6,5288.09,662,0.0,0.6042296072507553,0.0,0.3021148036253776,0.0,0.906344410876133,0.906344410876133
1441,0,4,1,1,1,5,6,6820.08,653,0.0,0.6125574272588056,0.1531393568147014,0.1531393568147014,0.1531393568147014,0.7656967840735069,0.9188361408882083
1442,2,2,0,4,2,5,5,5304.94,412,0.48543689320388345,0.48543689320388345,0.0,0.9708737864077669,0.48543689320388345,1.2135922330097086,1.2135922330097086
1443,2,7,0,2,2,9,9,10084.71,792,0.25252525252525254,0.8838383838383838,0.0,0.25252525252525254,0.25252525252525254,1.1363636363636365,1.1363636363636365
1447,14,50,20,37,27,71,74,8092.23,634,2.2082018927444795,7.886435331230284,3.1545741324921135,5.83596214511041,4.2586750788643535,11.198738170347003,11.67192429022082
1449,9,2,0,2,9,4,4,19384.83,1190,0.7563025210084033,0.16806722689075632,0.0,0.16806722689075632,0.7563025210084033,0.33613445378151263,0.33613445378151263
1451,30,1,65,3,92,4,69,4376.94,467,6.423982869379015,0.21413276231263384,13.9186295503212,0.6423982869379015,19.700214132762312,0.8565310492505354,14.775160599571734
1453,0,13,3,21,3,27,30,3401.5299999999997,259,0.0,5.019305019305019,1.1583011583011582,8.108108108108109,1.1583011583011582,10.424710424710424,11.583011583011583
1454,1,1,1,4,2,5,6,3905.35,270,0.3703703703703704,0.3703703703703704,0.3703703703703704,1.4814814814814816,0.7407407407407408,1.8518518518518516,2.2222222222222223
1455,3,0,0,7,3,7,7,6565.55,567,0.5291005291005291,0.0,0.0,1.2345679012345678,0.5291005291005291,1.2345679012345678,1.2345679012345678
1456,0,1,1,2,1,3,4,4135.66,413,0.0,0.24213075060532688,0.24213075060532688,0.48426150121065376,0.24213075060532688,0.7263922518159807,0.9685230024213075
1457,9,24,3,20,12,40,43,13250.43,855,1.0526315789473684,2.807017543859649,0.3508771929824561,2.3391812865497075,1.4035087719298245,4.678362573099415,5.029239766081871
1458,2,17,4,18,6,29,31,12799.43,936,0.2136752136752137,1.8162393162393164,0.4273504273504274,1.9230769230769231,0.641025641025641,3.0982905982905984,3.311965811965812
1460,6,13,2,17,8,25,26,9199.93,811,0.7398273736128237,1.6029593094944512,0.2466091245376079,2.096177558569667,0.9864364981504316,3.082614056720099,3.2059186189889024
1461,2,5,2,8,3,10,12,10150.86,758,0.2638522427440633,0.6596306068601583,0.2638522427440633,1.0554089709762533,0.395778364116095,1.3192612137203166,1.58311345646438
1462,3,7,0,1,3,8,8,10839.97,748,0.4010695187165776,0.9358288770053476,0.0,0.1336898395721925,0.4010695187165776,1.06951871657754,1.06951871657754
1463,2,1,0,0,2,1,1,2912.72,149,1.342281879194631,0.6711409395973155,0.0,0.0,1.342281879194631,0.6711409395973155,0.6711409395973155
1465,10,2,20,3,30,4,23,6851.86,579,1.7271157167530224,0.3454231433506045,3.454231433506045,0.5181347150259068,5.181347150259067,0.690846286701209,3.9723661485319512
1468,4,17,4,16,8,27,30,11604.54,789,0.5069708491761723,2.1546261089987326,0.5069708491761723,2.027883396704689,1.0139416983523446,3.4220532319391634,3.802281368821293
1470,1,0,3,4,3,4,6,1147.04,116,0.8620689655172413,0.0,2.586206896551724,3.4482758620689653,2.586206896551724,3.4482758620689653,5.172413793103448
1471,8,2,1,5,9,5,5,12136.5,843,0.9489916963226572,0.2372479240806643,0.11862396204033215,0.5931198102016607,1.0676156583629894,0.5931198102016607,0.5931198102016607
1472,7,24,6,22,13,36,38,1460.36,151,4.635761589403973,15.894039735099339,3.9735099337748347,14.56953642384106,8.609271523178808,23.841059602649008,25.165562913907287
1473,3,3,111,4,114,6,117,14547.73,956,0.3138075313807531,0.3138075313807531,11.610878661087867,0.41841004184100417,11.92468619246862,0.6276150627615062,12.238493723849372
1474,2,1,2,3,4,3,5,10921.08,682,0.2932551319648094,0.1466275659824047,0.2932551319648094,0.43988269794721413,0.5865102639296188,0.43988269794721413,0.7331378299120235
1475,7,1,0,5,7,6,6,18640.69,1096,0.6386861313868614,0.09124087591240876,0.0,0.45620437956204374,0.6386861313868614,0.5474452554744526,0.5474452554744526
1476,5,3,3,7,5,10,12,789.46,88,5.681818181818182,3.4090909090909087,3.4090909090909087,7.954545454545454,5.681818181818182,11.363636363636363,13.636363636363635
1477,1,1,2,8,3,8,9,8271.39,715,0.13986013986013987,0.13986013986013987,0.27972027972027974,1.118881118881119,0.4195804195804196,1.118881118881119,1.2587412587412588
1478,1,0,3,8,3,8,11,9350.27,760,0.13157894736842105,0.0,0.39473684210526316,1.0526315789473684,0.39473684210526316,1.0526315789473684,1.4473684210526316
1479,8,117,22,110,28,165,175,15522.95,1060,0.7547169811320755,11.037735849056604,2.0754716981132075,10.377358490566039,2.6415094339622645,15.566037735849056,16.50943396226415
1480,0,0,1,0,1,0,1,823.59,57,0.0,0.0,1.7543859649122806,0.0,1.7543859649122806,0.0,1.7543859649122806
1483,7,4,0,5,7,7,7,11846.37,796,0.8793969849246231,0.5025125628140703,0.0,0.628140703517588,0.8793969849246231,0.8793969849246231,0.8793969849246231
1484,2,4,5,15,7,19,23,11571.64,932,0.2145922746781116,0.4291845493562232,0.5364806866952789,1.6094420600858368,0.7510729613733905,2.03862660944206,2.467811158798283
1485,16,19,3,10,18,28,29,11762.6,795,2.0125786163522013,2.3899371069182394,0.37735849056603776,1.257861635220126,2.2641509433962264,3.5220125786163523,3.647798742138365
1486,1,4,3,3,3,6,7,1837.04,171,0.5847953216374269,2.3391812865497075,1.7543859649122806,1.7543859649122806,1.7543859649122806,3.508771929824561,4.093567251461988
1487,7,2,0,4,7,5,5,12088.5,786,0.8905852417302799,0.2544529262086514,0.0,0.5089058524173028,0.8905852417302799,0.6361323155216284,0.6361323155216284
1489,8,4,4,13,12,15,17,10892.5,662,1.2084592145015105,0.6042296072507553,0.6042296072507553,1.9637462235649545,1.812688821752266,2.2658610271903323,2.56797583081571
1495,0,1,1,2,1,2,2,484.7,46,0.0,2.1739130434782608,2.1739130434782608,4.3478260869565215,2.1739130434782608,4.3478260869565215,4.3478260869565215
1501,17,24,13,22,19,27,27,556.6899999999999,43,39.53488372093023,55.81395348837209,30.23255813953488,51.162790697674424,44.18604651162791,62.7906976744186,62.7906976744186
1503,8,4,5,4,13,8,13,12166.17,759,1.0540184453227932,0.5270092226613966,0.6587615283267457,0.5270092226613966,1.7127799736495388,1.0540184453227932,1.7127799736495388
1504,1,2,2,3,3,4,6,9540.58,730,0.136986301369863,0.273972602739726,0.273972602739726,0.410958904109589,0.410958904109589,0.547945205479452,0.821917808219178
1507,0,2,0,0,0,2,2,78.02,15,0.0,13.333333333333334,0.0,0.0,0.0,13.333333333333334,13.333333333333334
1511,1,1,2,1,2,1,2,47.839999999999996,7,14.285714285714285,14.285714285714285,28.57142857142857,14.285714285714285,28.57142857142857,14.285714285714285,28.57142857142857
