cow,lp_group,area,back_eu,back_geo,front_eu,front_geo,lb_area,lb_circ,lb_ecc,lb_vol,lb_vol2,lf_area,lf_circ,lf_ecc,lf_vol,lf_vol2,rb_area,rb_circ,rb_ecc,rb_vol,rb_vol2,rf_area,rf_circ,rf_ecc,rf_vol,rf_vol2,udder_circ,udder_ecc,volume,volume2
627,l,0.2148928086970246,0.0958553295275756,0.1615899751095602,0.278990314766715,0.3028057365453772,0.0374411903416142,1.6970800834743435e-05,0.5964904116659961,0.6748488406901443,0.6665002842059443,0.0635569703541285,6.764086473497702e-06,0.7338506011428519,1.6273331071325754,1.5404993244953915,0.0365462292369054,1.604139445543352e-05,0.5410328310509861,0.8491233270346662,0.8032462868453536,0.0689337459942939,7.086337004861471e-06,0.7179313689693573,1.9088125012072668,1.7647611051169452,0.7383460631185293,0.6132253913126012,5.04744218944973,4.876354681217313
723,l,0.13282581638363922,0.057775476425953,0.0695140720626542,0.2118470512020933,0.29338750455232093,0.017028880509666548,3.848349439314989e-05,0.8336812562441964,0.10647306073481065,0.1012137959430051,0.0404631381396066,1.4146083879777828e-05,0.7014000413167043,0.310201843489493,0.3036803321686371,0.01793591519768485,8.818673118915264e-05,0.8490110553600645,0.24183404850402157,0.24539638671428582,0.0403759864721533,1.9496657415790905e-05,0.6517313406883947,0.42856936647024135,0.4082437543199354,0.7176545415795311,0.7297975116413034,1.1624141512682828,1.1472032832400925
729,l,0.27977447290931395,0.07497046088737636,0.14066233333032685,0.1267630524762006,0.28071081516356033,0.0243905391202928,4.849342271829124e-05,0.6673429390977008,0.3375276379607922,0.34150468414441604,0.1236379870646428,6.693072442279914e-06,0.7955050951595994,2.594424767618581,2.5375238521878734,0.03147191494043695,4.52471122082091e-05,0.5720975758748682,0.3728575334754366,0.36653828356588336,0.09793411342205895,9.770709371865173e-06,0.7716935718759708,2.0298346637695914,2.014843541881433,0.7564472487338145,0.5485303894984166,5.369982191370422,5.287137300428763
736,l,0.2078378419977331,0.0723042510817512,0.1415065308442362,0.1068459270928287,0.1805336549312898,0.0504374623497478,2.085484221797657e-05,0.4014668483593896,1.0755280935844955,0.994475311432528,0.0964997306317269,4.456848956010851e-06,0.5979462175024198,2.156340747275175,2.048557301401133,0.0343979842473922,3.445449495973448e-05,0.7019224717265035,0.4929025739513455,0.4865261332412022,0.0403540496950304,2.002602680544797e-05,0.8496230280600117,0.4944577466315298,0.5029330163238168,0.7748559741821262,0.6720688103209851,4.110153331021229,3.919429001841365
764,l,0.1586199191446816,0.0989524100342337,0.1459704207841652,0.2626931615925807,0.3318246211598563,0.0059603589773356,3.9557591509240014e-05,0.6282878524065508,0.0316940999018777,0.0501589207232038,0.0465831224167791,1.1155630341424166e-05,0.7188602326332175,0.6661990871446852,0.6512026989026725,0.0052455692462311,6.396845303921173e-05,0.7405721667864784,0.0284213971927573,0.0501555345250657,0.0602294172775487,1.017094686348269e-05,0.7189633174612244,0.7374455760803268,0.735209404127329,0.6967592497382711,0.5518177359951618,1.6536056611498997,1.6263927549294994
778,l,0.2629601988199503,0.0791181290443854,0.1710541768278386,0.186624890359426,0.3028745593223632,0.036222943238774,4.0312721303048895e-05,0.680045653905601,0.7190492857428028,0.6813440514959264,0.0903488075045997,1.3302844219728272e-05,0.815846994762806,1.5392838990284752,1.4561497404071908,0.0488931534460455,1.591685296993153e-05,0.3881614602526525,1.0848697703034875,1.0853228159348958,0.097853722049314,1.2923772871078884e-05,0.5771193156678636,0.9188490576021396,0.9435264889066328,0.7680205170631885,0.5767540589850267,4.171623245228891,4.050109909821681
785,l,0.22031977443435063,0.1129432935486368,0.1751900422424604,0.16938035261192547,0.2582441919211059,0.0345888424588985,4.020828912336295e-05,0.7151364480992923,0.7254037434337265,0.7340005977814311,0.0738517978403912,1.2084846125721223e-05,0.7994861531505193,1.222037246353115,1.2279610746952472,0.04156843219156,1.923751077507814e-05,0.4452540616082024,1.1635769210256224,1.144521547880903,0.08481874785631005,7.06116066194418e-06,0.6794266488720138,1.9124183010790754,1.9020340425557032,0.802932610426182,0.6662108815548418,4.8240043120694125,4.800437808330821
808,l,0.2139106955390972,0.1524561440827731,0.2147745684070142,0.31025696691419574,0.3498099498255631,0.0433442864522368,2.583877211534783e-05,0.7519851481051016,1.0244176505738034,0.9522402371376312,0.040966081801477455,2.644561771709506e-05,0.7618332332590085,0.9404622472776983,0.9441343704027512,0.0553158790468165,1.6526867573016253e-05,0.4418282599332987,1.502966508674778,1.4016819250993513,0.0767564147647974,7.290045739095952e-06,0.6083965136274264,1.5055489148542385,1.5349380763911846,0.5700005915163449,0.6578208929671618,5.013641696206264,4.803642653876602
837,l,0.1636732310042934,0.1145590559168108,0.1591178574767441,0.158262297966636,0.1440211048709597,0.0269332604407204,4.119750465112012e-05,0.6956179081438565,0.6530286901667492,0.6795982278827053,0.025028876969217,5.149248300241765e-05,0.8599985014390916,0.6766053266369834,0.6366829051778511,0.0259933368501519,1.905913469677471e-05,0.4400731562761671,0.4998907639605482,0.5550117709739093,0.0833973468331907,5.6887764433113285e-06,0.6577979114700161,1.6520591612457465,1.6075754558167696,0.7286131985460762,0.7930524491889229,3.2984666598036103,3.278617583194199
856,l,0.200632473610465,0.1060225080355419,0.1757526990812542,0.2594557214298307,0.3098017112872018,0.0203708802283123,9.686387415970144e-05,0.6255082258678285,0.370580683564228,0.3541200421923005,0.0681297790052131,1.3070840802285851e-05,0.7800222814561322,1.4172258037860466,1.3939306533360178,0.0313139049381517,5.119775996671216e-05,0.4565456559514911,0.5674599796336427,0.5670858860060762,0.0872656703940884,9.25602576636728e-06,0.6876688050738238,1.5089115754109257,1.503122743271492,0.7931714269557739,0.4418776400794074,3.777432878478333,3.750599854534184
861,l,0.18312014989558584,0.2222370385915048,0.2511180008463081,0.3451484251410137,0.3276837131696749,0.03059189926842935,7.238805259630773e-05,0.7087972765271605,0.43366667894840893,0.40837970953737424,0.051151784386434,1.5024421188957674e-05,0.8055033639765248,1.4392283936230679,1.4017519511804166,0.045890711520633495,2.3281687239233907e-05,0.39514963967572647,0.8473182214481243,0.8208469090983141,0.06305714416474245,9.783220875067853e-06,0.42598948811519466,1.4086767218713394,1.4194625825802873,0.7706274050700515,0.46204252470581186,4.099665322191747,4.0761622460071285
868,l,0.2026102056756784,0.1503870206590312,0.1651402887262015,0.1281738209833627,0.236662314822963,0.035421109200417,7.750101314823253e-05,0.8502786521491695,0.6675115773812512,0.646469363131891,0.0460176333927911,2.190284650349372e-05,0.6811065959656674,1.0540127269069826,1.0019904498465677,0.0520755543130264,1.566816953607256e-05,0.6646878772913742,1.477330772943123,1.45415767181696,0.0619233298137093,1.1695534643299815e-05,0.4051426210879609,1.6009496273491737,1.578147459544298,0.7872539023443994,0.6142875954584847,4.835404542960773,4.647008181690272
915,l,0.20659331738782916,0.053590124454460805,0.10190311794129535,0.1570214067616669,0.2621699124704384,0.0294162731470965,8.217540011717846e-05,0.7300834981637723,0.47367427393422057,0.42638460097932407,0.0705826025915822,1.2418394000605454e-05,0.8532232485783531,1.6533223057540423,1.5765106117869228,0.02959674573028015,4.4827598609189645e-05,0.46621651085956317,0.712618808994443,0.7582333111881139,0.07974538201658155,6.498361058391164e-06,0.6708152599851868,1.8409239788565714,1.8023579026119676,0.755408097406734,0.5618168213278187,4.707679419952538,4.598327017019512
922,l,0.1909504435025019,0.122140555765253,0.1537285436932091,0.1893845437345617,0.2581370347823544,0.0410404021545845,2.4985010061825487e-05,0.7201629860413461,1.0436124645960358,1.0408477138149894,0.0743395213695285,1.3607538121388538e-05,0.7991491759146742,2.059192216992451,2.0181123206592577,0.0328556274520194,3.223241342758175e-05,0.9040712399109024,0.6477445792178255,0.6427162254399212,0.0560269524936328,1.185596319572949e-05,0.5953337644838139,1.3567890156797775,1.321156122818004,0.794133696543513,0.7403997378628975,4.959730115378546,4.906067819353147
924,l,0.2041735557710407,0.1022175499597067,0.1356055649231556,0.2203343977376038,0.2904067166591302,0.0167557422668856,5.873037312075016e-05,0.6384489613427367,0.1919813203928686,0.1974252053442497,0.0763372102404608,6.595133070393762e-06,0.7717508251928596,2.012223817986734,1.8957815707495065,0.0160159286656753,5.136051856994406e-05,0.4112525165846093,0.1292880227772091,0.1302614086918462,0.0911180292016378,6.6490040718426015e-06,0.7788872186541471,1.747082715060102,1.72961782885051,0.7568308639926652,0.4332809597939126,4.069340390298912,3.9433787626376153
929,l,0.2099048605116786,0.15505673893430338,0.1722541779202143,0.2333949866289211,0.2689534802544966,0.0268442907077734,7.649351832371736e-05,0.8055481531018793,0.7729650835038402,0.8563418459662923,0.0704948816697934,1.0188447337135316e-05,0.8270206473296534,1.9673702599307317,1.970095134950976,0.0425043419217453,2.646452795688047e-05,0.6704119041207418,1.256877490368933,1.2559429022807247,0.0874545744727584,7.335200582654108e-06,0.7502299581631152,2.454080021137933,2.3627263319591947,0.7897866422947414,0.6979415219591932,5.977675739337415,5.9594075789388485
948,l,0.1855560595874764,0.0740427121687815,0.1330464903986474,0.1799940576259607,0.280394528528416,0.0219480605842515,4.633730236147138e-05,0.7267518428562822,0.2196019848224309,0.2128294462612494,0.0960857046665782,5.766544765147189e-06,0.6905367058134918,2.167860201225288,2.083794698974254,0.0241544999926656,5.043024308467177e-05,0.4358217943189056,0.2426968078937235,0.24887150676303,0.0436151029282606,1.1860413640970644e-05,0.8310727790191816,0.449735791825377,0.4239705338514571,0.7743533978050049,0.5659314960127417,3.023680396760691,2.861762995189895
962,p,0.3335112363329707,0.1851413039677987,0.2343609779536701,0.20076882417411973,0.3309702453938963,0.0833734909010034,2.8133611460381368e-05,0.2912121011842552,1.332873876974655,1.3017730382161372,0.0884626687400007,6.624520937632349e-06,0.6393726931073488,2.4589529993213737,2.3298322920543746,0.0749071651237033,3.947877282818469e-05,0.722236328182596,1.27159794206204,1.3151130997630174,0.0877399878323869,1.52790117872456e-05,0.7597025059942222,1.6973058268110208,1.6472381021970184,0.59637550892601,0.59637550892601,6.716110418993154,6.560151040890876
970,l,0.1800789412554366,0.1094859697709549,0.1894014188972263,0.1957939887530813,0.3186226899046515,0.0344545682171704,1.9632931996504506e-05,0.3613355758016197,0.3033345285250031,0.2940271374569588,0.0598752702683146,6.456596770259783e-06,0.5794926921505593,0.9149047162532494,0.909089598057871,0.0199110072163032,3.608355490222909e-05,0.7508560273397942,0.1751377242083125,0.176522464005658,0.0495087529549344,1.4054053039867945e-05,0.7133567753828064,0.7148041392093062,0.7148180364394581,0.7559511165600781,0.5517758705079447,2.0083326902139125,2.00316690028892
973,l,0.19511486378052523,0.07747282130287655,0.16298063516749844,0.21565834225128527,0.2800160976534954,0.02655511024414245,4.0310412867295275e-05,0.5145574966868098,0.2907351064610495,0.3001971823359104,0.07004093428640885,7.395432643976508e-06,0.8217891303850754,1.3601337468039603,1.3303183686525215,0.0283532865360636,5.407005441554863e-05,0.602377678214017,0.22813341194012754,0.24745906937664774,0.0765355846135739,7.5792848805807535e-06,0.799866113241881,1.7726413665191845,1.7701475008923588,0.7670755451010873,0.5718247249272248,3.565165663452923,3.56100167924651
975,l,0.22428811916747204,0.12659689635394472,0.18513315915811485,0.22032864922298626,0.2784398845551107,0.024407383865584803,0.00010239571021775,0.8151966973125979,0.7296749938960521,0.7143190731672562,0.0749164886720175,1.6917088556163583e-05,0.8747345109788988,2.637002607321296,2.5895446225774528,0.0530028895287611,2.6379861456485803e-05,0.479983120017875,2.18511224503553,2.0096895615042087,0.0732958529858525,1.3386080261205854e-05,0.5397878418641109,2.2854058814298854,2.251840063616662,0.7771624146747206,0.6315801689823097,7.720246917594248,7.5724686899100755
978,l,0.2153879170799408,0.04937266788992,0.1307109599585421,0.1648386285754499,0.2589689681362176,0.0328900990127185,5.411270225918969e-05,0.5778988756356618,0.5097210401047857,0.5116342669170014,0.0784410707109668,1.28164068731582e-05,0.8004264102912855,1.5598176424967205,1.5036849259896998,0.0367264574678856,3.7589550283100366e-05,0.687322617742166,0.7858829752109464,0.7736872457983377,0.0629902786617082,1.2546460835141524e-05,0.6423655288239615,1.4267123507193262,1.3997834823266175,0.7512310200748914,0.6212117845384693,4.332202105620369,4.21726323594133
981,l,0.2107606028398631,0.09495563347891195,0.1590483029604968,0.16891493716418085,0.2797071771973484,0.03057272424010535,6.572269605485178e-05,0.8038579098171953,0.6745770421127675,0.6657765637105879,0.06534142505483426,1.8260371574468522e-05,0.7951462682133613,1.6059417971110497,1.5874382976795567,0.0392485185653962,4.562304159746123e-05,0.5252286734413498,0.7233205443045303,0.7147980862056122,0.07950836961558519,1.0467922970457022e-05,0.6647129830733791,2.1235379485791235,2.098645404174693,0.7849539814884348,0.6154338074769836,5.049011438112023,5.01359533996051
1003,l,0.2085503651720278,0.0919893522703318,0.1610855438539635,0.1885331676583462,0.2533824112189068,0.0542277412513947,2.2660590583797517e-05,0.6658128140174027,1.879367616659148,1.759044179796628,0.0459005239872069,3.730045968625566e-05,0.6903356247917674,0.7083538080184115,0.7432808426103642,0.0437250921621645,3.2182508256666806e-05,0.7441511704839787,1.3072855941198525,1.2496147621708482,0.0705154784661157,1.1781836987486095e-05,0.567854964387875,2.050223096526848,2.034385462458048,0.7821819967079864,0.6134765295094506,5.7676155558258655,5.660816128547138
1023,p,0.1725787873915959,0.0771026150464477,0.1549374088735977,0.1792624311889993,0.2860048100288109,0.025599801369468052,3.043408418176423e-05,0.6629062244010819,0.32835675034846146,0.32679313819087974,0.0471127613328506,2.423708862513853e-05,0.6323527359062886,0.6454448570123312,0.6373954036319422,0.0312883757652021,3.620057976955896e-05,0.5773820304935848,0.4301761615494829,0.424016742293594,0.0589759146653535,1.9663536222991036e-05,0.6746726259632606,1.0511131847867483,1.0034348780738485,0.5876525285966996,0.5876525285966996,2.4838740034339164,2.4097366129139743
1039,l,0.22408569575874265,0.0608648105823703,0.1426155683408326,0.12693444204258691,0.2387948398956644,0.03044862741545425,4.292416496806419e-05,0.5813319460635953,0.501354768724771,0.49792465313556367,0.08326833651398455,7.636842322884199e-06,0.6955273637280875,1.843494656612016,1.718739899733269,0.035200473453708345,5.648500825116928e-05,0.6453312328677876,0.49339354613049197,0.44660547301775855,0.08280590255723475,1.6261661030574254e-05,0.8018026647372445,1.7075307427350377,1.621980863508342,0.765975992587149,0.6248578682585243,4.468521904167931,4.371822500884921
1040,l,0.1780333949014401,0.1177224582652302,0.1710955570251869,0.32256415754463524,0.3380121806407237,0.0327092878937616,1.6196134182699303e-05,0.6873932209391953,0.4402256673619091,0.4363792695027017,0.05687204460125355,9.664243415138805e-06,0.7679312850091073,0.6679849324497439,0.6585632150660212,0.0392120175596335,1.3376013501571968e-05,0.7495305413235739,0.6778046344451881,0.6316172680166933,0.0425194386995873,9.808315437232585e-06,0.654392627383508,0.4532990111953486,0.4457609077587411,0.7682474986087902,0.6813231830311176,2.2796212294933818,2.194757714389831
1057,l,0.2387682506064111,0.14351872214299727,0.21999593223289654,0.22684963389471496,0.3317242294603969,0.045945272147696545,3.548445712538604e-05,0.789496323340757,0.8731189423882537,0.8483642985969023,0.0483090724905826,1.7795709923588447e-05,0.848482509078728,1.048092302544605,1.009511431476196,0.045753532640982,2.0124508952650534e-05,0.4637935999878552,1.1006011994593783,0.8989136590737458,0.07541918485609606,6.512691532660164e-06,0.6553095234794453,1.5476107690169458,1.503742552766516,0.7474982000232426,0.671285455234789,4.942081014766101,4.461488517449377
1061,p,0.233536778732222,0.0949639933477286,0.1573614900640807,0.1724786670037123,0.2511757889262934,0.0339877219230225,6.0504241753243376e-05,0.5786749828218534,1.0381869381557598,0.9595462472580776,0.0676899270104523,1.3624449705712942e-05,0.6290438876099773,1.944264043674792,1.8640358527547545,0.0676212977637983,2.4200241413100684e-05,0.7449171967748344,2.345562794466342,2.2741728167159776,0.0727396089946056,1.580831130806021e-05,0.6035929542631273,2.2804487243078206,2.2532267146114955,0.4522049361067829,0.4522049361067829,7.340033928970259,7.1328388945463175
1074,p,0.1928494278234071,0.0933777941830431,0.1697990358838534,0.22290734924882386,0.2685283616465713,0.044625084066628,4.34883537295124e-05,0.5488491866837159,0.4623945893589496,0.4292208416934747,0.0744438902643569,1.0416776805001716e-05,0.6095496209599828,1.1179575642201756,1.1118851500055302,0.0331831328529073,5.290552812852527e-05,0.8560982229817673,0.498476054954254,0.4775579994515573,0.0370609813000485,2.7646164334199124e-05,0.8589012148732651,0.763380576108718,0.7377655258610417,0.6800792854026935,0.6800792854026935,2.9431933893440987,2.8977442448822424
1081,p,0.224700032182041,0.0850877069187305,0.1614887897709235,0.1470752535485883,0.2789768337341922,0.0540972646321143,3.257731764874645e-05,0.4349319180922187,0.6639808651151321,0.71707657019746,0.0665366165585138,8.90002609855431e-06,0.7294858007135578,1.2752122863626985,1.2726978733337704,0.0328230623281151,4.812753284514824e-05,0.6822706735737546,0.5053122769171122,0.4980985107356759,0.0743891079978932,1.2243559845049664e-05,0.8040351792724538,1.2318075188903383,1.1803380362864468,0.581669890514747,0.581669890514747,3.6495116466552697,3.589988001969744
1084,p,0.1897148682967865,0.0910341071890658,0.1278340094671584,0.1473042551809531,0.22423465341594861,0.044393579588392296,3.293669939758945e-05,0.6516041006256428,1.307758109815073,1.2562576148074776,0.06270337247494676,1.7589405107747465e-05,0.692689756817866,1.618375770548695,1.5746394038100087,0.0299711638677022,6.36474794217637e-05,0.7577239320898045,0.7360721062562925,0.7403184334550789,0.054009579294762,2.1389858913945692e-05,0.8250253012253588,1.4677341307390548,1.4342644362122428,0.6898772032138323,0.6898772032138323,5.161111159904902,5.015117453352843
1089,p,0.2127221289118362,0.0786176964410751,0.1390241921661798,0.1771639471632839,0.2923762557045459,0.0328741442925994,5.053377775392087e-05,0.6054758892138988,0.6278671313720767,0.6241900544154205,0.0771214937865118,1.1796269150611846e-05,0.7259096095242146,2.0386264287863933,2.00594307314224,0.0385588441190993,3.74840011969088e-05,0.7146227925742862,0.8851299942889675,0.8687015651304433,0.067814579075838,1.7539444213922295e-05,0.744224066342334,1.105613853636775,1.0974634606711782,0.6197077703524545,0.6197077703524545,4.625139121398774,4.564945124284255
1098,p,0.2136466551821609,0.060393948916376,0.1421847029827853,0.2362226660599683,0.3187064619909873,0.0340504884889848,2.567593458944136e-05,0.584576456140091,0.5376855013563755,0.5189716357092856,0.0706057622162607,8.914799428939016e-06,0.5971899068482116,1.4016740848367797,1.372747752112957,0.037742895186740746,3.598905751833345e-05,0.6316437393061398,0.38492911586120027,0.380627184718639,0.0611943577314327,1.0356075911352364e-05,0.6829993485768844,1.296320302810171,1.2487294999309635,0.4583982848105847,0.4583982848105847,3.6407668732719256,3.523935369261684
1100,p,0.1854533433483104,0.0049322064601227,0.0050415083003635,0.1464500094493616,0.2359526071131961,0.0369997657017014,3.523200631440471e-05,0.4601768022479066,1.119506049791586,0.94863606127724,0.0697979180392174,1.0052414912428596e-05,0.7314933873609847,1.624127204135441,1.5118729029463671,0.0282011682342643,8.388251790055669e-05,0.7503781068636,0.7344141913972756,0.7456139473999848,0.0531646796012476,2.022224783012539e-05,0.8984926553798982,1.336167885607236,1.278263222112084,0.6659661497476409,0.6659661497476409,4.519520089849316,4.077926340858345
1102,p,0.233954193880531,0.0740767565884233,0.1398033001377787,0.2166184333341407,0.2675323184641959,0.0311357425534632,5.1279951760321584e-05,0.5421889677323332,0.5682779975575841,0.5861812882588114,0.0759254959264239,7.359263052976566e-06,0.7912517823904297,1.940925464959838,1.900407393991999,0.0472240529531643,3.947052754703187e-05,0.797399413056355,0.8211425537504747,0.7606620999428079,0.0755465548672053,1.448733205856222e-05,0.7860964457818915,1.4639930996837425,1.459385046799708,0.6396588245213113,0.6396588245213113,4.7710400077157775,4.684833628450211
1116,l,0.1837074571053963,0.1040790315147649,0.201900679151246,0.2855474549064338,0.3481793812251872,0.0561023873140068,2.279470264553426e-05,0.6678108664350476,0.8496420126031788,0.8315416578635932,0.0519424028545289,1.660313942946599e-05,0.6037895049834816,0.7034528780393651,0.698166092134425,0.0422913007113154,2.1540171809123796e-05,0.6342555121480079,0.4686398012976623,0.4710953572592273,0.0445688084315558,8.134138695367445e-06,0.607287099127592,0.627869848005695,0.6361944668449097,0.7439281827164264,0.4625171045674294,2.360302421467659,2.326008071618542
1127,p,0.2043109634661351,0.054801672952376854,0.10194256734536064,0.15134993405189195,0.25464391613002924,0.03887424537084335,5.257551450724484e-05,0.5525445359951358,0.7089450814683054,0.7129591696430714,0.0976587717448508,9.085429601997926e-06,0.6969951060992747,2.6463495047254617,2.5871955058522063,0.014663148369652951,0.00018413692820065002,0.7449198454215138,0.16602471661206364,0.17576706921033608,0.06011391363382755,1.5409287666495863e-05,0.8123311705218157,1.1946340264373738,1.183980126572363,0.5392925859761091,0.5392925859761091,4.718358766409358,4.648926419330332
1139,p,0.2802902277732355,0.0726277707214446,0.1522620971640447,0.1721735422374872,0.3054444542060343,0.0479541893737338,3.841944235462922e-05,0.3988707230568994,1.1407423227386584,1.1041483062624835,0.109470538503819,7.713946771533533e-06,0.5508509420733837,2.819630333946927,2.7463006857801635,0.0564443292764213,6.125858212785711e-05,0.7610328400703518,1.114988076079014,1.0763372570726215,0.068924909713623,1.8486510511473917e-05,0.809581749408505,1.9174097461694928,1.8152985923541969,0.5845826261032854,0.5845826261032854,7.0297904728801,6.898173380583011
1144,p,0.2663493208575729,0.08928902084111345,0.181822602919619,0.1852471019223118,0.3272948059612108,0.0485024650288851,3.1234961974596104e-05,0.4486592634320917,1.1700560419098416,1.1178113501103335,0.0914682120778228,1.2220249433329792e-05,0.7161004745401629,2.31156261794104,2.278544540369719,0.032508429455209806,8.7995639873205e-05,0.8108468935897102,0.5090951438611278,0.5147801519321517,0.0907478014377774,1.7556714845560285e-05,0.8544908120317479,1.87365973224887,1.846481821801089,0.6918416299440084,0.6918416299440084,5.864856396332093,5.715807795211338
1148,p,0.2514176800278166,0.0891451979302995,0.1804662905012444,0.2311509560531997,0.3350548077139448,0.0664607774436549,1.647564058071066e-05,0.5858771950576679,2.027515230602251,1.9355623849049644,0.0817159666776144,1.029299910397268e-05,0.4785961497727503,1.850728131794096,1.848220213520564,0.0259173150161047,7.42906472219731e-05,0.7390224497264163,0.4943674351596087,0.4765856355449597,0.0781285261284744,1.1900829349781662e-05,0.7600412526765536,2.201763143709244,2.095098443618992,0.5205712744502768,0.5205712744502768,6.458562545868565,6.328114153980172
1151,p,0.2035470770390595,0.0569512946515632,0.10340292551601965,0.2586898588235133,0.2931700731573162,0.04178467991337005,2.9953639539397876e-05,0.7139830303652175,0.9884381074882485,0.8846225735630266,0.0763431034405936,1.0192558660919065e-05,0.3268579779225829,2.01674073446147,1.9531241042246168,0.0416280635790483,2.7850084797141262e-05,0.8503101934797236,0.9040363937776094,0.877304657720789,0.0474128136821514,2.982889909406405e-05,0.7693488782377269,0.7796308053307335,0.7501518385133791,0.7048439160713195,0.7048439160713195,4.579985246848586,4.349485694341485
1153,p,0.1852799967554817,0.0658948160372483,0.1244009118684945,0.1457329069951843,0.2312076910691561,0.0180168762554768,0.0001014686400625,0.6561874689991765,0.3422277926612221,0.3854398736763791,0.0892746452389692,8.686738443145027e-06,0.7131043572176464,2.507123682505451,2.429524564823755,0.025699120113651,5.093193135771654e-05,0.7573436140874767,0.4613535548459451,0.4960701118379181,0.0575492398786644,1.4036564567250504e-05,0.7607265726350366,1.2829064031498578,1.2327045492293824,0.48229249957622,0.48229249957622,4.449558064469132,4.398581439824996
1159,p,0.1966585697970364,0.0510493088751062,0.1070854609392824,0.1686715049463487,0.280229665847499,0.0398692483686083,3.394335317862436e-05,0.3968040022347961,0.8621652279729266,0.8455695494020018,0.0688759854847058,1.0008349118412922e-05,0.6177069561636185,1.4603068043820004,1.4550439104076187,0.0240958078890537,7.487214070670251e-05,0.7707369886831028,0.3981872817143251,0.3752184991326707,0.0622479925160006,1.951987956176736e-05,0.8109971876968027,1.5100208632782692,1.4480785143247237,0.6217180096214227,0.6217180096214227,4.17907121978806,4.11653229373904
1163,p,0.202415295253836,0.1174910207566917,0.1852624935655588,0.2201614627164277,0.298243242044822,0.0245862786831451,5.161530745636229e-05,0.5870983338281324,0.3937873236895946,0.3640144491259379,0.0747931712126149,1.2156700135204133e-05,0.6983621537664013,1.2796614958015615,1.294024423823089,0.0360348249402707,6.217355829725106e-05,0.7396873560363851,0.6981254162440775,0.605003724341954,0.0625894225125335,1.5432949932934838e-05,0.811741274693031,1.566476654798656,1.530774233791402,0.6307716264667086,0.6307716264667086,3.7973532269339767,3.576445009677451
1164,p,0.2520937295141555,0.117468318653638,0.1729514365499786,0.2001766753595316,0.2640886792081829,0.0752798264575232,2.065628116088002e-05,0.3845263190238655,2.330846871360044,2.4065235365762083,0.0869972482224742,9.976108206190208e-06,0.7095594671140185,2.889051157148047,2.7953079891980432,0.0287023385258357,7.859310730898089e-05,0.861250504356238,0.6553960354812584,0.6753163428791603,0.0737490999567607,1.68351436458469e-05,0.8805541152707798,1.7440896729001822,1.7281003610241823,0.7296911085725458,0.7296911085725458,7.398160321347846,7.379920082136522
1168,p,0.2339940991034383,0.07476552142276105,0.132149525396914,0.19942823617387306,0.30236074160660353,0.0540989178210377,2.2590521497123458e-05,0.39335386108134673,1.6802622455512322,1.6361147937617093,0.0815391252987049,1.1273176679004345e-05,0.45065116587733733,2.639927047970082,2.5655463478898497,0.03213966467125505,5.494851104923673e-05,0.7805132783538016,0.7593588621755971,0.7334846099060872,0.06812378968368091,2.1013026492031517e-05,0.6246005567074109,1.6657089186957144,1.6504249511602846,0.42877662838738095,0.42877662838738095,6.708612515712365,6.566587800308126
1170,p,0.1851766069854892,0.0539873551991999,0.124294987335434,0.1672105452219708,0.2712450572578667,0.0440973290809575,2.9382767935659613e-05,0.6479769519796007,0.9751865682366272,0.9098590779149216,0.0515847779769287,1.6488804262769086e-05,0.6259498696274642,1.0805418485868383,1.060896818849914,0.027359180144133,6.137045150967599e-05,0.7610578655329365,0.4157372321903971,0.4192877118493674,0.0545533753284608,1.809842419253546e-05,0.7410283440842278,0.8845929364870382,0.8656143889200231,0.6391963012411677,0.6391963012411677,3.3498158251059675,3.2175000280844266
1171,p,0.2154865911467573,0.08371158366537455,0.16501740914332585,0.2258076611820443,0.2876096861783026,0.058765446603195604,2.32328612873379e-05,0.725524194284192,1.597963779989676,1.556821985104757,0.0598600891208873,1.7750146204812018e-05,0.484632066791529,1.5269671659647457,1.5405489165436983,0.0537674186435351,2.936385187304388e-05,0.8422242783021036,1.38920446310066,1.4141654197695606,0.0520933005651457,2.638184846009491e-05,0.4707815870453785,1.2783332769259852,1.2898797774398223,0.5164277134508475,0.5164277134508475,5.442877478813149,5.609257896951693
1173,p,0.2450067129870546,0.1344636218506953,0.2036612085948011,0.2528385522968895,0.2963237005242832,0.0403134470966454,2.460475045314859e-05,0.6930131708660817,1.0817912358681177,1.1290673120458932,0.0776529743117156,1.5165938130087365e-05,0.6204019221220277,2.3439745743798377,2.1711445554252915,0.0408311786749994,2.8611574247931973e-05,0.5645797427583735,0.9505339216365686,0.9856310128074632,0.0870479566327046,1.0884991173135048e-05,0.6739997407164806,2.90899049947956,2.744246465005364,0.5773765873146329,0.5773765873146329,7.295055897735345,7.148910425838798
1177,p,0.3070952186042734,0.2172072155429235,0.2399550767406126,0.2628786776726211,0.3085808865733178,0.0108861331032202,0.0001503032357423,0.4607379035487758,0.2505675369414775,0.2374468610045605,0.125021228041536,1.0213025899517904e-05,0.7617666955256712,3.7998483777029177,3.666957718645633,0.0623477839152222,2.0107498599686267e-05,0.8640918968534327,1.9980031808537897,2.2848173039370074,0.1247217282058207,7.776898011808784e-06,0.6991811060210033,4.905518465176016,4.781796807160879,0.5717364902652743,0.5717364902652743,10.765835736043211,10.68485527255268
1192,p,0.17779032013262913,0.0909785671582698,0.10207970370015451,0.16470993223222824,0.25752562217942715,0.014181254630382351,5.173113524163237e-05,0.6654674959604598,0.16182108688700436,0.1616977935065999,0.06874087938973031,6.782202531929418e-06,0.5511948094384495,1.3350842422283002,1.322925592811898,0.03317125268723775,2.111577577454381e-05,0.6503479297690554,0.5050535643215168,0.4902575215240182,0.054755960046671145,1.5346653933789092e-05,0.7778630021033697,0.7957644144899846,0.7736733024017519,0.5705958000803778,0.5705958000803778,2.840962161456504,2.789191244485839
1198,p,0.1642769146131057,0.092616689480601,0.174003998467898,0.2161690668227272,0.3101000388584142,0.0296692541806198,5.8813494665087694e-05,0.3792370350032215,0.650019629666385,0.6731878313120712,0.0687107767059879,1.2410340275999182e-05,0.6690254090247548,1.6309479539555995,1.6030303419858611,0.0188859611401631,9.320704502842744e-05,0.6773725359449767,0.2417358350164375,0.2624172233310212,0.047171533806993,2.0173712677145656e-05,0.8503466820389247,0.7464902704933015,0.7415675533659516,0.5894988431402909,0.5894988431402909,3.340569948814992,3.30634853640481
1200,p,0.1599247782520509,0.2267952742728095,0.223517055671865,0.1307301866076729,0.1890416974023205,0.01296309727494805,0.00012450939531474998,0.6180726014182512,0.2089879064278118,0.220111247709732,0.0682413152338606,1.4471295425000966e-05,0.7758353097192107,1.933442230606395,1.8619993906000616,0.014786578789984,9.586098837378568e-05,0.7907814081433486,0.1892612204065265,0.2029361555693404,0.0643362349841148,1.657049182217654e-05,0.7815776325539291,1.836492016190413,1.816290356303052,0.5802504668365279,0.5802504668365279,4.093599582055975,4.071811657067221
1207,p,0.1642769146131057,0.092616689480601,0.174003998467898,0.2161690668227272,0.3101000388584142,0.0296692541806198,5.8813494665087694e-05,0.3792370350032215,0.650019629666385,0.6731878313120712,0.0687107767059879,1.2410340275999182e-05,0.6690254090247548,1.6309479539555995,1.6030303419858611,0.0188859611401631,9.320704502842744e-05,0.6773725359449767,0.2417358350164375,0.2624172233310212,0.047171533806993,2.0173712677145656e-05,0.8503466820389247,0.7464902704933015,0.7415675533659516,0.5894988431402909,0.5894988431402909,3.340569948814992,3.30634853640481
1212,p,0.1884219589393793,0.089428838970368,0.1665673605297215,0.1950914272007952,0.295698236532376,0.0524218956686521,2.283826108077876e-05,0.6856996699351082,1.3612920806501665,1.2291692813840238,0.0168847946930854,5.124847929647387e-05,0.7564328097920141,0.1689322027781636,0.1343966584407177,0.0297227616047863,4.867459928695196e-05,0.5699900980919118,0.5687521397906553,0.5249934963798756,0.0891427795462871,7.333168367482484e-06,0.6803880538301338,2.5193043521442697,2.437531041541876,0.6187195730954363,0.6187195730954363,4.644156438759579,4.424202451897443
1219,p,0.19822467008467826,0.06354012327141226,0.11416171927667375,0.09647161628440054,0.16580472739305724,0.030588732203865,6.597899710428543e-05,0.45817610446517487,0.9125090598343881,0.9069056004569176,0.0762063695101871,1.7948401437559794e-05,0.679117340521483,2.394183602724933,2.2174743082814707,0.03151074337256575,8.42437046279654e-05,0.8171143464540859,0.7366103284123702,0.8081047980639944,0.057432526039162046,2.7949503473169225e-05,0.8127598177634346,1.5895305693216377,1.6309150946156126,0.670894600649989,0.670894600649989,5.593428813233858,5.516608304633685
1223,l,0.1699661812644481,0.0932539677273468,0.1630555843627533,0.1471277149337348,0.2452998180878791,0.0322172579104495,3.2729641211800214e-05,0.7021618277523504,0.6843156503884349,0.6391373413448044,0.0639650642481631,1.3319789603713549e-05,0.5545893787714908,1.402307087068034,1.4142266794103355,0.0305881314493072,5.561819899981418e-05,0.8516660356090728,0.522047326529652,0.5194800195639756,0.0490650897311903,2.5581847987537226e-05,0.6473524255837814,1.0019044339145011,1.0143636015092643,0.7833442555476041,0.5614659393607104,3.7373883133143777,3.721024500452304
1231,p,0.20662431873070408,0.07851098288172875,0.13804831494279846,0.15847224995710965,0.25433466281465456,0.0302095132506974,7.414339851840507e-05,0.5030848985258218,0.6900742697797779,0.7257417907761823,0.09514572199574825,1.1022756459777273e-05,0.528779913329143,3.5496920561160197,3.3945822316698178,0.0281415790309083,0.00010025173147574999,0.7227811922113849,0.6258475093669197,0.6609485172052161,0.060337386665634554,2.540187465752063e-05,0.7871675274347683,1.5834373428424686,1.5598427985943424,0.3525999789353029,0.3525999789353029,6.370308203875594,6.274014401370456
1233,p,0.2133971920386984,0.11599211934486185,0.17704596294516645,0.19420511211484565,0.2895311867978242,0.04093767225109855,3.983499173057447e-05,0.5549619099572711,1.3808939927482995,1.301936461624152,0.06918784190717685,1.7167293570441035e-05,0.6153453331143974,2.0515734071849794,1.9875643275362243,0.04595838411442335,5.442899606548224e-05,0.6694987754621404,1.1306911945911553,1.1031144959731929,0.0609220395238539,2.293546414779815e-05,0.718954068736972,1.4836185211148958,1.4669490422563372,0.5838076863662314,0.5838076863662314,5.9680234676582975,5.82229218788536
1236,l,0.1831553099749278,0.06619868486331715,0.1272379885978432,0.1488060492906634,0.2100453767832907,0.0407563626169257,2.896064094955266e-05,0.8134564636174162,0.7864500658573806,0.7607476458461017,0.0565137286401409,1.878543492709581e-05,0.7403118348595608,1.311418050980265,1.2883916973093252,0.0389752118817291,2.58118066292838e-05,0.8429679091569786,0.7959630977141562,0.7525826796197278,0.0499262513533044,2.0442483400174827e-05,0.6375817907594161,1.0754196178244293,1.069305539820992,0.7645750750690012,0.738228456917753,3.908335684864885,3.831050078599027
1240,p,0.1943482908368436,0.0517344694318749,0.0966085503804377,0.137039802226136,0.2225065816140115,0.0339201214289771,6.239544563034898e-05,0.4529935529456431,0.9259390961961984,0.8583248704424872,0.0780502255853072,1.141621420060616e-05,0.6521258725348863,2.3901175871837097,2.33581400568274,0.0262854702097374,9.211066840658455e-05,0.7438738809920697,0.5537029072528926,0.5284117150017091,0.0615314268300057,2.2615574131347308e-05,0.791580035674223,1.438145942157091,1.426392231247718,0.5502027333724192,0.5502027333724192,5.321626901175918,5.23748418644559
1243,p,0.1919668606939256,0.1120883449375439,0.1413557279951048,0.2593754309492961,0.2728993050763181,0.0361212371544892,5.692792303715543e-05,0.5326715723264681,0.9781849325849408,0.9806513740404356,0.0846531733243494,1.202675083773628e-05,0.5615692460366241,2.9604142292650897,2.8701326229927666,0.0201283205647224,0.0001090409454184,0.6541773693503026,0.4230804347529789,0.4267862993269332,0.0585850554733719,2.3860107942161227e-05,0.8550281502273768,1.546988687050959,1.4609086071854227,0.5462084484137445,0.5462084484137445,5.687257283670869,5.608000419193187
1245,p,0.21469309913994183,0.0632055997883045,0.1465698433290893,0.10194976428709554,0.24373739074634496,0.035934861752056305,6.574437603343422e-05,0.7155521498128696,0.9355942888542172,0.9948424497983401,0.0707145360401992,1.3421654714170718e-05,0.7191409587043616,2.2227541066415624,2.066138110103316,0.0591564133102395,3.6904941154347365e-05,0.8308094006412233,1.7729938261925036,1.7984753881485855,0.04919407646616955,2.2803316866825813e-05,0.6857837888309968,1.335777455159603,1.2837577310659847,0.6711167855948877,0.6711167855948877,6.056098724726439,5.962215054990326
1246,p,0.2065489459006694,0.1105593262119022,0.1487210744643567,0.1914697209222809,0.2641787423210862,0.0533123546760792,2.691052772509576e-05,0.4972618929100674,1.817077995307376,1.7827422365161385,0.049401698405408,2.2438429761665363e-05,0.7551051074558043,1.1627100090346691,1.1427839796141852,0.023999161611452,8.970191268884139e-05,0.7630706433467692,0.6388452148711803,0.7043215655952011,0.0829721785749877,1.1792269860109604e-05,0.7465433189581053,2.879511051009266,2.843464093946221,0.6007520920412706,0.6007520920412706,6.361275222104586,6.293659414468851
1258,p,0.19689148189602923,0.1393004107729576,0.19410417946767672,0.2330958610954598,0.309428325696272,0.024514811114104647,7.692889495297743e-05,0.6447380328903024,0.5823308910545991,0.558235761775721,0.08419883756102105,1.328175625841833e-05,0.7388456914301162,2.7239789777081778,2.6381033045568643,0.0254101819065558,9.222855668962192e-05,0.7168633103019624,0.5573579221979694,0.5664569240224426,0.07274561668490209,1.9380144887402505e-05,0.8376440287102784,2.0123307892446043,1.9890916921172104,0.5576437713993766,0.5576437713993766,5.787351614068938,5.7151275371323145
1259,p,0.1948634876494393,0.0718205024773156,0.1205180167091253,0.1861123537461319,0.2543633088309344,0.0319978695785049,4.43225163785848e-05,0.3645817519457187,0.6395067844513423,0.6138811990671083,0.0606974437481987,1.105723499876259e-05,0.6682391884518601,1.3655122723933877,1.3698633580470128,0.0287558572614408,6.59881205435255e-05,0.7631004938447783,0.6826120172854095,0.649402107519751,0.0692519846873511,1.7892072917599575e-05,0.794499578266951,1.7179835964597272,1.6808594920257502,0.5809243626743129,0.5809243626743129,4.560576685460664,4.494809452934291
1262,l,0.2562420459744113,0.1784509685628965,0.1807886608913571,0.164570020344734,0.2731310354726253,0.037018575559549,3.420360383887186e-05,0.5520001698041446,0.929240182354086,0.9451877797249572,0.0891862196750551,1.1983840740945282e-05,0.502744258605982,2.765948197012998,2.7312829871351907,0.0525855136165681,6.860930532142756e-05,0.8396899988630995,0.2679558062956259,0.273698719206524,0.0912111744110555,8.236994112479683e-06,0.5802739368584046,2.755987422673513,2.715072347299787,0.793717025719908,0.4903448048463279,6.485002756066058,6.408501275295475
1263,p,0.19431769096510126,0.07665397340656421,0.1394840843661059,0.14881489429761113,0.24886632288973995,0.05191391444727695,4.3735724907857713e-05,0.6157176881315034,1.657593005175261,1.6184424529248664,0.061951900202751556,2.8058525020340335e-05,0.6395771452274387,1.8829814528638193,1.8118491520160354,0.033199512847864945,8.850185633568064e-05,0.8316401065788688,0.9089554319442437,0.9930689338458205,0.0525096531193283,2.8924220648346392e-05,0.7622095937096098,1.5540160803632697,1.500729442166028,0.6047321650735483,0.6047321650735483,5.960174077587066,5.894371626863176
1266,p,0.22168025900567057,0.0764035409072677,0.1354887812995807,0.14693094249943617,0.2287321424620957,0.0551423741563381,2.1790344039327598e-05,0.4714203526058617,1.7597539876665986,1.7492884871979033,0.08849068933721596,1.227610915462118e-05,0.459660527003777,2.7143966391471324,2.67227100757657,0.0268613762898971,8.34309154533222e-05,0.8343499213715618,0.6863165396066055,0.6630527040387167,0.0542244827465876,3.3617256691193e-05,0.8328606474950231,1.3918106977914093,1.35175918917942,0.6685402400496345,0.6685402400496345,6.433945874927458,6.3346329785675515
1267,p,0.2731859039530032,0.1460357184923165,0.2192235068866739,0.1905195592487689,0.3095498438935648,0.0549329141256761,6.458844780401395e-05,0.5435269572209017,0.9263491766916404,0.9007352051481696,0.0971892128415948,1.3005288701710304e-05,0.6178529752020455,2.369338084140367,2.3327906684906314,0.0516370341934276,7.105810134010914e-05,0.7089955248058444,0.8948275206691144,0.8784694149107652,0.0730301575176418,2.4365533740705653e-05,0.7544733772933846,2.21184181467608,2.1040508779918268,0.7189093400511266,0.7189093400511266,6.281191730789827,6.129223751250214
1271,l,0.2463680580632273,0.1304758144259484,0.2002371311976933,0.2052825325514386,0.3365369043392082,0.0466416290558121,4.221362576150574e-05,0.5696501046306462,0.9228135663275856,0.8765392482184233,0.0981718672573867,9.917462362191777e-06,0.6750421315577102,2.6098924949711813,2.5276297639943843,0.0454349684797133,5.033098838320943e-05,0.8092805606652791,1.023952297776572,1.0545561755763693,0.0576213590786066,2.658024362396776e-05,0.7337172256160627,1.213256521560535,1.2311272089774985,0.7387337576675403,0.6482682693799995,5.663153872537048,5.616220269582209
1273,p,0.2851471962423346,0.1576804696680644,0.1972867723614275,0.2757775675167261,0.3155871024514561,0.0507308623626658,4.278764771996347e-05,0.3285376485636604,1.1396939705647062,1.0703168680554611,0.1005388658131466,9.644957830039514e-06,0.6416331607885142,2.2772397262581645,2.23850533568092,0.0511751727988127,5.8489786668634905e-05,0.6815300615443273,1.6748582207708909,1.4669583124736976,0.0922556156430386,1.3273554632210649e-05,0.7702968630386279,2.876934843022256,2.803066304913093,0.5036812384257684,0.5036812384257684,7.82867620767885,7.557474622164426
1274,p,0.2287210546478134,0.10399165541130509,0.1800281657416482,0.2552259696235335,0.3145239671472124,0.0582693129560623,3.274603609188999e-05,0.6009209739194401,1.4830080059522155,1.433769285017082,0.0744368036237588,1.0598421142571663e-05,0.5741119857326453,1.9092915234386296,1.8280121940975629,0.0394088789601807,8.054830542996683e-05,0.8742765268863348,0.8078268187262012,0.8238666480688552,0.0606868947150273,1.7820529735051566e-05,0.7532328624101633,1.4092661238849606,1.3616822563792816,0.5302508604269248,0.5302508604269248,5.625423333581493,5.539890410759255
1276,p,0.17041538402193204,0.06408617356180704,0.12547693320062542,0.1169290197652189,0.20335408360840185,0.02658240802621785,6.465107521811542e-05,0.44279734127196213,0.6011323928361422,0.6144629768382491,0.06363547545467554,1.3349920793342265e-05,0.7019661402043339,1.8030299245052535,1.7046234147366226,0.02407348042655475,6.838108868776027e-05,0.6711431538491888,0.4959335289347608,0.49747393490330627,0.05367124808218525,2.174515567121095e-05,0.8153806969954708,1.1723506756054602,1.156929409545227,0.5935021352247101,0.5935021352247101,4.179724059774979,4.123888407872628
1277,p,0.2152089970135633,0.1923956245503717,0.190470016215003,0.2293033185047246,0.2760202536106238,0.0239178060183145,8.42969166231559e-05,0.7409311221449123,0.5860748765213087,0.6004125440355187,0.0970347221541353,7.089457816997678e-06,0.4519195630758781,3.075897985564788,2.955507520444093,0.0534552013449132,4.712531208029255e-05,0.6799213370881494,1.802922038754104,1.818030341366179,0.054834133643631,2.8468243830665723e-05,0.8971096923011707,1.2206053425958985,1.3184014713675398,0.6156093076591754,0.6156093076591754,6.379389265995954,6.320886440208692
1281,l,0.2254845847915214,0.0826302599599681,0.16865759629434834,0.15605171673033524,0.2773135601649443,0.048542174577187305,5.405052707727295e-05,0.5076677777899576,0.22357690450373652,0.22893839698317187,0.0708939283295768,8.924185473136013e-06,0.7782103980069413,1.361542334287778,1.3359072831573984,0.027608295260226297,8.855672866466379e-05,0.5950042994603546,0.19346245687767524,0.19739920337671985,0.0745988445424767,1.3342874972278545e-05,0.8666056270738771,1.4463235381668906,1.4374061946142316,0.7905551882611321,0.6791947579612655,3.1953603762489897,3.1065127247413646
1282,p,0.2039057414167813,0.13777933819661886,0.2077545704724665,0.2639314195418696,0.349015438095409,0.0151564129705983,8.506243674356372e-05,0.7705648338453196,0.0773515480662812,0.1221608899596214,0.0577041814192556,9.38070937100704e-06,0.6704048935123613,0.9487510546086269,0.8901368223618996,0.0738889204151673,1.92128582880279e-05,0.7295515042572768,1.6459065442050778,1.595098086347595,0.05968570234077425,1.4526435581873436e-05,0.5915909770918073,1.1553322508311967,1.1399755379976173,0.5666758115692911,0.5666758115692911,3.791773634677488,3.774497936774136
1291,l,0.1976872946575735,0.04833336138082795,0.10910607339042085,0.13147928514056584,0.286611189806122,0.02376129594397855,5.746428737569947e-05,0.6348414621927374,0.25952193675244917,0.2638732958092064,0.07202800040309429,1.081519915764916e-05,0.684300990300956,1.2522641537849433,1.2492567744875454,0.0129469246025685,8.017417837130771e-05,0.7423777093349094,0.0861318922909067,0.09934915235996385,0.06888195760576654,2.004899897974169e-05,0.7478657288284003,0.883592095253114,0.8824232845891944,0.7674269795020703,0.5830096408586889,2.3107308999740277,2.307518757154904
1293,l,0.18345340280160188,0.06719535298545004,0.1373932927022071,0.25054186687494834,0.33036445872277187,0.03162910505374435,4.083382460693815e-05,0.7151324447457486,0.5727460515854409,0.58718197106214,0.06291213354276246,7.87840792831923e-06,0.5918406050027638,1.302622570737889,1.2906628375033697,0.03287913346561465,5.1661781438313e-05,0.8448296752184716,0.4480893875464506,0.4594314318341496,0.05281088074742255,1.437855509719257e-05,0.7200883761489141,0.9757044447630456,0.980812781446483,0.779631189993796,0.5659126108498158,3.389362471529249,3.3785124052254996
1295,l,0.1592882158421677,0.0779774666169453,0.1831011055325283,0.0893950196371143,0.1506644481943021,0.0668048051189904,1.956176157577228e-05,0.6902123204919811,1.3069154788517898,1.305169960409447,0.04892533656148195,1.5335494884139854e-05,0.5292633962202157,0.6612649393102119,0.652689475222388,0.0362903297924372,3.152859139539452e-05,0.8454931071627652,0.5621040712764954,0.5752611583075337,0.0043344272483793,0.00011167755646389999,0.7404284324869876,0.0212023794124717,0.0438001665689914,0.7944130207298074,0.7568279864302647,2.727604808511563,2.7029855469831463
1300,l,0.17700045270285059,0.046451274890589256,0.1333357159515445,0.16143910764862918,0.253217227088277,0.05432155536242035,3.152462946931221e-05,0.745997524933164,1.033374457093112,0.9694274955160591,0.05505031380984355,1.681779584068073e-05,0.5667237928605402,1.060609496419791,1.0094820877248436,0.03859435614849485,5.310289076363781e-05,0.8396616138502933,0.4121485691610892,0.43470575399330724,0.0256275047477865,2.375260867321765e-05,0.641709561227295,0.3138582587060751,0.30896687167038983,0.7926878914915569,0.6282667336452832,2.8210335850994674,2.7952278245966236
1305,p,0.2225209676768761,0.14532364827606795,0.21715325435597035,0.20283814377111975,0.26320424873386894,0.06948673005482009,1.933404859377431e-05,0.508567396046751,2.3616056549319415,2.3096603186827567,0.0780548370242201,9.653381368440575e-06,0.5994790268493944,2.8150348501217133,2.678087454881666,0.02031801729899765,0.00017595481743854998,0.7598145180951597,0.41842679833034724,0.423424997925789,0.0647480317459742,1.3989730792590877e-05,0.7758187659390006,1.7665731967646867,1.7015088402348835,0.5290029582297355,0.5290029582297355,6.849998104671517,6.764477230274371
1315,l,0.24099696344397945,0.08482816172767746,0.15208583370496953,0.17293580326531033,0.2627447646757129,0.06513212499166875,2.380987208853933e-05,0.6880003640522622,2.5070382709331955,2.4431525996958112,0.09608919535775826,1.4845707269590169e-05,0.46548458074884336,3.7940472823314693,3.586679480051553,0.048634131364593144,5.488628126146212e-05,0.8801742128540082,1.1511471128387047,1.163132079535162,0.044399129307498245,4.362119702484574e-05,0.8122198989299502,0.9873482259541994,0.9767834019836236,0.8120308383223936,0.6666132436463028,8.193784180006077,8.030546983949385
1319,p,0.2117200662270127,0.07712399508214,0.1606702474428908,0.1571550529673757,0.2231286822785959,0.1334528583431371,3.0967122994938856e-05,0.5283807344994764,1.3864481615490458,2.745063849522844,0.0681759370165102,1.4700504427698248e-05,0.732312192452442,1.0455821926560225,1.23940365401205,0.1137673345484347,5.786986943338496e-05,0.7650546226207139,2.3686437820747988,2.205255227809534,0.0199814195666759,9.204112860721176e-05,0.7178347836358693,0.1134072894766434,0.2520568161601059,0.7454244893802175,0.7454244893802175,2.2655629234331065,3.57982726602388
1320,l,0.1836381196832419,0.10155443285503771,0.14249944565443873,0.20410877969091978,0.2567557206307855,0.0401549748262584,4.14608709281221e-05,0.6866687595733822,1.1075946956416307,1.0204170435133428,0.06291747170775511,1.871078023384419e-05,0.6747760251632742,1.7544607109231545,1.6613743091381692,0.031576249873617054,5.915307065540599e-05,0.7473908711996272,0.7766730660989182,0.7844804227296038,0.053885573291615904,2.705557308527973e-05,0.6925613758426391,1.3991732179340903,1.4532108761386013,0.785757297167737,0.6614315158746789,4.9753502566063155,4.9152006951589104
1321,p,0.2488098725193713,0.14273702633669688,0.2120186370303097,0.1351786821465667,0.3140901450184373,0.058476903583764894,2.429630359863801e-05,0.5645343225819675,1.7620418896868761,1.6475348736872126,0.0735840141954545,2.061035616327206e-05,0.5201028422459418,2.282677788129308,2.2029740795208017,0.06710396688347836,2.7272457525583394e-05,0.7811729635254514,1.9879413533864179,1.9511342934893512,0.05749637663492295,3.1302239934443623e-05,0.5285478532611639,1.4915457130119856,1.4687135224684842,0.6050618006609708,0.6050618006609708,7.3098237874829,7.1513862447433265
1325,l,0.1282219798742497,0.245035431724592,0.2260324463512299,0.1145588731741985,0.160850281108454,0.0318993547003333,6.393368143105184e-05,0.6675925848878702,0.5203075581907136,0.5312898051514595,0.0658369538426532,1.0785993909818443e-05,0.7097550984249598,1.207229748648634,1.1950889560285052,0.0215177844506644,5.171270290822615e-05,0.6713747250254685,0.148513523560046,0.150916962446208,0.0118493617956665,2.7943181712824075e-05,0.2391610786953979,0.1483901406568573,0.10555451020345,0.7769634424864761,0.6965008761654399,1.876904185313067,1.86356640714262
1329,l,0.1924740135898067,0.1016614153059726,0.1717238789098502,0.2332872520128779,0.2816276134961235,0.03604829569212,6.75332043549829e-05,0.6409423706166472,0.5958035581402108,0.6017413180513208,0.0557314832337871,1.7569571570322248e-05,0.7511708152303325,1.2065469722922315,1.1694818499963016,0.0390109691591625,6.286260852044723e-05,0.6363093379919031,0.8586748441710315,0.7966737397381332,0.0607372625303173,1.7424747329119708e-05,0.7675288335959778,1.3522711421670857,1.2730647064260383,0.8136864640661889,0.6133422274771418,3.8903733329612766,3.839109631989366
1335,l,0.1863837491652791,0.0747422327373122,0.1287817167126351,0.1670439154465707,0.2231844510259895,0.0317476332263471,5.249573847355547e-05,0.6109422759829166,0.6808331793345839,0.654795709187012,0.0630996089359546,1.5405563198452548e-05,0.633859553508518,1.6307692340440465,1.6025638026298517,0.0382913717268865,4.924172036218919e-05,0.7155940179940303,0.7898559903071922,0.7666601254570874,0.0492406686219272,3.0714213022725874e-05,0.7047805477613318,1.0084353355821172,1.0030500314855664,0.7610978493182083,0.6213660200705359,4.0841614436172335,4.031318547222599
1354,l,0.17640469802658398,0.1500453236291057,0.1612946239968643,0.29500971960475425,0.28632087950066587,0.0315560978985392,4.845461669218633e-05,0.5733653365472792,0.7076392087719112,0.7674689671971291,0.07380626966446505,8.903374750090645e-06,0.7644742773454762,1.788450748646072,1.770185752658713,0.0121056494300129,0.00019607427832044999,0.7173624389795676,0.15084163904721581,0.1985310328923656,0.06322101839693076,1.4560196743135177e-05,0.7400637271275325,1.6390093535159052,1.6130285628066283,0.8037109829359924,0.5217802841389529,4.215638344636271,4.211673502780664
1359,l,0.2144244090543108,0.0631941071145883,0.1451587352024446,0.1236832179356799,0.2295856641258059,0.0439774525940806,5.216605178062548e-05,0.433826981392989,0.6192290610963207,0.6641244672492173,0.0812147167221967,9.921862368732864e-06,0.79399921721267,1.5203980953774772,1.5144454209832543,0.0256361057905016,0.0001055093916844,0.7929954592365209,0.2143977796096533,0.2718009316127529,0.0663773886780353,1.6001652787773738e-05,0.7599969869348007,1.3005610078787382,1.2816002004139746,0.7716817663661305,0.6615281346385954,3.67794781796772,3.664734818927697
1360,l,0.1520553238630142,0.1302922046440389,0.1371722761447102,0.1942505843376862,0.2154825784586582,0.0188883153119392,9.391622242757783e-05,0.6673726741663275,0.2580430667256523,0.3085241596843635,0.0495393641681469,2.579414750172205e-05,0.8257803818686817,1.1487795897095852,1.1174740415617803,0.019976679551691,8.657915165210671e-05,0.4136992518093148,0.3138719661334584,0.3534486993362419,0.0563149686975149,1.4014117615554525e-05,0.8012438879427094,1.5376010833369684,1.4175667789112243,0.7742573626469045,0.6770094088338865,3.1711405248966456,3.152157001794373
1376,l,0.17563507840164,0.05450117098299815,0.1187195693829527,0.1721918486419321,0.2480210658275429,0.027195848742191102,8.649173106919336e-05,0.5567976761540986,0.5111212380982598,0.5482224372554867,0.0660664958033614,1.6800094234473254e-05,0.7718157353475118,1.7098528282254275,1.6107313379467016,0.0216429376170089,0.0001422819874173,0.7120350582430242,0.4922662857765996,0.5015911352910697,0.0585425709546201,2.8918943383528017e-05,0.806192292492096,1.3750064592008313,1.3274609231321008,0.7756954858666891,0.6579082526335667,4.020488067035288,3.929945155531146
1380,p,0.1504688783837144,0.0799325145363506,0.13084184603746069,0.1593927373556264,0.2481465179298016,0.022394140473803947,7.794328181806682e-05,0.6872215381575599,0.31848901402625174,0.32876435740611454,0.044713058038037545,1.957633445130041e-05,0.6988906965573127,0.842614873828097,0.8175684057747422,0.02388134289353215,6.411341585523209e-05,0.39945426752922236,0.3649456503187532,0.3864894406567005,0.05478128204830515,1.3570747183189327e-05,0.731387886188894,1.1197463884032186,1.0756634588119012,0.5380180682581794,0.5380180682581794,2.6188243577446046,2.5993059808221277
1389,p,0.18488107384570168,0.09210089306316316,0.15151150282087578,0.23337985930025465,0.29637380322147666,0.0188421156112397,9.858768464438949e-05,0.6561831853189832,0.28433877861188583,0.3025758790735745,0.07067242188935194,1.5787386366156367e-05,0.7120890371044227,1.965601080708391,1.946219101767796,0.024739427595178852,3.762439876399961e-05,0.5255905553261757,0.4536953616648859,0.481490398962664,0.07444652215556044,9.80663334551483e-06,0.7082637424227355,2.017677620688697,1.9680944463749126,0.4912363515644611,0.4912363515644611,4.715161415673334,4.6481219760200325
1391,p,0.1455043686738911,0.0682174630433081,0.0904810376218399,0.1279101165576764,0.1805248092258484,0.0227876878347574,9.562192974931898e-05,0.7996801519822268,0.3859031838665099,0.4115315867369161,0.0446125532268776,3.552295575342442e-05,0.7010657802335455,1.10030383000403,1.0726008554948303,0.0235345226765282,0.00010084609984562904,0.7205281527370454,0.3742149388887436,0.38642844505115453,0.0588780794027674,1.825340246241128e-05,0.7414341342370916,1.663168456740561,1.58194767698737,0.6679350145681853,0.6679350145681853,3.3726938110484546,3.34198001731264
1396,p,0.1532799395721487,0.0611847803126958,0.161771042954091,0.1141501895893499,0.1848344795564352,0.03728719143287845,4.596056799446782e-05,0.7869556876777251,0.3338825156204611,0.3426463123589827,0.0085885274893448,6.722812745122668e-05,0.8240663256495608,0.0218880179314796,0.0219095823096839,0.0383718323769185,4.571343281423815e-05,0.4981827682800415,0.4237985193857263,0.4496185067523396,0.0653958970040679,8.611720482461971e-06,0.6031343593806646,1.2050774830472546,1.1869472353228945,0.7626584777431801,0.7626584777431801,1.9825648433384375,1.982031329229709
1397,p,0.1484696885651599,0.06350244945771065,0.13135020136884035,0.17738359790351016,0.24343723205983964,0.01928868559938285,8.731346635517419e-05,0.4991042811677251,0.13967020663177887,0.1466606924143187,0.0414621879336555,2.120733188694018e-05,0.7576081890431559,0.5490884729210773,0.5498573908846308,0.023078128727830202,7.087922062088468e-05,0.548192666491183,0.21437532248972568,0.23677080360331404,0.0486989088626349,1.3797130812467273e-05,0.7842039732852653,0.7115080339468132,0.7062053173475527,0.6546275445881125,0.6546275445881125,1.6215217615224753,1.6082051572205551
1398,p,0.22200479707206133,0.07376466530287196,0.15412075821729104,0.1803521747919648,0.2683916573024746,0.04198140863182125,6.617371786498552e-05,0.7874723871992916,0.7186613895945719,0.7432119654925726,0.06491016860886151,2.0349563492401836e-05,0.753388741725821,1.3948851442141088,1.3745739731697326,0.044576408451817456,4.3554701156348703e-05,0.5592345366411395,1.0460564955487937,1.0379553695370993,0.0719506800034535,1.2827677693164728e-05,0.6363947578388965,2.176839344540176,2.1044900156831923,0.6020739085884896,0.6020739085884896,5.276755978781121,5.215229239008256
1399,p,0.2228090677131238,0.1099981816193289,0.1723346166245705,0.1588116477979739,0.3091026665838051,0.0527553985932531,5.964943099347353e-05,0.8128073709273058,0.6386505039489266,0.6219404947675089,0.0601734521101872,2.738480916404153e-05,0.7338493295499696,0.7075041308295753,0.7067623413499522,0.047947321473714,5.149857940362721e-05,0.5714402255262735,0.7079425890728542,0.6959831178520107,0.0667916422563513,1.4282669873795165e-05,0.6576815298675344,1.2572644252754068,1.2421072801013608,0.6147544931022925,0.6147544931022925,3.2479161758828234,3.210785920055754
1401,p,0.2030772853082904,0.07913679014223934,0.15090333049436744,0.18260542924709938,0.2672817673536809,0.0213756353554969,9.610540594156853e-05,0.7397767130346249,0.29542584007334577,0.3369566531555558,0.0810528390510183,1.5447764906728966e-05,0.736654991882996,2.1243003515595156,2.0888404849062248,0.028830497801747852,5.86773940423059e-05,0.4042400572083271,0.4851184761537666,0.5264970897758054,0.07690847950972045,1.1843165239885114e-05,0.762785488441089,1.9022082867396097,1.8449766209509995,0.5498831493032488,0.5498831493032488,4.685460645085828,4.6600013918904
1404,p,0.1716549429033945,0.05325917486487575,0.1323958321035513,0.14974569871853885,0.22248794787153886,0.037241353045040004,7.81918123030625e-05,0.7339046730747147,0.4383643775558892,0.44347622331843506,0.0424798741094104,2.9781304729873088e-05,0.7189856353906379,0.6725319603817238,0.6557452912273456,0.024670970449016248,8.3306146014236e-05,0.6688639238481802,0.36417100087225673,0.37976606627981285,0.06377262799065214,1.4018724766281462e-05,0.6567414416432507,1.3626772933721205,1.3329410806082567,0.6369714380924016,0.6369714380924016,2.7946295340072203,2.7778526953798384
1409,p,0.1469347273519289,0.0485732133509335,0.1181941326488046,0.1577428490408219,0.2103538194320481,0.0442934743271046,4.522913122511567e-05,0.671895721016187,0.7474591354672163,0.6715501976177886,0.0344113605330156,4.8522240986075415e-05,0.4285653031149853,0.7034654717984152,0.6966598921142185,0.0260237434418954,6.188521183033521e-05,0.8533637041349671,0.5335434409118633,0.521733217388421,0.041368951637209,3.4841737798765435e-05,0.6614809966697203,0.98095941282865,0.9443370490463728,0.6359402862773094,0.6359402862773094,2.917507249070229,2.8281957286031014
1410,p,0.1705916274119539,0.12905941441794938,0.1820723393686915,0.1990802019042216,0.2410840612689216,0.0476048931037243,2.5634667499919733e-05,0.5767594176423343,1.0222487960480606,0.9702159835896917,0.05768042600897335,2.1921981124531112e-05,0.4796456012991382,1.5351799914576525,1.5319581183417736,0.0122412410655641,0.00014319967234580002,0.6462393651848445,0.16452282389787634,0.13817005615068217,0.0575119283477381,1.840873503976033e-05,0.5861272286105708,1.5457031310422764,1.51746191464043,0.5063002045252785,0.5063002045252785,4.198448699809969,4.160485378085436
1412,p,0.19213057889635585,0.09266893927382325,0.16466690968525274,0.2185085035153317,0.2941613380650081,0.03605487257053665,5.059584545321483e-05,0.845111626775628,0.7079415389031747,0.6782849213514679,0.05369637914651755,2.4927264515661565e-05,0.4889641838330163,1.3268782720364993,1.2850439910848213,0.044583022912345796,2.7633875161320828e-05,0.7903882895203926,0.973275113418744,0.9450299862565049,0.06171674794546065,2.268453835665405e-05,0.4518700601975265,1.4562119630597374,1.4297188539182564,0.5906154722241377,0.5906154722241377,4.399187882849979,4.365470496699475
1414,p,0.1912143424786609,0.1430307077082566,0.1957145564818742,0.2682044599622263,0.2940049980434916,0.029733160180976,6.92132998659641e-05,0.7579144175216833,0.235387572931582,0.2431399362989769,0.0394108839619124,2.494458786799458e-05,0.7919924765147883,0.5812287081852412,0.580165061817736,0.0477404925638373,4.216091987646286e-05,0.4833326858407026,0.6072300435960281,0.6335469392673757,0.0808727660867621,9.33552892431185e-06,0.6300865004575464,1.644143182215617,1.6220177256486985,0.5991237658916121,0.5991237658916121,2.9169597967406315,2.894459566813165
1417,p,0.17527149017415894,0.13581438667244883,0.188284545518694,0.17016670471112888,0.27398351233571105,0.037139639681192854,5.822024242041799e-05,0.739553454040806,0.6404935872632186,0.6903478748707381,0.055963562572711595,1.844756588595538e-05,0.7307009331896276,1.0292150636238386,1.0192184052097157,0.017240319402163952,8.602746683203713e-05,0.6445428402976934,0.20828186503443358,0.2650498453222614,0.0783106026386103,9.970713271317257e-06,0.6844817378991741,1.6744366056653348,1.615379504405111,0.5259176243384349,0.5259176243384349,3.4031992184216158,3.357334003086226
1419,p,0.1824865464476702,0.107825571946982,0.15875303977442154,0.17144929406184284,0.2795302721192453,0.02425370739049805,7.566810059770663e-05,0.5278811522268169,0.4448217704484698,0.4621391966212753,0.05943234702413995,1.8840727618017327e-05,0.7727799135783147,1.2982153650493242,1.2963030903212047,0.0240917995948891,7.230042419649916e-05,0.602606167740485,0.36182992870584296,0.3898833977103387,0.07600675003977844,9.553831279721614e-06,0.6589415378817076,2.0038049140829077,1.9329419325992934,0.44128266405894634,0.44128266405894634,4.074133782766822,4.019134308403723
1422,p,0.1885077072739411,0.0932026470558485,0.158042794999501,0.2192950962220895,0.2599724803679389,0.0539036399835897,4.162626237077917e-05,0.8387034957886572,1.1269711068668042,1.1352622351283606,0.0183182811457063,0.0001388898980469,0.6180142032840442,0.2589055518664684,0.2935229313080942,0.0473924653076939,3.716882818094841e-05,0.704346745741158,1.3155815947182237,1.2116171554879254,0.0701149427160031,2.116156722901049e-05,0.4164206303078027,2.014327721883157,1.9897078734455984,0.6672680618337943,0.6672680618337943,4.685903599919596,4.618069585848741
1423,p,0.1548655385739314,0.19669412120502416,0.24312249249553664,0.1518997094612688,0.2199884903213155,0.0359615535243104,9.274538059053234e-05,0.8625603775044115,0.3658880177538123,0.452226805311969,0.0447032109989205,3.0827225205952114e-05,0.7554493361982145,0.8781001322346187,0.8730030285378753,0.0192664837585638,0.0001144601522679,0.4203993715263469,0.2165786948301199,0.2208924300567564,0.0612970873722659,1.873554599140668e-05,0.7376528478267221,1.3593550400026209,1.318184507916462,0.5678423161417017,0.5678423161417017,2.8102874093266323,2.778690889849268
1424,p,0.1694718288185056,0.0796314094420024,0.12786205097106015,0.1888834767144118,0.2428076047495173,0.0342237637749863,0.0001008965572902,0.7916252945194387,0.4441977926858779,0.5174301370935384,0.0468313251593996,2.6836796528490628e-05,0.7354882257511485,0.9728374619217652,0.9775901141298168,0.0340394615591262,5.2583917653618506e-05,0.475541933401646,0.6624437240482914,0.6722308719161406,0.0613376891981944,1.467147668906886e-05,0.6113478586238354,1.4600519650992003,1.3981594915541151,0.5630908283109372,0.5630908283109372,3.4269767312172275,3.381721271139841
1432,p,0.1549615518054991,0.0590780489611935,0.1231374561020564,0.12849308768941214,0.21312308675386682,0.02590152571376035,7.067932803426069e-05,0.7941554025795241,0.5383442651104007,0.5440731841428249,0.0392359930881393,2.6357529479572686e-05,0.680524406836353,0.5729896295945839,0.5745529170254995,0.02566957723274115,5.473209166582513e-05,0.7219276578792116,0.5984287490544773,0.6042912689523373,0.06131603971914815,1.3779511031669677e-05,0.7059220063860077,1.132532714193636,1.0839631112367354,0.6569387355787448,0.6569387355787448,2.8044866616023567,2.770969449527438
1434,p,0.2085639625751982,0.1643865242057141,0.2058193561388076,0.2776838070194695,0.274481930868161,0.0481473236306619,5.305285741770175e-05,0.7559615461482314,1.0323197080997502,0.9945294117660666,0.0465260424730677,2.4243874138201464e-05,0.6891985454098144,1.0284309702136352,0.9819413043746168,0.0660723808806587,4.86418299236447e-05,0.656442495352273,1.3129711106842976,1.377190040066702,0.0607734263080996,1.707703858847845e-05,0.7265472624219175,1.3270734910144495,1.29731640399792,0.6296562461483156,0.6296562461483156,4.307798429812866,4.266099311878095
1441,p,0.1654469898927758,0.07768076158675405,0.1359681728691417,0.2620331049500245,0.27505787919472857,0.026206099189985947,0.00010411045803325,0.7228164277002539,0.4265872090687536,0.43264374118978177,0.039358642574863656,3.852335351164103e-05,0.7754783396994279,0.5882514386384443,0.5681639666765184,0.026535575560094803,0.0001599850464422,0.6176133893792779,0.3376232898332278,0.31078919757285195,0.07930295447651725,9.62023301118813e-06,0.6628383875137773,0.8793512824315844,0.8658797919085383,0.5545452460962599,0.5545452460962599,2.176264856207948,2.1393139873998477
1442,p,0.1809499848796704,0.0874417540119725,0.1434530983359597,0.1732394901666268,0.2364464930391973,0.0299902804549165,7.072210546929225e-05,0.7157304354260196,0.5413180829404428,0.5351154663303691,0.0550309793947673,2.803783232679861e-05,0.707762029402376,1.2287437955686946,1.2234673639613365,0.0377830210704489,4.523815141553026e-05,0.7036316527529303,0.8782449742930654,0.8174849261708165,0.061339339377661,2.1864602445385163e-05,0.6641003959882862,1.5367157176166413,1.5078224318796758,0.6477117603334809,0.6477117603334809,4.158695952036918,4.087595507429869
1443,p,0.1713205773013129,0.07469286038055395,0.14920175723714554,0.1887558266656235,0.2470442012498662,0.0462254145914348,4.578814319899237e-05,0.8400936256268683,1.1254118440436145,1.1072467072550314,0.0342602073628426,5.249879241958436e-05,0.6041206496716428,0.6506972961723132,0.6661257247581074,0.0319241177252146,6.660096171384736e-05,0.7350343094255811,0.8307698856063208,0.7742012027595034,0.0590982956929955,2.069363323918037e-05,0.5325966652724387,1.5570661422646808,1.514740138072462,0.6256119739565453,0.6256119739565453,4.048266910226878,3.982330010994888
1456,p,0.1513303085846599,0.0980752559239946,0.119601204241536,0.1503874265120172,0.1972677602103005,0.0302805678226091,0.0001431292784672,0.8393617616005109,0.4846828146949005,0.5355331670105559,0.0303513151828083,7.026554074420833e-05,0.6463099274371485,0.7097821221105821,0.690696113975305,0.0400691890923743,9.87905068489189e-05,0.7967244103576483,0.8959751463567553,0.8879846376389261,0.066578014630838,2.1871957703435783e-05,0.6324815022880557,1.450369497523283,1.3522288030489995,0.5527265361574006,0.5527265361574006,3.4231303616132687,3.34368601528043
1457,p,0.17188239560735005,0.0864147178328949,0.12753800575188465,0.1527861841483268,0.20941394425704196,0.02879867199574885,8.94623150248083e-05,0.8374882635327776,0.7273878692127458,0.8104079015959972,0.0367431769687033,5.209557672318564e-05,0.7321545465438696,0.8764044530747235,0.8979547911012578,0.03212840481200205,4.957610239453346e-05,0.4115974068590253,0.8884787740198392,0.8908651508796008,0.0977565043842781,9.25051473841345e-06,0.6505180869410319,2.695190839640518,2.6017512958512325,0.6386474220949228,0.6386474220949228,4.689025040444792,4.6443307288242055
1458,p,0.1649418759852114,0.0832389503384356,0.15234883357190004,0.1623063486484248,0.2449482594470656,0.03653655735987935,5.279258718933439e-05,0.7703264810810592,0.7481338284011674,0.7693841834308257,0.029584739072734352,6.854541665434104e-05,0.6913289670307383,0.2671145833310596,0.2518140029893484,0.0361679047996606,5.443338248420931e-05,0.5374353569020174,0.7736730682644573,0.7523039465927801,0.0604755768120403,1.5455299437934707e-05,0.6042777070163012,1.2467467557695746,1.2024080268055735,0.6404198834187755,0.6404198834187755,2.9508675024493414,2.9224422990524674
1460,p,0.1499516241007663,0.0497225209526548,0.0876183671964339,0.1723048144148456,0.2039507547257951,0.0348214168310984,6.739226531733747e-05,0.8458975010895851,0.905694396732494,0.8376167942160143,0.0406660224799548,3.995515660773219e-05,0.6299697177414019,0.988259161233514,1.041481729596216,0.0331464491712278,5.519108769810492e-05,0.7993016007474589,1.001543783443439,0.8811976931921173,0.0469130248235738,2.962349335641629e-05,0.6443506383851765,1.2672409139886274,1.2478678001198555,0.7051021805277757,0.7051021805277757,4.072831221358212,3.971971085039684
1461,p,0.17661007938306117,0.09633899596930179,0.1449451036615031,0.1977261941075162,0.25115034700443073,0.0326883291507229,5.4637107351763315e-05,0.6321377388636547,0.7117736753876887,0.7097500577596922,0.05789093191530205,2.3247710801937433e-05,0.7128549528590027,1.4255188778238868,1.4340424887549321,0.0393534061142194,4.8989219837714616e-05,0.73364883158565,0.9383200607322113,0.8713590909212348,0.05688667189985905,2.1264003765720898e-05,0.648677091884953,1.3166892654402325,1.2957624482272894,0.6242116382754153,0.6242116382754153,4.274168089452388,4.23134114153641
1462,p,0.1517046474465742,0.0567519044084379,0.1071657742153703,0.1272291062890105,0.1908360908536023,0.026964371078203403,5.7791044672690036e-05,0.7006929101910084,0.5500502489966226,0.5599003365912876,0.04120393136581115,1.8497903008761725e-05,0.7765663641351426,0.7735406376869687,0.7668390517705246,0.020990590372826003,5.696865545441366e-05,0.402600541475053,0.43800740730223353,0.4646166896095142,0.06124547025154155,1.0676566001391854e-05,0.7713398255804711,1.209903774108898,1.1653340074330445,0.6398094605976321,0.6398094605976321,2.9838436409324727,2.9705729447239655
1463,p,0.19159054437806633,0.11656939320034415,0.17034494539376174,0.1887891113301035,0.2636580045933211,0.0497183029051292,2.332513348274142e-05,0.8681856428489014,1.3362752411098882,1.29511627645867,0.03346894917468155,3.3833199065250015e-05,0.5901302231798331,0.6081982076214254,0.6473830955593638,0.05804065224059435,1.8770287809047358e-05,0.7962470035262661,1.8231007177257714,1.7360653767699814,0.05726256025445055,1.8498405196701612e-05,0.5294643512844772,1.33392004340761,1.3532856101258142,0.695644846574122,0.695644846574122,4.945176405897661,4.908839112060018
1470,p,0.16176389463769555,0.0763426555062512,0.1160648014389307,0.18065564273468143,0.22304503029506464,0.022182182980888997,0.00011227836137875,0.7621153008882702,0.31440083693188225,0.32642999626899305,0.0507357554978039,2.4182958783916145e-05,0.7836755251333074,1.1783868492196792,1.1535941199461202,0.0234416306581761,9.967147097785504e-05,0.4976611404065024,0.4372106356149381,0.4519259876454621,0.06674557664276351,1.69355601488957e-05,0.766607522604684,1.7891877096814215,1.7366608939876214,0.5999892587676503,0.5999892587676503,3.7028591244740436,3.6498924103776273
1471,p,0.1624441239238758,0.097791577951082,0.139202675863501,0.2227574438616496,0.2346223089491558,0.0247026889208267,9.71861377420946e-05,0.411730237060187,0.4352379363967767,0.4857316253508111,0.0503880784555333,2.273748348750712e-05,0.7529598473327767,1.1873370738580364,1.215370617773318,0.0286944707668444,5.8006005208418894e-05,0.5200841911808309,0.6403326099468052,0.6535054499805988,0.0594749889929876,1.677804614261472e-05,0.6835429463257028,1.4792020922214688,1.4166467572410717,0.5403551992561858,0.5403551992561858,3.778471384999055,3.7352875973871567
1472,p,0.1695709128967465,0.1012479727417631,0.1453109703386285,0.1868907804240703,0.2393463655978154,0.0354632427475468,9.399370476893994e-05,0.849582088735334,0.567477875264446,0.5647347644666054,0.044246399660506,3.96241013301447e-05,0.7653189227540069,1.0402541760116852,1.063986236232222,0.0349151937227377,6.32459265188642e-05,0.6179326970287727,0.873666350882336,0.8011413054215566,0.0613810224123165,2.2915962963255796e-05,0.6690561922184785,1.9686135942846528,1.8454317739163129,0.6615252948497514,0.6615252948497514,4.34634761583525,4.243154311197138
1473,p,0.1731295875749419,0.0913613485870094,0.1442947677857425,0.2354794276747256,0.2405074546600603,0.0279304796949211,9.305846279870816e-05,0.7633032691548627,0.6378443190607047,0.6801591261240516,0.0339091671861714,4.837604888329246e-05,0.7734831919305117,0.5762700847260525,0.5713514419722289,0.048679339431066,4.345936893306828e-05,0.5797127534373091,1.270585484389969,1.2819464799197944,0.0777700006775643,1.715476814883276e-05,0.659946958040182,1.9161648166896583,1.816236540555057,0.6762032949129826,0.6762032949129826,4.191804607009892,4.144103551894684
1475,p,0.1967332839490589,0.10113723532767724,0.16589404884782505,0.25481387580862447,0.2805210619374252,0.02830851768471955,9.486044189149709e-05,0.7860590684506934,0.44166936411628754,0.46327265834923315,0.03857598112677645,5.536021225738696e-05,0.7311239348492882,0.7111180095939428,0.6564008779259429,0.025465072663076502,7.584565007309986e-05,0.6025040635715758,0.46233300229969565,0.48878099478612747,0.1234887326057067,4.85083709845254e-06,0.675329530567625,2.882145671234169,2.768980313114152,0.5907851424495532,0.5907851424495532,4.192486197433109,4.052517463908574
1476,p,0.19249525447944416,0.11133995071850385,0.1852513518945525,0.1163227921865502,0.20759472209932828,0.04063385342800085,5.871917225548706e-05,0.7624233730001462,0.7092285354995942,0.7733661914840826,0.05583337763601175,2.6180184259737747e-05,0.5113244948115031,1.383356515290707,1.368577951552662,0.04124461680219895,5.6605086604452265e-05,0.6384790740198839,0.7562316002496371,0.743559069085918,0.06274737605870526,1.4924229102310861e-05,0.6813343347128699,1.6761764636664969,1.6309358824144398,0.591614084095664,0.591614084095664,4.419858878285403,4.346596838353184
1478,p,0.1746919659867215,0.07167691478606569,0.1244548573020001,0.1504098083747687,0.22204143214579158,0.03041367349509145,7.637489462549136e-05,0.8175765406927129,0.8835214585798299,0.8668929830521278,0.0447812252066966,4.209636364950177e-05,0.7319408586183029,1.2827847713616005,1.2988861291695333,0.04239568895144975,4.262232634768019e-05,0.5361415232749789,1.3637000034934783,1.2496968104110024,0.06055753310384305,2.0653959389724433e-05,0.4522609784081554,2.105622656523183,2.0291169753306475,0.5947596719489445,0.5947596719489445,5.54460491396766,5.444791624489254
1479,p,0.2309234640712166,0.2050095249710399,0.2412921828340551,0.1522844398773529,0.2323044494874273,0.0423795425080018,9.40208463760705e-05,0.91794192360575,1.62247908232724,1.5693891346261482,0.059592834105932,2.700558781488429e-05,0.7280394526986013,1.629731254552638,1.6317656874077395,0.069271928880115,4.662019532889744e-05,0.8236914885174488,2.3061531278664757,2.175322708837684,0.085483262977668,1.3961155564237272e-05,0.4737624074899023,2.225216722687257,2.176141201243301,0.6440573444146158,0.6440573444146158,7.1003537491869775,6.9564130901234345
1483,p,0.18051614298532398,0.101576086422138,0.13871553510707685,0.17518441637453655,0.19501225256161125,0.0250429150434702,9.28610779672266e-05,0.7104354657889903,0.5958110679699911,0.6304517957394726,0.05027804666120375,2.1798760602996652e-05,0.7619717283641353,1.2541242349812156,1.2976397711498846,0.04175667267919695,3.5406827313190644e-05,0.6320765271852211,1.250905643482163,1.1966003210958072,0.06731851064757405,1.5187701222688978e-05,0.5725432431002155,2.142375713032852,2.0329715304915505,0.5930784092534211,0.5930784092534211,5.164051938539901,5.114826107499638
1486,p,0.18360741624457394,0.09784825661119895,0.12448561757576805,0.1403448829128103,0.1940950146374077,0.04119828324985235,5.6774230746392895e-05,0.7856539686504778,0.7497379240543653,0.7251469401981467,0.05044810154941415,2.8078751676701715e-05,0.5478765993378139,1.1120161429980073,1.1095839420573093,0.04031406343750485,4.8887201321494e-05,0.7788342729033145,0.847015764211857,0.7805816569804275,0.05628904084319755,2.1924040622878348e-05,0.5753012192815923,1.5475499417790335,1.525517889297304,0.6254775352906555,0.6254775352906555,4.17833940227996,4.1114737677580635
1487,p,0.14912477686271317,0.0941130588148513,0.12003975111506775,0.1741554811442527,0.24744927991594323,0.01725751143757635,8.518877021287849e-05,0.7919926277197054,0.12720967883991055,0.1363718291388287,0.070999918529162,1.532812377751435e-05,0.7360971970882564,0.8319232018187044,0.8239559590258625,0.01322324543293445,0.00013367013706585,0.7382960898476976,0.1147869185281265,0.13307827308597986,0.0450345666168826,1.0364909207200176e-05,0.7759587199889766,0.7600869857111147,0.7440565409133255,0.44274242726105095,0.44274242726105095,1.8039858525798802,1.7889748272787034
1495,p,0.16180423047196915,0.15585766353425695,0.22290498459776698,0.14904703042765421,0.21164393834119516,0.0316398625447726,7.914567430457922e-05,0.7274757839089918,0.5314981462707957,0.5181483411791756,0.036538023562835004,3.0528533440981013e-05,0.7484604054480657,0.7790545190041837,0.8291491910858264,0.03825400462042635,6.526954420484087e-05,0.6899485448013567,0.5099232525736261,0.44614195311578786,0.06487712116351946,1.552352003104271e-05,0.6773565113238114,1.4337381587074658,1.3428093181349001,0.6007463444429904,0.6007463444429904,3.0429044327199195,2.941211073452372
1501,p,0.1531952910479762,0.1350660100518022,0.1672851009251073,0.2278597748600208,0.2638295917317606,0.019589679788242,0.0001398822018801,0.658773255770792,0.2910815650065406,0.3094256145127372,0.0420751089899035,3.9531007312505485e-05,0.7224338164784632,0.7552738744792394,0.7507845918678712,0.0175364857855477,0.0001265503391317,0.6202161303096684,0.2389290702384372,0.2531851667406781,0.0825178563005949,1.6782690456029542e-05,0.6029783786733329,1.9188024290755803,1.872391989996201,0.373264727472279,0.373264727472279,3.1864470029794205,3.1340396016894823
1504,p,0.1517675385020746,0.0631837230148734,0.1672168941631816,0.1835767966463659,0.2680071488552341,0.0411584338114556,5.0662050367547566e-05,0.8607550329529462,0.7322565594337904,0.7340562326671526,0.0318619574440765,3.803600995714001e-05,0.4993406121593267,0.3689166792832963,0.3646457124153254,0.0493416766714785,3.0892070388066525e-05,0.7762012532667163,1.0054590222075064,0.9940724455189794,0.0322830470662931,2.6052675506444466e-05,0.3894790028249392,0.5112228341161222,0.4978416633835041,0.6479203600205379,0.6479203600205379,2.5609787032375584,2.5571797330886383
