cow,filename,img_class,fold_group,kfold,set_name
1057,1057_20231117_140050_frame_621,1,2,0,train
1057,1057_20231117_140050_frame_621,1,2,1,train
1057,1057_20231117_140050_frame_621,1,2,2,test
1057,1057_20231117_140050_frame_621,1,2,3,train
1057,1057_20231117_140050_frame_621,1,2,4,val
1057,1057_20231117_140050_frame_286,1,2,0,train
1057,1057_20231117_140050_frame_286,1,2,1,train
1057,1057_20231117_140050_frame_286,1,2,2,test
1057,1057_20231117_140050_frame_286,1,2,3,train
1057,1057_20231117_140050_frame_286,1,2,4,val
1057,1057_20231117_140050_frame_611,1,2,0,train
1057,1057_20231117_140050_frame_611,1,2,1,train
1057,1057_20231117_140050_frame_611,1,2,2,test
1057,1057_20231117_140050_frame_611,1,2,3,train
1057,1057_20231117_140050_frame_611,1,2,4,val
1057,1057_20231117_140050_frame_610,1,2,0,train
1057,1057_20231117_140050_frame_610,1,2,1,train
1057,1057_20231117_140050_frame_610,1,2,2,test
1057,1057_20231117_140050_frame_610,1,2,3,train
1057,1057_20231117_140050_frame_610,1,2,4,val
1057,1057_20231117_140050_frame_629,1,2,0,train
1057,1057_20231117_140050_frame_629,1,2,1,train
1057,1057_20231117_140050_frame_629,1,2,2,test
1057,1057_20231117_140050_frame_629,1,2,3,train
1057,1057_20231117_140050_frame_629,1,2,4,val
1057,1057_20231117_140050_frame_633,1,2,0,train
1057,1057_20231117_140050_frame_633,1,2,1,train
1057,1057_20231117_140050_frame_633,1,2,2,test
1057,1057_20231117_140050_frame_633,1,2,3,train
1057,1057_20231117_140050_frame_633,1,2,4,val
808,808_20231117_173436_frame_42,1,2,0,train
808,808_20231117_173436_frame_42,1,2,1,train
808,808_20231117_173436_frame_42,1,2,2,test
808,808_20231117_173436_frame_42,1,2,3,train
808,808_20231117_173436_frame_42,1,2,4,val
808,808_20231117_173436_frame_14,1,2,0,train
808,808_20231117_173436_frame_14,1,2,1,train
808,808_20231117_173436_frame_14,1,2,2,test
808,808_20231117_173436_frame_14,1,2,3,train
808,808_20231117_173436_frame_14,1,2,4,val
808,808_20231117_173436_frame_178,1,2,0,train
808,808_20231117_173436_frame_178,1,2,1,train
808,808_20231117_173436_frame_178,1,2,2,test
808,808_20231117_173436_frame_178,1,2,3,train
808,808_20231117_173436_frame_178,1,2,4,val
808,808_20231117_173436_frame_183,0,2,0,train
808,808_20231117_173436_frame_183,0,2,1,train
808,808_20231117_173436_frame_183,0,2,2,test
808,808_20231117_173436_frame_183,0,2,3,train
808,808_20231117_173436_frame_183,0,2,4,val
808,808_20231117_173436_frame_381,0,2,0,train
808,808_20231117_173436_frame_381,0,2,1,train
808,808_20231117_173436_frame_381,0,2,2,test
808,808_20231117_173436_frame_381,0,2,3,train
808,808_20231117_173436_frame_381,0,2,4,val
808,808_20231117_173436_frame_364,1,2,0,train
808,808_20231117_173436_frame_364,1,2,1,train
808,808_20231117_173436_frame_364,1,2,2,test
808,808_20231117_173436_frame_364,1,2,3,train
808,808_20231117_173436_frame_364,1,2,4,val
1360,1360_20231117_150535_frame_992,1,2,0,train
1360,1360_20231117_150535_frame_992,1,2,1,train
1360,1360_20231117_150535_frame_992,1,2,2,test
1360,1360_20231117_150535_frame_992,1,2,3,train
1360,1360_20231117_150535_frame_992,1,2,4,val
1360,1360_20231117_150535_frame_276,1,2,0,train
1360,1360_20231117_150535_frame_276,1,2,1,train
1360,1360_20231117_150535_frame_276,1,2,2,test
1360,1360_20231117_150535_frame_276,1,2,3,train
1360,1360_20231117_150535_frame_276,1,2,4,val
1360,1360_20231117_150535_frame_881,1,2,0,train
1360,1360_20231117_150535_frame_881,1,2,1,train
1360,1360_20231117_150535_frame_881,1,2,2,test
1360,1360_20231117_150535_frame_881,1,2,3,train
1360,1360_20231117_150535_frame_881,1,2,4,val
1360,1360_20231117_150535_frame_327,1,2,0,train
1360,1360_20231117_150535_frame_327,1,2,1,train
1360,1360_20231117_150535_frame_327,1,2,2,test
1360,1360_20231117_150535_frame_327,1,2,3,train
1360,1360_20231117_150535_frame_327,1,2,4,val
1360,1360_20231117_150535_frame_284,1,2,0,train
1360,1360_20231117_150535_frame_284,1,2,1,train
1360,1360_20231117_150535_frame_284,1,2,2,test
1360,1360_20231117_150535_frame_284,1,2,3,train
1360,1360_20231117_150535_frame_284,1,2,4,val
1360,1360_20231117_150535_frame_834,1,2,0,train
1360,1360_20231117_150535_frame_834,1,2,1,train
1360,1360_20231117_150535_frame_834,1,2,2,test
1360,1360_20231117_150535_frame_834,1,2,3,train
1360,1360_20231117_150535_frame_834,1,2,4,val
1354,1354_20231117_125009_frame_570,1,2,0,train
1354,1354_20231117_125009_frame_570,1,2,1,train
1354,1354_20231117_125009_frame_570,1,2,2,test
1354,1354_20231117_125009_frame_570,1,2,3,train
1354,1354_20231117_125009_frame_570,1,2,4,val
1354,1354_20231117_125009_frame_557,0,2,0,train
1354,1354_20231117_125009_frame_557,0,2,1,train
1354,1354_20231117_125009_frame_557,0,2,2,test
1354,1354_20231117_125009_frame_557,0,2,3,train
1354,1354_20231117_125009_frame_557,0,2,4,val
1354,1354_20231117_125009_frame_338,0,2,0,train
1354,1354_20231117_125009_frame_338,0,2,1,train
1354,1354_20231117_125009_frame_338,0,2,2,test
1354,1354_20231117_125009_frame_338,0,2,3,train
1354,1354_20231117_125009_frame_338,0,2,4,val
1354,1354_20231117_125009_frame_2,1,2,0,train
1354,1354_20231117_125009_frame_2,1,2,1,train
1354,1354_20231117_125009_frame_2,1,2,2,test
1354,1354_20231117_125009_frame_2,1,2,3,train
1354,1354_20231117_125009_frame_2,1,2,4,val
1354,1354_20231117_125009_frame_459,1,2,0,train
1354,1354_20231117_125009_frame_459,1,2,1,train
1354,1354_20231117_125009_frame_459,1,2,2,test
1354,1354_20231117_125009_frame_459,1,2,3,train
1354,1354_20231117_125009_frame_459,1,2,4,val
1354,1354_20231117_125009_frame_227,0,2,0,train
1354,1354_20231117_125009_frame_227,0,2,1,train
1354,1354_20231117_125009_frame_227,0,2,2,test
1354,1354_20231117_125009_frame_227,0,2,3,train
1354,1354_20231117_125009_frame_227,0,2,4,val
1354,1354_20231117_125009_frame_93,0,2,0,train
1354,1354_20231117_125009_frame_93,0,2,1,train
1354,1354_20231117_125009_frame_93,0,2,2,test
1354,1354_20231117_125009_frame_93,0,2,3,train
1354,1354_20231117_125009_frame_93,0,2,4,val
975,975_20231117_173846_frame_125,0,2,0,train
975,975_20231117_173846_frame_125,0,2,1,train
975,975_20231117_173846_frame_125,0,2,2,test
975,975_20231117_173846_frame_125,0,2,3,train
975,975_20231117_173846_frame_125,0,2,4,val
975,975_20231117_173846_frame_497,0,2,0,train
975,975_20231117_173846_frame_497,0,2,1,train
975,975_20231117_173846_frame_497,0,2,2,test
975,975_20231117_173846_frame_497,0,2,3,train
975,975_20231117_173846_frame_497,0,2,4,val
975,975_20231117_173846_frame_216,0,2,0,train
975,975_20231117_173846_frame_216,0,2,1,train
975,975_20231117_173846_frame_216,0,2,2,test
975,975_20231117_173846_frame_216,0,2,3,train
975,975_20231117_173846_frame_216,0,2,4,val
975,975_20231117_173846_frame_442,0,2,0,train
975,975_20231117_173846_frame_442,0,2,1,train
975,975_20231117_173846_frame_442,0,2,2,test
975,975_20231117_173846_frame_442,0,2,3,train
975,975_20231117_173846_frame_442,0,2,4,val
975,975_20231117_173846_frame_505,0,2,0,train
975,975_20231117_173846_frame_505,0,2,1,train
975,975_20231117_173846_frame_505,0,2,2,test
975,975_20231117_173846_frame_505,0,2,3,train
975,975_20231117_173846_frame_505,0,2,4,val
975,975_20231117_173846_frame_377,0,2,0,train
975,975_20231117_173846_frame_377,0,2,1,train
975,975_20231117_173846_frame_377,0,2,2,test
975,975_20231117_173846_frame_377,0,2,3,train
975,975_20231117_173846_frame_377,0,2,4,val
975,975_20231117_173846_frame_253,0,2,0,train
975,975_20231117_173846_frame_253,0,2,1,train
975,975_20231117_173846_frame_253,0,2,2,test
975,975_20231117_173846_frame_253,0,2,3,train
975,975_20231117_173846_frame_253,0,2,4,val
1320,1320_20231117_132737_frame_326,1,2,0,train
1320,1320_20231117_132737_frame_326,1,2,1,train
1320,1320_20231117_132737_frame_326,1,2,2,test
1320,1320_20231117_132737_frame_326,1,2,3,train
1320,1320_20231117_132737_frame_326,1,2,4,val
1320,1320_20231117_132737_frame_226,1,2,0,train
1320,1320_20231117_132737_frame_226,1,2,1,train
1320,1320_20231117_132737_frame_226,1,2,2,test
1320,1320_20231117_132737_frame_226,1,2,3,train
1320,1320_20231117_132737_frame_226,1,2,4,val
1320,1320_20231117_132737_frame_236,0,2,0,train
1320,1320_20231117_132737_frame_236,0,2,1,train
1320,1320_20231117_132737_frame_236,0,2,2,test
1320,1320_20231117_132737_frame_236,0,2,3,train
1320,1320_20231117_132737_frame_236,0,2,4,val
1320,1320_20231117_132737_frame_307,0,2,0,train
1320,1320_20231117_132737_frame_307,0,2,1,train
1320,1320_20231117_132737_frame_307,0,2,2,test
1320,1320_20231117_132737_frame_307,0,2,3,train
1320,1320_20231117_132737_frame_307,0,2,4,val
1320,1320_20231117_132737_frame_225,0,2,0,train
1320,1320_20231117_132737_frame_225,0,2,1,train
1320,1320_20231117_132737_frame_225,0,2,2,test
1320,1320_20231117_132737_frame_225,0,2,3,train
1320,1320_20231117_132737_frame_225,0,2,4,val
1320,1320_20231117_132737_frame_340,1,2,0,train
1320,1320_20231117_132737_frame_340,1,2,1,train
1320,1320_20231117_132737_frame_340,1,2,2,test
1320,1320_20231117_132737_frame_340,1,2,3,train
1320,1320_20231117_132737_frame_340,1,2,4,val
915,915_20231117_123346_frame_864,0,2,0,train
915,915_20231117_123346_frame_864,0,2,1,train
915,915_20231117_123346_frame_864,0,2,2,test
915,915_20231117_123346_frame_864,0,2,3,train
915,915_20231117_123346_frame_864,0,2,4,val
915,915_20231117_123346_frame_940,0,2,0,train
915,915_20231117_123346_frame_940,0,2,1,train
915,915_20231117_123346_frame_940,0,2,2,test
915,915_20231117_123346_frame_940,0,2,3,train
915,915_20231117_123346_frame_940,0,2,4,val
915,915_20231117_123346_frame_92,0,2,0,train
915,915_20231117_123346_frame_92,0,2,1,train
915,915_20231117_123346_frame_92,0,2,2,test
915,915_20231117_123346_frame_92,0,2,3,train
915,915_20231117_123346_frame_92,0,2,4,val
915,915_20231117_123346_frame_34,0,2,0,train
915,915_20231117_123346_frame_34,0,2,1,train
915,915_20231117_123346_frame_34,0,2,2,test
915,915_20231117_123346_frame_34,0,2,3,train
915,915_20231117_123346_frame_34,0,2,4,val
915,915_20231117_123346_frame_288,0,2,0,train
915,915_20231117_123346_frame_288,0,2,1,train
915,915_20231117_123346_frame_288,0,2,2,test
915,915_20231117_123346_frame_288,0,2,3,train
915,915_20231117_123346_frame_288,0,2,4,val
915,915_20231117_123346_frame_821,1,2,0,train
915,915_20231117_123346_frame_821,1,2,1,train
915,915_20231117_123346_frame_821,1,2,2,test
915,915_20231117_123346_frame_821,1,2,3,train
915,915_20231117_123346_frame_821,1,2,4,val
1116,1116_20231117_141845_frame_248,0,2,0,train
1116,1116_20231117_141845_frame_248,0,2,1,train
1116,1116_20231117_141845_frame_248,0,2,2,test
1116,1116_20231117_141845_frame_248,0,2,3,train
1116,1116_20231117_141845_frame_248,0,2,4,val
1116,1116_20231117_141845_frame_245,1,2,0,train
1116,1116_20231117_141845_frame_245,1,2,1,train
1116,1116_20231117_141845_frame_245,1,2,2,test
1116,1116_20231117_141845_frame_245,1,2,3,train
1116,1116_20231117_141845_frame_245,1,2,4,val
1116,1116_20231117_141845_frame_274,1,2,0,train
1116,1116_20231117_141845_frame_274,1,2,1,train
1116,1116_20231117_141845_frame_274,1,2,2,test
1116,1116_20231117_141845_frame_274,1,2,3,train
1116,1116_20231117_141845_frame_274,1,2,4,val
1116,1116_20231117_141845_frame_278,1,2,0,train
1116,1116_20231117_141845_frame_278,1,2,1,train
1116,1116_20231117_141845_frame_278,1,2,2,test
1116,1116_20231117_141845_frame_278,1,2,3,train
1116,1116_20231117_141845_frame_278,1,2,4,val
1116,1116_20231117_141845_frame_916,1,2,0,train
1116,1116_20231117_141845_frame_916,1,2,1,train
1116,1116_20231117_141845_frame_916,1,2,2,test
1116,1116_20231117_141845_frame_916,1,2,3,train
1116,1116_20231117_141845_frame_916,1,2,4,val
1116,1116_20231117_141845_frame_224,1,2,0,train
1116,1116_20231117_141845_frame_224,1,2,1,train
1116,1116_20231117_141845_frame_224,1,2,2,test
1116,1116_20231117_141845_frame_224,1,2,3,train
1116,1116_20231117_141845_frame_224,1,2,4,val
978,978_20231117_170827_frame_312,1,2,0,train
978,978_20231117_170827_frame_312,1,2,1,train
978,978_20231117_170827_frame_312,1,2,2,test
978,978_20231117_170827_frame_312,1,2,3,train
978,978_20231117_170827_frame_312,1,2,4,val
978,978_20231117_170827_frame_285,0,2,0,train
978,978_20231117_170827_frame_285,0,2,1,train
978,978_20231117_170827_frame_285,0,2,2,test
978,978_20231117_170827_frame_285,0,2,3,train
978,978_20231117_170827_frame_285,0,2,4,val
978,978_20231117_170827_frame_209,0,2,0,train
978,978_20231117_170827_frame_209,0,2,1,train
978,978_20231117_170827_frame_209,0,2,2,test
978,978_20231117_170827_frame_209,0,2,3,train
978,978_20231117_170827_frame_209,0,2,4,val
978,978_20231117_170827_frame_148,0,2,0,train
978,978_20231117_170827_frame_148,0,2,1,train
978,978_20231117_170827_frame_148,0,2,2,test
978,978_20231117_170827_frame_148,0,2,3,train
978,978_20231117_170827_frame_148,0,2,4,val
978,978_20231117_170827_frame_440,1,2,0,train
978,978_20231117_170827_frame_440,1,2,1,train
978,978_20231117_170827_frame_440,1,2,2,test
978,978_20231117_170827_frame_440,1,2,3,train
978,978_20231117_170827_frame_440,1,2,4,val
978,978_20231117_170827_frame_375,0,2,0,train
978,978_20231117_170827_frame_375,0,2,1,train
978,978_20231117_170827_frame_375,0,2,2,test
978,978_20231117_170827_frame_375,0,2,3,train
978,978_20231117_170827_frame_375,0,2,4,val
778,778_20231117_140227_frame_126,0,2,0,train
778,778_20231117_140227_frame_126,0,2,1,train
778,778_20231117_140227_frame_126,0,2,2,test
778,778_20231117_140227_frame_126,0,2,3,train
778,778_20231117_140227_frame_126,0,2,4,val
778,778_20231117_140227_frame_258,1,2,0,train
778,778_20231117_140227_frame_258,1,2,1,train
778,778_20231117_140227_frame_258,1,2,2,test
778,778_20231117_140227_frame_258,1,2,3,train
778,778_20231117_140227_frame_258,1,2,4,val
778,778_20231117_140227_frame_22,0,2,0,train
778,778_20231117_140227_frame_22,0,2,1,train
778,778_20231117_140227_frame_22,0,2,2,test
778,778_20231117_140227_frame_22,0,2,3,train
778,778_20231117_140227_frame_22,0,2,4,val
778,778_20231117_140227_frame_458,0,2,0,train
778,778_20231117_140227_frame_458,0,2,1,train
778,778_20231117_140227_frame_458,0,2,2,test
778,778_20231117_140227_frame_458,0,2,3,train
778,778_20231117_140227_frame_458,0,2,4,val
778,778_20231117_140227_frame_8,0,2,0,train
778,778_20231117_140227_frame_8,0,2,1,train
778,778_20231117_140227_frame_8,0,2,2,test
778,778_20231117_140227_frame_8,0,2,3,train
778,778_20231117_140227_frame_8,0,2,4,val
778,778_20231117_140227_frame_438,0,2,0,train
778,778_20231117_140227_frame_438,0,2,1,train
778,778_20231117_140227_frame_438,0,2,2,test
778,778_20231117_140227_frame_438,0,2,3,train
778,778_20231117_140227_frame_438,0,2,4,val
868,868_20231117_142436_frame_157,1,4,0,val
868,868_20231117_142436_frame_157,1,4,1,train
868,868_20231117_142436_frame_157,1,4,2,val
868,868_20231117_142436_frame_157,1,4,3,val
868,868_20231117_142436_frame_157,1,4,4,test
868,868_20231117_142436_frame_152,1,4,0,val
868,868_20231117_142436_frame_152,1,4,1,train
868,868_20231117_142436_frame_152,1,4,2,val
868,868_20231117_142436_frame_152,1,4,3,val
868,868_20231117_142436_frame_152,1,4,4,test
868,868_20231117_142436_frame_226,0,4,0,val
868,868_20231117_142436_frame_226,0,4,1,train
868,868_20231117_142436_frame_226,0,4,2,val
868,868_20231117_142436_frame_226,0,4,3,val
868,868_20231117_142436_frame_226,0,4,4,test
868,868_20231117_142436_frame_316,0,4,0,val
868,868_20231117_142436_frame_316,0,4,1,train
868,868_20231117_142436_frame_316,0,4,2,val
868,868_20231117_142436_frame_316,0,4,3,val
868,868_20231117_142436_frame_316,0,4,4,test
868,868_20231117_142436_frame_147,0,4,0,val
868,868_20231117_142436_frame_147,0,4,1,train
868,868_20231117_142436_frame_147,0,4,2,val
868,868_20231117_142436_frame_147,0,4,3,val
868,868_20231117_142436_frame_147,0,4,4,test
868,868_20231117_142436_frame_48,0,4,0,val
868,868_20231117_142436_frame_48,0,4,1,train
868,868_20231117_142436_frame_48,0,4,2,val
868,868_20231117_142436_frame_48,0,4,3,val
868,868_20231117_142436_frame_48,0,4,4,test
1300,1300_20231117_130153_frame_211,1,4,0,val
1300,1300_20231117_130153_frame_211,1,4,1,train
1300,1300_20231117_130153_frame_211,1,4,2,val
1300,1300_20231117_130153_frame_211,1,4,3,val
1300,1300_20231117_130153_frame_211,1,4,4,test
1300,1300_20231117_130153_frame_423,1,4,0,val
1300,1300_20231117_130153_frame_423,1,4,1,train
1300,1300_20231117_130153_frame_423,1,4,2,val
1300,1300_20231117_130153_frame_423,1,4,3,val
1300,1300_20231117_130153_frame_423,1,4,4,test
1300,1300_20231117_130153_frame_177,1,4,0,val
1300,1300_20231117_130153_frame_177,1,4,1,train
1300,1300_20231117_130153_frame_177,1,4,2,val
1300,1300_20231117_130153_frame_177,1,4,3,val
1300,1300_20231117_130153_frame_177,1,4,4,test
1300,1300_20231117_130153_frame_223,1,4,0,val
1300,1300_20231117_130153_frame_223,1,4,1,train
1300,1300_20231117_130153_frame_223,1,4,2,val
1300,1300_20231117_130153_frame_223,1,4,3,val
1300,1300_20231117_130153_frame_223,1,4,4,test
1300,1300_20231117_130153_frame_614,1,4,0,val
1300,1300_20231117_130153_frame_614,1,4,1,train
1300,1300_20231117_130153_frame_614,1,4,2,val
1300,1300_20231117_130153_frame_614,1,4,3,val
1300,1300_20231117_130153_frame_614,1,4,4,test
1300,1300_20231117_130153_frame_229,1,4,0,val
1300,1300_20231117_130153_frame_229,1,4,1,train
1300,1300_20231117_130153_frame_229,1,4,2,val
1300,1300_20231117_130153_frame_229,1,4,3,val
1300,1300_20231117_130153_frame_229,1,4,4,test
1300,1300_20231117_130153_frame_355,1,4,0,val
1300,1300_20231117_130153_frame_355,1,4,1,train
1300,1300_20231117_130153_frame_355,1,4,2,val
1300,1300_20231117_130153_frame_355,1,4,3,val
1300,1300_20231117_130153_frame_355,1,4,4,test
1288,1288_20231117_111541_frame_371,0,4,0,val
1288,1288_20231117_111541_frame_371,0,4,1,train
1288,1288_20231117_111541_frame_371,0,4,2,val
1288,1288_20231117_111541_frame_371,0,4,3,val
1288,1288_20231117_111541_frame_371,0,4,4,test
1288,1288_20231117_111541_frame_294,0,4,0,val
1288,1288_20231117_111541_frame_294,0,4,1,train
1288,1288_20231117_111541_frame_294,0,4,2,val
1288,1288_20231117_111541_frame_294,0,4,3,val
1288,1288_20231117_111541_frame_294,0,4,4,test
1288,1288_20231117_111541_frame_353,0,4,0,val
1288,1288_20231117_111541_frame_353,0,4,1,train
1288,1288_20231117_111541_frame_353,0,4,2,val
1288,1288_20231117_111541_frame_353,0,4,3,val
1288,1288_20231117_111541_frame_353,0,4,4,test
1288,1288_20231117_111541_frame_333,0,4,0,val
1288,1288_20231117_111541_frame_333,0,4,1,train
1288,1288_20231117_111541_frame_333,0,4,2,val
1288,1288_20231117_111541_frame_333,0,4,3,val
1288,1288_20231117_111541_frame_333,0,4,4,test
1288,1288_20231117_111541_frame_469,0,4,0,val
1288,1288_20231117_111541_frame_469,0,4,1,train
1288,1288_20231117_111541_frame_469,0,4,2,val
1288,1288_20231117_111541_frame_469,0,4,3,val
1288,1288_20231117_111541_frame_469,0,4,4,test
1288,1288_20231117_111541_frame_388,0,4,0,val
1288,1288_20231117_111541_frame_388,0,4,1,train
1288,1288_20231117_111541_frame_388,0,4,2,val
1288,1288_20231117_111541_frame_388,0,4,3,val
1288,1288_20231117_111541_frame_388,0,4,4,test
929,929_20231117_151607_frame_324,0,4,0,val
929,929_20231117_151607_frame_324,0,4,1,train
929,929_20231117_151607_frame_324,0,4,2,val
929,929_20231117_151607_frame_324,0,4,3,val
929,929_20231117_151607_frame_324,0,4,4,test
929,929_20231117_151607_frame_522,0,4,0,val
929,929_20231117_151607_frame_522,0,4,1,train
929,929_20231117_151607_frame_522,0,4,2,val
929,929_20231117_151607_frame_522,0,4,3,val
929,929_20231117_151607_frame_522,0,4,4,test
929,929_20231117_151607_frame_17,0,4,0,val
929,929_20231117_151607_frame_17,0,4,1,train
929,929_20231117_151607_frame_17,0,4,2,val
929,929_20231117_151607_frame_17,0,4,3,val
929,929_20231117_151607_frame_17,0,4,4,test
929,929_20231117_151607_frame_318,0,4,0,val
929,929_20231117_151607_frame_318,0,4,1,train
929,929_20231117_151607_frame_318,0,4,2,val
929,929_20231117_151607_frame_318,0,4,3,val
929,929_20231117_151607_frame_318,0,4,4,test
929,929_20231117_151607_frame_439,0,4,0,val
929,929_20231117_151607_frame_439,0,4,1,train
929,929_20231117_151607_frame_439,0,4,2,val
929,929_20231117_151607_frame_439,0,4,3,val
929,929_20231117_151607_frame_439,0,4,4,test
929,929_20231117_151607_frame_436,0,4,0,val
929,929_20231117_151607_frame_436,0,4,1,train
929,929_20231117_151607_frame_436,0,4,2,val
929,929_20231117_151607_frame_436,0,4,3,val
929,929_20231117_151607_frame_436,0,4,4,test
1236,1236_20231117_142505_frame_446,1,4,0,val
1236,1236_20231117_142505_frame_446,1,4,1,train
1236,1236_20231117_142505_frame_446,1,4,2,val
1236,1236_20231117_142505_frame_446,1,4,3,val
1236,1236_20231117_142505_frame_446,1,4,4,test
1236,1236_20231117_142505_frame_574,1,4,0,val
1236,1236_20231117_142505_frame_574,1,4,1,train
1236,1236_20231117_142505_frame_574,1,4,2,val
1236,1236_20231117_142505_frame_574,1,4,3,val
1236,1236_20231117_142505_frame_574,1,4,4,test
1236,1236_20231117_142505_frame_815,1,4,0,val
1236,1236_20231117_142505_frame_815,1,4,1,train
1236,1236_20231117_142505_frame_815,1,4,2,val
1236,1236_20231117_142505_frame_815,1,4,3,val
1236,1236_20231117_142505_frame_815,1,4,4,test
1236,1236_20231117_142505_frame_800,0,4,0,val
1236,1236_20231117_142505_frame_800,0,4,1,train
1236,1236_20231117_142505_frame_800,0,4,2,val
1236,1236_20231117_142505_frame_800,0,4,3,val
1236,1236_20231117_142505_frame_800,0,4,4,test
1236,1236_20231117_142505_frame_679,1,4,0,val
1236,1236_20231117_142505_frame_679,1,4,1,train
1236,1236_20231117_142505_frame_679,1,4,2,val
1236,1236_20231117_142505_frame_679,1,4,3,val
1236,1236_20231117_142505_frame_679,1,4,4,test
1236,1236_20231117_142505_frame_649,1,4,0,val
1236,1236_20231117_142505_frame_649,1,4,1,train
1236,1236_20231117_142505_frame_649,1,4,2,val
1236,1236_20231117_142505_frame_649,1,4,3,val
1236,1236_20231117_142505_frame_649,1,4,4,test
1236,1236_20231117_142505_frame_421,1,4,0,val
1236,1236_20231117_142505_frame_421,1,4,1,train
1236,1236_20231117_142505_frame_421,1,4,2,val
1236,1236_20231117_142505_frame_421,1,4,3,val
1236,1236_20231117_142505_frame_421,1,4,4,test
1223,1223_20231117_110830_frame_760,1,4,0,val
1223,1223_20231117_110830_frame_760,1,4,1,train
1223,1223_20231117_110830_frame_760,1,4,2,val
1223,1223_20231117_110830_frame_760,1,4,3,val
1223,1223_20231117_110830_frame_760,1,4,4,test
1223,1223_20231117_110830_frame_551,0,4,0,val
1223,1223_20231117_110830_frame_551,0,4,1,train
1223,1223_20231117_110830_frame_551,0,4,2,val
1223,1223_20231117_110830_frame_551,0,4,3,val
1223,1223_20231117_110830_frame_551,0,4,4,test
1223,1223_20231117_110830_frame_639,1,4,0,val
1223,1223_20231117_110830_frame_639,1,4,1,train
1223,1223_20231117_110830_frame_639,1,4,2,val
1223,1223_20231117_110830_frame_639,1,4,3,val
1223,1223_20231117_110830_frame_639,1,4,4,test
1223,1223_20231117_110830_frame_785,0,4,0,val
1223,1223_20231117_110830_frame_785,0,4,1,train
1223,1223_20231117_110830_frame_785,0,4,2,val
1223,1223_20231117_110830_frame_785,0,4,3,val
1223,1223_20231117_110830_frame_785,0,4,4,test
1223,1223_20231117_110830_frame_745,0,4,0,val
1223,1223_20231117_110830_frame_745,0,4,1,train
1223,1223_20231117_110830_frame_745,0,4,2,val
1223,1223_20231117_110830_frame_745,0,4,3,val
1223,1223_20231117_110830_frame_745,0,4,4,test
1223,1223_20231117_110830_frame_536,0,4,0,val
1223,1223_20231117_110830_frame_536,0,4,1,train
1223,1223_20231117_110830_frame_536,0,4,2,val
1223,1223_20231117_110830_frame_536,0,4,3,val
1223,1223_20231117_110830_frame_536,0,4,4,test
1262,1262_20231117_121934_frame_33,0,4,0,val
1262,1262_20231117_121934_frame_33,0,4,1,train
1262,1262_20231117_121934_frame_33,0,4,2,val
1262,1262_20231117_121934_frame_33,0,4,3,val
1262,1262_20231117_121934_frame_33,0,4,4,test
1262,1262_20231117_121934_frame_552,0,4,0,val
1262,1262_20231117_121934_frame_552,0,4,1,train
1262,1262_20231117_121934_frame_552,0,4,2,val
1262,1262_20231117_121934_frame_552,0,4,3,val
1262,1262_20231117_121934_frame_552,0,4,4,test
1262,1262_20231117_121934_frame_17,0,4,0,val
1262,1262_20231117_121934_frame_17,0,4,1,train
1262,1262_20231117_121934_frame_17,0,4,2,val
1262,1262_20231117_121934_frame_17,0,4,3,val
1262,1262_20231117_121934_frame_17,0,4,4,test
1262,1262_20231117_121934_frame_301,0,4,0,val
1262,1262_20231117_121934_frame_301,0,4,1,train
1262,1262_20231117_121934_frame_301,0,4,2,val
1262,1262_20231117_121934_frame_301,0,4,3,val
1262,1262_20231117_121934_frame_301,0,4,4,test
1262,1262_20231117_121934_frame_486,0,4,0,val
1262,1262_20231117_121934_frame_486,0,4,1,train
1262,1262_20231117_121934_frame_486,0,4,2,val
1262,1262_20231117_121934_frame_486,0,4,3,val
1262,1262_20231117_121934_frame_486,0,4,4,test
1262,1262_20231117_121934_frame_368,1,4,0,val
1262,1262_20231117_121934_frame_368,1,4,1,train
1262,1262_20231117_121934_frame_368,1,4,2,val
1262,1262_20231117_121934_frame_368,1,4,3,val
1262,1262_20231117_121934_frame_368,1,4,4,test
981,981_20231117_133039_frame_602,0,4,0,val
981,981_20231117_133039_frame_602,0,4,1,train
981,981_20231117_133039_frame_602,0,4,2,val
981,981_20231117_133039_frame_602,0,4,3,val
981,981_20231117_133039_frame_602,0,4,4,test
981,981_20231117_133039_frame_97,1,4,0,val
981,981_20231117_133039_frame_97,1,4,1,train
981,981_20231117_133039_frame_97,1,4,2,val
981,981_20231117_133039_frame_97,1,4,3,val
981,981_20231117_133039_frame_97,1,4,4,test
981,981_20231117_133039_frame_186,1,4,0,val
981,981_20231117_133039_frame_186,1,4,1,train
981,981_20231117_133039_frame_186,1,4,2,val
981,981_20231117_133039_frame_186,1,4,3,val
981,981_20231117_133039_frame_186,1,4,4,test
981,981_20231117_133039_frame_577,1,4,0,val
981,981_20231117_133039_frame_577,1,4,1,train
981,981_20231117_133039_frame_577,1,4,2,val
981,981_20231117_133039_frame_577,1,4,3,val
981,981_20231117_133039_frame_577,1,4,4,test
981,981_20231117_133039_frame_447,1,4,0,val
981,981_20231117_133039_frame_447,1,4,1,train
981,981_20231117_133039_frame_447,1,4,2,val
981,981_20231117_133039_frame_447,1,4,3,val
981,981_20231117_133039_frame_447,1,4,4,test
981,981_20231117_133039_frame_300,1,4,0,val
981,981_20231117_133039_frame_300,1,4,1,train
981,981_20231117_133039_frame_300,1,4,2,val
981,981_20231117_133039_frame_300,1,4,3,val
981,981_20231117_133039_frame_300,1,4,4,test
973,973_20231117_135700_frame_967,1,4,0,val
973,973_20231117_135700_frame_967,1,4,1,train
973,973_20231117_135700_frame_967,1,4,2,val
973,973_20231117_135700_frame_967,1,4,3,val
973,973_20231117_135700_frame_967,1,4,4,test
973,973_20231117_135700_frame_762,1,4,0,val
973,973_20231117_135700_frame_762,1,4,1,train
973,973_20231117_135700_frame_762,1,4,2,val
973,973_20231117_135700_frame_762,1,4,3,val
973,973_20231117_135700_frame_762,1,4,4,test
973,973_20231117_135700_frame_851,1,4,0,val
973,973_20231117_135700_frame_851,1,4,1,train
973,973_20231117_135700_frame_851,1,4,2,val
973,973_20231117_135700_frame_851,1,4,3,val
973,973_20231117_135700_frame_851,1,4,4,test
973,973_20231117_135700_frame_707,0,4,0,val
973,973_20231117_135700_frame_707,0,4,1,train
973,973_20231117_135700_frame_707,0,4,2,val
973,973_20231117_135700_frame_707,0,4,3,val
973,973_20231117_135700_frame_707,0,4,4,test
973,973_20231117_135700_frame_670,0,4,0,val
973,973_20231117_135700_frame_670,0,4,1,train
973,973_20231117_135700_frame_670,0,4,2,val
973,973_20231117_135700_frame_670,0,4,3,val
973,973_20231117_135700_frame_670,0,4,4,test
973,973_20231117_135700_frame_136,1,4,0,val
973,973_20231117_135700_frame_136,1,4,1,train
973,973_20231117_135700_frame_136,1,4,2,val
973,973_20231117_135700_frame_136,1,4,3,val
973,973_20231117_135700_frame_136,1,4,4,test
973,973_20231117_135700_frame_987,0,4,0,val
973,973_20231117_135700_frame_987,0,4,1,train
973,973_20231117_135700_frame_987,0,4,2,val
973,973_20231117_135700_frame_987,0,4,3,val
973,973_20231117_135700_frame_987,0,4,4,test
627,627_20231117_165940_frame_654,0,0,0,test
627,627_20231117_165940_frame_654,0,0,1,train
627,627_20231117_165940_frame_654,0,0,2,train
627,627_20231117_165940_frame_654,0,0,3,train
627,627_20231117_165940_frame_654,0,0,4,train
627,627_20231117_165940_frame_691,0,0,0,test
627,627_20231117_165940_frame_691,0,0,1,train
627,627_20231117_165940_frame_691,0,0,2,train
627,627_20231117_165940_frame_691,0,0,3,train
627,627_20231117_165940_frame_691,0,0,4,train
627,627_20231117_165940_frame_690,1,0,0,test
627,627_20231117_165940_frame_690,1,0,1,train
627,627_20231117_165940_frame_690,1,0,2,train
627,627_20231117_165940_frame_690,1,0,3,train
627,627_20231117_165940_frame_690,1,0,4,train
627,627_20231117_165940_frame_406,1,0,0,test
627,627_20231117_165940_frame_406,1,0,1,train
627,627_20231117_165940_frame_406,1,0,2,train
627,627_20231117_165940_frame_406,1,0,3,train
627,627_20231117_165940_frame_406,1,0,4,train
627,627_20231117_165940_frame_662,1,0,0,test
627,627_20231117_165940_frame_662,1,0,1,train
627,627_20231117_165940_frame_662,1,0,2,train
627,627_20231117_165940_frame_662,1,0,3,train
627,627_20231117_165940_frame_662,1,0,4,train
627,627_20231117_165940_frame_407,1,0,0,test
627,627_20231117_165940_frame_407,1,0,1,train
627,627_20231117_165940_frame_407,1,0,2,train
627,627_20231117_165940_frame_407,1,0,3,train
627,627_20231117_165940_frame_407,1,0,4,train
1376,1376_20231117_123958_frame_499,1,0,0,test
1376,1376_20231117_123958_frame_499,1,0,1,train
1376,1376_20231117_123958_frame_499,1,0,2,train
1376,1376_20231117_123958_frame_499,1,0,3,train
1376,1376_20231117_123958_frame_499,1,0,4,train
1376,1376_20231117_123958_frame_253,0,0,0,test
1376,1376_20231117_123958_frame_253,0,0,1,train
1376,1376_20231117_123958_frame_253,0,0,2,train
1376,1376_20231117_123958_frame_253,0,0,3,train
1376,1376_20231117_123958_frame_253,0,0,4,train
1376,1376_20231117_123958_frame_166,0,0,0,test
1376,1376_20231117_123958_frame_166,0,0,1,train
1376,1376_20231117_123958_frame_166,0,0,2,train
1376,1376_20231117_123958_frame_166,0,0,3,train
1376,1376_20231117_123958_frame_166,0,0,4,train
1376,1376_20231117_123958_frame_189,0,0,0,test
1376,1376_20231117_123958_frame_189,0,0,1,train
1376,1376_20231117_123958_frame_189,0,0,2,train
1376,1376_20231117_123958_frame_189,0,0,3,train
1376,1376_20231117_123958_frame_189,0,0,4,train
1376,1376_20231117_123958_frame_27,1,0,0,test
1376,1376_20231117_123958_frame_27,1,0,1,train
1376,1376_20231117_123958_frame_27,1,0,2,train
1376,1376_20231117_123958_frame_27,1,0,3,train
1376,1376_20231117_123958_frame_27,1,0,4,train
1376,1376_20231117_123958_frame_444,1,0,0,test
1376,1376_20231117_123958_frame_444,1,0,1,train
1376,1376_20231117_123958_frame_444,1,0,2,train
1376,1376_20231117_123958_frame_444,1,0,3,train
1376,1376_20231117_123958_frame_444,1,0,4,train
1039,1039_20231117_120824_frame_125,1,0,0,test
1039,1039_20231117_120824_frame_125,1,0,1,train
1039,1039_20231117_120824_frame_125,1,0,2,train
1039,1039_20231117_120824_frame_125,1,0,3,train
1039,1039_20231117_120824_frame_125,1,0,4,train
1039,1039_20231117_120824_frame_498,1,0,0,test
1039,1039_20231117_120824_frame_498,1,0,1,train
1039,1039_20231117_120824_frame_498,1,0,2,train
1039,1039_20231117_120824_frame_498,1,0,3,train
1039,1039_20231117_120824_frame_498,1,0,4,train
1039,1039_20231117_120824_frame_216,1,0,0,test
1039,1039_20231117_120824_frame_216,1,0,1,train
1039,1039_20231117_120824_frame_216,1,0,2,train
1039,1039_20231117_120824_frame_216,1,0,3,train
1039,1039_20231117_120824_frame_216,1,0,4,train
1039,1039_20231117_120824_frame_442,1,0,0,test
1039,1039_20231117_120824_frame_442,1,0,1,train
1039,1039_20231117_120824_frame_442,1,0,2,train
1039,1039_20231117_120824_frame_442,1,0,3,train
1039,1039_20231117_120824_frame_442,1,0,4,train
1039,1039_20231117_120824_frame_507,0,0,0,test
1039,1039_20231117_120824_frame_507,0,0,1,train
1039,1039_20231117_120824_frame_507,0,0,2,train
1039,1039_20231117_120824_frame_507,0,0,3,train
1039,1039_20231117_120824_frame_507,0,0,4,train
1039,1039_20231117_120824_frame_374,0,0,0,test
1039,1039_20231117_120824_frame_374,0,0,1,train
1039,1039_20231117_120824_frame_374,0,0,2,train
1039,1039_20231117_120824_frame_374,0,0,3,train
1039,1039_20231117_120824_frame_374,0,0,4,train
922,922_20231117_141213_frame_379,0,0,0,test
922,922_20231117_141213_frame_379,0,0,1,train
922,922_20231117_141213_frame_379,0,0,2,train
922,922_20231117_141213_frame_379,0,0,3,train
922,922_20231117_141213_frame_379,0,0,4,train
922,922_20231117_141213_frame_170,0,0,0,test
922,922_20231117_141213_frame_170,0,0,1,train
922,922_20231117_141213_frame_170,0,0,2,train
922,922_20231117_141213_frame_170,0,0,3,train
922,922_20231117_141213_frame_170,0,0,4,train
922,922_20231117_141213_frame_4,0,0,0,test
922,922_20231117_141213_frame_4,0,0,1,train
922,922_20231117_141213_frame_4,0,0,2,train
922,922_20231117_141213_frame_4,0,0,3,train
922,922_20231117_141213_frame_4,0,0,4,train
922,922_20231117_141213_frame_346,1,0,0,test
922,922_20231117_141213_frame_346,1,0,1,train
922,922_20231117_141213_frame_346,1,0,2,train
922,922_20231117_141213_frame_346,1,0,3,train
922,922_20231117_141213_frame_346,1,0,4,train
922,922_20231117_141213_frame_20,0,0,0,test
922,922_20231117_141213_frame_20,0,0,1,train
922,922_20231117_141213_frame_20,0,0,2,train
922,922_20231117_141213_frame_20,0,0,3,train
922,922_20231117_141213_frame_20,0,0,4,train
922,922_20231117_141213_frame_529,0,0,0,test
922,922_20231117_141213_frame_529,0,0,1,train
922,922_20231117_141213_frame_529,0,0,2,train
922,922_20231117_141213_frame_529,0,0,3,train
922,922_20231117_141213_frame_529,0,0,4,train
764,764_20231117_144922_frame_812,1,0,0,test
764,764_20231117_144922_frame_812,1,0,1,train
764,764_20231117_144922_frame_812,1,0,2,train
764,764_20231117_144922_frame_812,1,0,3,train
764,764_20231117_144922_frame_812,1,0,4,train
764,764_20231117_144922_frame_696,1,0,0,test
764,764_20231117_144922_frame_696,1,0,1,train
764,764_20231117_144922_frame_696,1,0,2,train
764,764_20231117_144922_frame_696,1,0,3,train
764,764_20231117_144922_frame_696,1,0,4,train
764,764_20231117_144922_frame_769,1,0,0,test
764,764_20231117_144922_frame_769,1,0,1,train
764,764_20231117_144922_frame_769,1,0,2,train
764,764_20231117_144922_frame_769,1,0,3,train
764,764_20231117_144922_frame_769,1,0,4,train
764,764_20231117_144922_frame_843,1,0,0,test
764,764_20231117_144922_frame_843,1,0,1,train
764,764_20231117_144922_frame_843,1,0,2,train
764,764_20231117_144922_frame_843,1,0,3,train
764,764_20231117_144922_frame_843,1,0,4,train
764,764_20231117_144922_frame_809,1,0,0,test
764,764_20231117_144922_frame_809,1,0,1,train
764,764_20231117_144922_frame_809,1,0,2,train
764,764_20231117_144922_frame_809,1,0,3,train
764,764_20231117_144922_frame_809,1,0,4,train
764,764_20231117_144922_frame_689,1,0,0,test
764,764_20231117_144922_frame_689,1,0,1,train
764,764_20231117_144922_frame_689,1,0,2,train
764,764_20231117_144922_frame_689,1,0,3,train
764,764_20231117_144922_frame_689,1,0,4,train
1359,1359_20231117_124049_frame_59,0,0,0,test
1359,1359_20231117_124049_frame_59,0,0,1,train
1359,1359_20231117_124049_frame_59,0,0,2,train
1359,1359_20231117_124049_frame_59,0,0,3,train
1359,1359_20231117_124049_frame_59,0,0,4,train
1359,1359_20231117_124049_frame_78,0,0,0,test
1359,1359_20231117_124049_frame_78,0,0,1,train
1359,1359_20231117_124049_frame_78,0,0,2,train
1359,1359_20231117_124049_frame_78,0,0,3,train
1359,1359_20231117_124049_frame_78,0,0,4,train
1359,1359_20231117_124049_frame_562,1,0,0,test
1359,1359_20231117_124049_frame_562,1,0,1,train
1359,1359_20231117_124049_frame_562,1,0,2,train
1359,1359_20231117_124049_frame_562,1,0,3,train
1359,1359_20231117_124049_frame_562,1,0,4,train
1359,1359_20231117_124049_frame_384,0,0,0,test
1359,1359_20231117_124049_frame_384,0,0,1,train
1359,1359_20231117_124049_frame_384,0,0,2,train
1359,1359_20231117_124049_frame_384,0,0,3,train
1359,1359_20231117_124049_frame_384,0,0,4,train
1359,1359_20231117_124049_frame_542,0,0,0,test
1359,1359_20231117_124049_frame_542,0,0,1,train
1359,1359_20231117_124049_frame_542,0,0,2,train
1359,1359_20231117_124049_frame_542,0,0,3,train
1359,1359_20231117_124049_frame_542,0,0,4,train
1359,1359_20231117_124049_frame_470,0,0,0,test
1359,1359_20231117_124049_frame_470,0,0,1,train
1359,1359_20231117_124049_frame_470,0,0,2,train
1359,1359_20231117_124049_frame_470,0,0,3,train
1359,1359_20231117_124049_frame_470,0,0,4,train
785,785_20231117_125124_frame_229,0,0,0,test
785,785_20231117_125124_frame_229,0,0,1,train
785,785_20231117_125124_frame_229,0,0,2,train
785,785_20231117_125124_frame_229,0,0,3,train
785,785_20231117_125124_frame_229,0,0,4,train
785,785_20231117_125124_frame_595,0,0,0,test
785,785_20231117_125124_frame_595,0,0,1,train
785,785_20231117_125124_frame_595,0,0,2,train
785,785_20231117_125124_frame_595,0,0,3,train
785,785_20231117_125124_frame_595,0,0,4,train
785,785_20231117_125124_frame_255,0,0,0,test
785,785_20231117_125124_frame_255,0,0,1,train
785,785_20231117_125124_frame_255,0,0,2,train
785,785_20231117_125124_frame_255,0,0,3,train
785,785_20231117_125124_frame_255,0,0,4,train
785,785_20231117_125124_frame_782,0,0,0,test
785,785_20231117_125124_frame_782,0,0,1,train
785,785_20231117_125124_frame_782,0,0,2,train
785,785_20231117_125124_frame_782,0,0,3,train
785,785_20231117_125124_frame_782,0,0,4,train
785,785_20231117_125124_frame_906,0,0,0,test
785,785_20231117_125124_frame_906,0,0,1,train
785,785_20231117_125124_frame_906,0,0,2,train
785,785_20231117_125124_frame_906,0,0,3,train
785,785_20231117_125124_frame_906,0,0,4,train
785,785_20231117_125124_frame_254,0,0,0,test
785,785_20231117_125124_frame_254,0,0,1,train
785,785_20231117_125124_frame_254,0,0,2,train
785,785_20231117_125124_frame_254,0,0,3,train
785,785_20231117_125124_frame_254,0,0,4,train
785,785_20231117_125124_frame_289,0,0,0,test
785,785_20231117_125124_frame_289,0,0,1,train
785,785_20231117_125124_frame_289,0,0,2,train
785,785_20231117_125124_frame_289,0,0,3,train
785,785_20231117_125124_frame_289,0,0,4,train
1329,1329_20231117_132115_frame_492,1,0,0,test
1329,1329_20231117_132115_frame_492,1,0,1,train
1329,1329_20231117_132115_frame_492,1,0,2,train
1329,1329_20231117_132115_frame_492,1,0,3,train
1329,1329_20231117_132115_frame_492,1,0,4,train
1329,1329_20231117_132115_frame_85,1,0,0,test
1329,1329_20231117_132115_frame_85,1,0,1,train
1329,1329_20231117_132115_frame_85,1,0,2,train
1329,1329_20231117_132115_frame_85,1,0,3,train
1329,1329_20231117_132115_frame_85,1,0,4,train
1329,1329_20231117_132115_frame_260,0,0,0,test
1329,1329_20231117_132115_frame_260,0,0,1,train
1329,1329_20231117_132115_frame_260,0,0,2,train
1329,1329_20231117_132115_frame_260,0,0,3,train
1329,1329_20231117_132115_frame_260,0,0,4,train
1329,1329_20231117_132115_frame_487,1,0,0,test
1329,1329_20231117_132115_frame_487,1,0,1,train
1329,1329_20231117_132115_frame_487,1,0,2,train
1329,1329_20231117_132115_frame_487,1,0,3,train
1329,1329_20231117_132115_frame_487,1,0,4,train
1329,1329_20231117_132115_frame_20,0,0,0,test
1329,1329_20231117_132115_frame_20,0,0,1,train
1329,1329_20231117_132115_frame_20,0,0,2,train
1329,1329_20231117_132115_frame_20,0,0,3,train
1329,1329_20231117_132115_frame_20,0,0,4,train
1329,1329_20231117_132115_frame_104,1,0,0,test
1329,1329_20231117_132115_frame_104,1,0,1,train
1329,1329_20231117_132115_frame_104,1,0,2,train
1329,1329_20231117_132115_frame_104,1,0,3,train
1329,1329_20231117_132115_frame_104,1,0,4,train
1293,1293_20231117_112814_frame_184,1,0,0,test
1293,1293_20231117_112814_frame_184,1,0,1,train
1293,1293_20231117_112814_frame_184,1,0,2,train
1293,1293_20231117_112814_frame_184,1,0,3,train
1293,1293_20231117_112814_frame_184,1,0,4,train
1293,1293_20231117_112814_frame_141,1,0,0,test
1293,1293_20231117_112814_frame_141,1,0,1,train
1293,1293_20231117_112814_frame_141,1,0,2,train
1293,1293_20231117_112814_frame_141,1,0,3,train
1293,1293_20231117_112814_frame_141,1,0,4,train
1293,1293_20231117_112814_frame_52,1,0,0,test
1293,1293_20231117_112814_frame_52,1,0,1,train
1293,1293_20231117_112814_frame_52,1,0,2,train
1293,1293_20231117_112814_frame_52,1,0,3,train
1293,1293_20231117_112814_frame_52,1,0,4,train
1293,1293_20231117_112814_frame_201,1,0,0,test
1293,1293_20231117_112814_frame_201,1,0,1,train
1293,1293_20231117_112814_frame_201,1,0,2,train
1293,1293_20231117_112814_frame_201,1,0,3,train
1293,1293_20231117_112814_frame_201,1,0,4,train
1293,1293_20231117_112814_frame_381,1,0,0,test
1293,1293_20231117_112814_frame_381,1,0,1,train
1293,1293_20231117_112814_frame_381,1,0,2,train
1293,1293_20231117_112814_frame_381,1,0,3,train
1293,1293_20231117_112814_frame_381,1,0,4,train
1293,1293_20231117_112814_frame_337,1,0,0,test
1293,1293_20231117_112814_frame_337,1,0,1,train
1293,1293_20231117_112814_frame_337,1,0,2,train
1293,1293_20231117_112814_frame_337,1,0,3,train
1293,1293_20231117_112814_frame_337,1,0,4,train
924,924_20231117_131101_frame_124,0,0,0,test
924,924_20231117_131101_frame_124,0,0,1,train
924,924_20231117_131101_frame_124,0,0,2,train
924,924_20231117_131101_frame_124,0,0,3,train
924,924_20231117_131101_frame_124,0,0,4,train
924,924_20231117_131101_frame_620,1,0,0,test
924,924_20231117_131101_frame_620,1,0,1,train
924,924_20231117_131101_frame_620,1,0,2,train
924,924_20231117_131101_frame_620,1,0,3,train
924,924_20231117_131101_frame_620,1,0,4,train
924,924_20231117_131101_frame_148,0,0,0,test
924,924_20231117_131101_frame_148,0,0,1,train
924,924_20231117_131101_frame_148,0,0,2,train
924,924_20231117_131101_frame_148,0,0,3,train
924,924_20231117_131101_frame_148,0,0,4,train
924,924_20231117_131101_frame_57,0,0,0,test
924,924_20231117_131101_frame_57,0,0,1,train
924,924_20231117_131101_frame_57,0,0,2,train
924,924_20231117_131101_frame_57,0,0,3,train
924,924_20231117_131101_frame_57,0,0,4,train
924,924_20231117_131101_frame_317,0,0,0,test
924,924_20231117_131101_frame_317,0,0,1,train
924,924_20231117_131101_frame_317,0,0,2,train
924,924_20231117_131101_frame_317,0,0,3,train
924,924_20231117_131101_frame_317,0,0,4,train
924,924_20231117_131101_frame_147,0,0,0,test
924,924_20231117_131101_frame_147,0,0,1,train
924,924_20231117_131101_frame_147,0,0,2,train
924,924_20231117_131101_frame_147,0,0,3,train
924,924_20231117_131101_frame_147,0,0,4,train
924,924_20231117_131101_frame_176,0,0,0,test
924,924_20231117_131101_frame_176,0,0,1,train
924,924_20231117_131101_frame_176,0,0,2,train
924,924_20231117_131101_frame_176,0,0,3,train
924,924_20231117_131101_frame_176,0,0,4,train
1335,1335_20231117_121441_frame_289,1,1,0,train
1335,1335_20231117_121441_frame_289,1,1,1,test
1335,1335_20231117_121441_frame_289,1,1,2,train
1335,1335_20231117_121441_frame_289,1,1,3,train
1335,1335_20231117_121441_frame_289,1,1,4,train
1335,1335_20231117_121441_frame_63,1,1,0,train
1335,1335_20231117_121441_frame_63,1,1,1,test
1335,1335_20231117_121441_frame_63,1,1,2,train
1335,1335_20231117_121441_frame_63,1,1,3,train
1335,1335_20231117_121441_frame_63,1,1,4,train
1335,1335_20231117_121441_frame_303,1,1,0,train
1335,1335_20231117_121441_frame_303,1,1,1,test
1335,1335_20231117_121441_frame_303,1,1,2,train
1335,1335_20231117_121441_frame_303,1,1,3,train
1335,1335_20231117_121441_frame_303,1,1,4,train
1335,1335_20231117_121441_frame_392,1,1,0,train
1335,1335_20231117_121441_frame_392,1,1,1,test
1335,1335_20231117_121441_frame_392,1,1,2,train
1335,1335_20231117_121441_frame_392,1,1,3,train
1335,1335_20231117_121441_frame_392,1,1,4,train
1335,1335_20231117_121441_frame_329,1,1,0,train
1335,1335_20231117_121441_frame_329,1,1,1,test
1335,1335_20231117_121441_frame_329,1,1,2,train
1335,1335_20231117_121441_frame_329,1,1,3,train
1335,1335_20231117_121441_frame_329,1,1,4,train
1335,1335_20231117_121441_frame_418,1,1,0,train
1335,1335_20231117_121441_frame_418,1,1,1,test
1335,1335_20231117_121441_frame_418,1,1,2,train
1335,1335_20231117_121441_frame_418,1,1,3,train
1335,1335_20231117_121441_frame_418,1,1,4,train
970,970_20231117_150812_frame_629,1,1,0,train
970,970_20231117_150812_frame_629,1,1,1,test
970,970_20231117_150812_frame_629,1,1,2,train
970,970_20231117_150812_frame_629,1,1,3,train
970,970_20231117_150812_frame_629,1,1,4,train
970,970_20231117_150812_frame_622,1,1,0,train
970,970_20231117_150812_frame_622,1,1,1,test
970,970_20231117_150812_frame_622,1,1,2,train
970,970_20231117_150812_frame_622,1,1,3,train
970,970_20231117_150812_frame_622,1,1,4,train
970,970_20231117_150812_frame_222,1,1,0,train
970,970_20231117_150812_frame_222,1,1,1,test
970,970_20231117_150812_frame_222,1,1,2,train
970,970_20231117_150812_frame_222,1,1,3,train
970,970_20231117_150812_frame_222,1,1,4,train
970,970_20231117_150812_frame_551,1,1,0,train
970,970_20231117_150812_frame_551,1,1,1,test
970,970_20231117_150812_frame_551,1,1,2,train
970,970_20231117_150812_frame_551,1,1,3,train
970,970_20231117_150812_frame_551,1,1,4,train
970,970_20231117_150812_frame_632,1,1,0,train
970,970_20231117_150812_frame_632,1,1,1,test
970,970_20231117_150812_frame_632,1,1,2,train
970,970_20231117_150812_frame_632,1,1,3,train
970,970_20231117_150812_frame_632,1,1,4,train
970,970_20231117_150812_frame_613,1,1,0,train
970,970_20231117_150812_frame_613,1,1,1,test
970,970_20231117_150812_frame_613,1,1,2,train
970,970_20231117_150812_frame_613,1,1,3,train
970,970_20231117_150812_frame_613,1,1,4,train
736,736_20231117_152813_frame_625,0,1,0,train
736,736_20231117_152813_frame_625,0,1,1,test
736,736_20231117_152813_frame_625,0,1,2,train
736,736_20231117_152813_frame_625,0,1,3,train
736,736_20231117_152813_frame_625,0,1,4,train
736,736_20231117_152813_frame_406,0,1,0,train
736,736_20231117_152813_frame_406,0,1,1,test
736,736_20231117_152813_frame_406,0,1,2,train
736,736_20231117_152813_frame_406,0,1,3,train
736,736_20231117_152813_frame_406,0,1,4,train
736,736_20231117_152813_frame_493,0,1,0,train
736,736_20231117_152813_frame_493,0,1,1,test
736,736_20231117_152813_frame_493,0,1,2,train
736,736_20231117_152813_frame_493,0,1,3,train
736,736_20231117_152813_frame_493,0,1,4,train
736,736_20231117_152813_frame_492,0,1,0,train
736,736_20231117_152813_frame_492,0,1,1,test
736,736_20231117_152813_frame_492,0,1,2,train
736,736_20231117_152813_frame_492,0,1,3,train
736,736_20231117_152813_frame_492,0,1,4,train
736,736_20231117_152813_frame_242,1,1,0,train
736,736_20231117_152813_frame_242,1,1,1,test
736,736_20231117_152813_frame_242,1,1,2,train
736,736_20231117_152813_frame_242,1,1,3,train
736,736_20231117_152813_frame_242,1,1,4,train
736,736_20231117_152813_frame_545,0,1,0,train
736,736_20231117_152813_frame_545,0,1,1,test
736,736_20231117_152813_frame_545,0,1,2,train
736,736_20231117_152813_frame_545,0,1,3,train
736,736_20231117_152813_frame_545,0,1,4,train
1295,1295_20231117_130928_frame_141,0,1,0,train
1295,1295_20231117_130928_frame_141,0,1,1,test
1295,1295_20231117_130928_frame_141,0,1,2,train
1295,1295_20231117_130928_frame_141,0,1,3,train
1295,1295_20231117_130928_frame_141,0,1,4,train
1295,1295_20231117_130928_frame_707,0,1,0,train
1295,1295_20231117_130928_frame_707,0,1,1,test
1295,1295_20231117_130928_frame_707,0,1,2,train
1295,1295_20231117_130928_frame_707,0,1,3,train
1295,1295_20231117_130928_frame_707,0,1,4,train
1295,1295_20231117_130928_frame_677,0,1,0,train
1295,1295_20231117_130928_frame_677,0,1,1,test
1295,1295_20231117_130928_frame_677,0,1,2,train
1295,1295_20231117_130928_frame_677,0,1,3,train
1295,1295_20231117_130928_frame_677,0,1,4,train
1295,1295_20231117_130928_frame_167,1,1,0,train
1295,1295_20231117_130928_frame_167,1,1,1,test
1295,1295_20231117_130928_frame_167,1,1,2,train
1295,1295_20231117_130928_frame_167,1,1,3,train
1295,1295_20231117_130928_frame_167,1,1,4,train
1295,1295_20231117_130928_frame_720,1,1,0,train
1295,1295_20231117_130928_frame_720,1,1,1,test
1295,1295_20231117_130928_frame_720,1,1,2,train
1295,1295_20231117_130928_frame_720,1,1,3,train
1295,1295_20231117_130928_frame_720,1,1,4,train
1295,1295_20231117_130928_frame_334,1,1,0,train
1295,1295_20231117_130928_frame_334,1,1,1,test
1295,1295_20231117_130928_frame_334,1,1,2,train
1295,1295_20231117_130928_frame_334,1,1,3,train
1295,1295_20231117_130928_frame_334,1,1,4,train
1295,1295_20231117_130928_frame_148,1,1,0,train
1295,1295_20231117_130928_frame_148,1,1,1,test
1295,1295_20231117_130928_frame_148,1,1,2,train
1295,1295_20231117_130928_frame_148,1,1,3,train
1295,1295_20231117_130928_frame_148,1,1,4,train
856,856_20231117_152520_frame_39,1,1,0,train
856,856_20231117_152520_frame_39,1,1,1,test
856,856_20231117_152520_frame_39,1,1,2,train
856,856_20231117_152520_frame_39,1,1,3,train
856,856_20231117_152520_frame_39,1,1,4,train
856,856_20231117_152520_frame_412,1,1,0,train
856,856_20231117_152520_frame_412,1,1,1,test
856,856_20231117_152520_frame_412,1,1,2,train
856,856_20231117_152520_frame_412,1,1,3,train
856,856_20231117_152520_frame_412,1,1,4,train
856,856_20231117_152520_frame_42,1,1,0,train
856,856_20231117_152520_frame_42,1,1,1,test
856,856_20231117_152520_frame_42,1,1,2,train
856,856_20231117_152520_frame_42,1,1,3,train
856,856_20231117_152520_frame_42,1,1,4,train
856,856_20231117_152520_frame_348,1,1,0,train
856,856_20231117_152520_frame_348,1,1,1,test
856,856_20231117_152520_frame_348,1,1,2,train
856,856_20231117_152520_frame_348,1,1,3,train
856,856_20231117_152520_frame_348,1,1,4,train
856,856_20231117_152520_frame_379,1,1,0,train
856,856_20231117_152520_frame_379,1,1,1,test
856,856_20231117_152520_frame_379,1,1,2,train
856,856_20231117_152520_frame_379,1,1,3,train
856,856_20231117_152520_frame_379,1,1,4,train
856,856_20231117_152520_frame_51,0,1,0,train
856,856_20231117_152520_frame_51,0,1,1,test
856,856_20231117_152520_frame_51,0,1,2,train
856,856_20231117_152520_frame_51,0,1,3,train
856,856_20231117_152520_frame_51,0,1,4,train
1281,1281_20231117_111109_frame_714,1,1,0,train
1281,1281_20231117_111109_frame_714,1,1,1,test
1281,1281_20231117_111109_frame_714,1,1,2,train
1281,1281_20231117_111109_frame_714,1,1,3,train
1281,1281_20231117_111109_frame_714,1,1,4,train
1281,1281_20231117_111109_frame_757,1,1,0,train
1281,1281_20231117_111109_frame_757,1,1,1,test
1281,1281_20231117_111109_frame_757,1,1,2,train
1281,1281_20231117_111109_frame_757,1,1,3,train
1281,1281_20231117_111109_frame_757,1,1,4,train
1281,1281_20231117_111109_frame_782,0,1,0,train
1281,1281_20231117_111109_frame_782,0,1,1,test
1281,1281_20231117_111109_frame_782,0,1,2,train
1281,1281_20231117_111109_frame_782,0,1,3,train
1281,1281_20231117_111109_frame_782,0,1,4,train
1281,1281_20231117_111109_frame_554,0,1,0,train
1281,1281_20231117_111109_frame_554,0,1,1,test
1281,1281_20231117_111109_frame_554,0,1,2,train
1281,1281_20231117_111109_frame_554,0,1,3,train
1281,1281_20231117_111109_frame_554,0,1,4,train
1281,1281_20231117_111109_frame_586,0,1,0,train
1281,1281_20231117_111109_frame_586,0,1,1,test
1281,1281_20231117_111109_frame_586,0,1,2,train
1281,1281_20231117_111109_frame_586,0,1,3,train
1281,1281_20231117_111109_frame_586,0,1,4,train
1281,1281_20231117_111109_frame_702,1,1,0,train
1281,1281_20231117_111109_frame_702,1,1,1,test
1281,1281_20231117_111109_frame_702,1,1,2,train
1281,1281_20231117_111109_frame_702,1,1,3,train
1281,1281_20231117_111109_frame_702,1,1,4,train
807,807_20231117_175347_frame_345,0,1,0,train
807,807_20231117_175347_frame_345,0,1,1,test
807,807_20231117_175347_frame_345,0,1,2,train
807,807_20231117_175347_frame_345,0,1,3,train
807,807_20231117_175347_frame_345,0,1,4,train
807,807_20231117_175347_frame_201,0,1,0,train
807,807_20231117_175347_frame_201,0,1,1,test
807,807_20231117_175347_frame_201,0,1,2,train
807,807_20231117_175347_frame_201,0,1,3,train
807,807_20231117_175347_frame_201,0,1,4,train
807,807_20231117_175347_frame_905,0,1,0,train
807,807_20231117_175347_frame_905,0,1,1,test
807,807_20231117_175347_frame_905,0,1,2,train
807,807_20231117_175347_frame_905,0,1,3,train
807,807_20231117_175347_frame_905,0,1,4,train
807,807_20231117_175347_frame_236,0,1,0,train
807,807_20231117_175347_frame_236,0,1,1,test
807,807_20231117_175347_frame_236,0,1,2,train
807,807_20231117_175347_frame_236,0,1,3,train
807,807_20231117_175347_frame_236,0,1,4,train
807,807_20231117_175347_frame_550,0,1,0,train
807,807_20231117_175347_frame_550,0,1,1,test
807,807_20231117_175347_frame_550,0,1,2,train
807,807_20231117_175347_frame_550,0,1,3,train
807,807_20231117_175347_frame_550,0,1,4,train
807,807_20231117_175347_frame_724,0,1,0,train
807,807_20231117_175347_frame_724,0,1,1,test
807,807_20231117_175347_frame_724,0,1,2,train
807,807_20231117_175347_frame_724,0,1,3,train
807,807_20231117_175347_frame_724,0,1,4,train
807,807_20231117_175347_frame_702,0,1,0,train
807,807_20231117_175347_frame_702,0,1,1,test
807,807_20231117_175347_frame_702,0,1,2,train
807,807_20231117_175347_frame_702,0,1,3,train
807,807_20231117_175347_frame_702,0,1,4,train
1261,1261_20231117_134027_frame_210,0,1,0,train
1261,1261_20231117_134027_frame_210,0,1,1,test
1261,1261_20231117_134027_frame_210,0,1,2,train
1261,1261_20231117_134027_frame_210,0,1,3,train
1261,1261_20231117_134027_frame_210,0,1,4,train
1261,1261_20231117_134027_frame_564,0,1,0,train
1261,1261_20231117_134027_frame_564,0,1,1,test
1261,1261_20231117_134027_frame_564,0,1,2,train
1261,1261_20231117_134027_frame_564,0,1,3,train
1261,1261_20231117_134027_frame_564,0,1,4,train
1261,1261_20231117_134027_frame_545,1,1,0,train
1261,1261_20231117_134027_frame_545,1,1,1,test
1261,1261_20231117_134027_frame_545,1,1,2,train
1261,1261_20231117_134027_frame_545,1,1,3,train
1261,1261_20231117_134027_frame_545,1,1,4,train
1261,1261_20231117_134027_frame_243,0,1,0,train
1261,1261_20231117_134027_frame_243,0,1,1,test
1261,1261_20231117_134027_frame_243,0,1,2,train
1261,1261_20231117_134027_frame_243,0,1,3,train
1261,1261_20231117_134027_frame_243,0,1,4,train
1261,1261_20231117_134027_frame_324,0,1,0,train
1261,1261_20231117_134027_frame_324,0,1,1,test
1261,1261_20231117_134027_frame_324,0,1,2,train
1261,1261_20231117_134027_frame_324,0,1,3,train
1261,1261_20231117_134027_frame_324,0,1,4,train
1261,1261_20231117_134027_frame_64,0,1,0,train
1261,1261_20231117_134027_frame_64,0,1,1,test
1261,1261_20231117_134027_frame_64,0,1,2,train
1261,1261_20231117_134027_frame_64,0,1,3,train
1261,1261_20231117_134027_frame_64,0,1,4,train
861,861_20231117_122436_frame_94,0,1,0,train
861,861_20231117_122436_frame_94,0,1,1,test
861,861_20231117_122436_frame_94,0,1,2,train
861,861_20231117_122436_frame_94,0,1,3,train
861,861_20231117_122436_frame_94,0,1,4,train
861,861_20231117_122436_frame_66,0,1,0,train
861,861_20231117_122436_frame_66,0,1,1,test
861,861_20231117_122436_frame_66,0,1,2,train
861,861_20231117_122436_frame_66,0,1,3,train
861,861_20231117_122436_frame_66,0,1,4,train
861,861_20231117_122436_frame_57,0,1,0,train
861,861_20231117_122436_frame_57,0,1,1,test
861,861_20231117_122436_frame_57,0,1,2,train
861,861_20231117_122436_frame_57,0,1,3,train
861,861_20231117_122436_frame_57,0,1,4,train
861,861_20231117_122436_frame_401,1,1,0,train
861,861_20231117_122436_frame_401,1,1,1,test
861,861_20231117_122436_frame_401,1,1,2,train
861,861_20231117_122436_frame_401,1,1,3,train
861,861_20231117_122436_frame_401,1,1,4,train
861,861_20231117_122436_frame_386,1,1,0,train
861,861_20231117_122436_frame_386,1,1,1,test
861,861_20231117_122436_frame_386,1,1,2,train
861,861_20231117_122436_frame_386,1,1,3,train
861,861_20231117_122436_frame_386,1,1,4,train
861,861_20231117_122436_frame_47,0,1,0,train
861,861_20231117_122436_frame_47,0,1,1,test
861,861_20231117_122436_frame_47,0,1,2,train
861,861_20231117_122436_frame_47,0,1,3,train
861,861_20231117_122436_frame_47,0,1,4,train
1040,1040_20231117_172657_frame_579,1,1,0,train
1040,1040_20231117_172657_frame_579,1,1,1,test
1040,1040_20231117_172657_frame_579,1,1,2,train
1040,1040_20231117_172657_frame_579,1,1,3,train
1040,1040_20231117_172657_frame_579,1,1,4,train
1040,1040_20231117_172657_frame_649,0,1,0,train
1040,1040_20231117_172657_frame_649,0,1,1,test
1040,1040_20231117_172657_frame_649,0,1,2,train
1040,1040_20231117_172657_frame_649,0,1,3,train
1040,1040_20231117_172657_frame_649,0,1,4,train
1040,1040_20231117_172657_frame_318,1,1,0,train
1040,1040_20231117_172657_frame_318,1,1,1,test
1040,1040_20231117_172657_frame_318,1,1,2,train
1040,1040_20231117_172657_frame_318,1,1,3,train
1040,1040_20231117_172657_frame_318,1,1,4,train
1040,1040_20231117_172657_frame_734,1,1,0,train
1040,1040_20231117_172657_frame_734,1,1,1,test
1040,1040_20231117_172657_frame_734,1,1,2,train
1040,1040_20231117_172657_frame_734,1,1,3,train
1040,1040_20231117_172657_frame_734,1,1,4,train
1040,1040_20231117_172657_frame_629,1,1,0,train
1040,1040_20231117_172657_frame_629,1,1,1,test
1040,1040_20231117_172657_frame_629,1,1,2,train
1040,1040_20231117_172657_frame_629,1,1,3,train
1040,1040_20231117_172657_frame_629,1,1,4,train
1040,1040_20231117_172657_frame_782,0,1,0,train
1040,1040_20231117_172657_frame_782,0,1,1,test
1040,1040_20231117_172657_frame_782,0,1,2,train
1040,1040_20231117_172657_frame_782,0,1,3,train
1040,1040_20231117_172657_frame_782,0,1,4,train
837,837_20231117_165123_frame_463,1,3,0,train
837,837_20231117_165123_frame_463,1,3,1,val
837,837_20231117_165123_frame_463,1,3,2,train
837,837_20231117_165123_frame_463,1,3,3,test
837,837_20231117_165123_frame_463,1,3,4,train
837,837_20231117_165123_frame_620,0,3,0,train
837,837_20231117_165123_frame_620,0,3,1,val
837,837_20231117_165123_frame_620,0,3,2,train
837,837_20231117_165123_frame_620,0,3,3,test
837,837_20231117_165123_frame_620,0,3,4,train
837,837_20231117_165123_frame_709,0,3,0,train
837,837_20231117_165123_frame_709,0,3,1,val
837,837_20231117_165123_frame_709,0,3,2,train
837,837_20231117_165123_frame_709,0,3,3,test
837,837_20231117_165123_frame_709,0,3,4,train
837,837_20231117_165123_frame_169,0,3,0,train
837,837_20231117_165123_frame_169,0,3,1,val
837,837_20231117_165123_frame_169,0,3,2,train
837,837_20231117_165123_frame_169,0,3,3,test
837,837_20231117_165123_frame_169,0,3,4,train
837,837_20231117_165123_frame_48,0,3,0,train
837,837_20231117_165123_frame_48,0,3,1,val
837,837_20231117_165123_frame_48,0,3,2,train
837,837_20231117_165123_frame_48,0,3,3,test
837,837_20231117_165123_frame_48,0,3,4,train
837,837_20231117_165123_frame_136,0,3,0,train
837,837_20231117_165123_frame_136,0,3,1,val
837,837_20231117_165123_frame_136,0,3,2,train
837,837_20231117_165123_frame_136,0,3,3,test
837,837_20231117_165123_frame_136,0,3,4,train
837,837_20231117_165123_frame_348,0,3,0,train
837,837_20231117_165123_frame_348,0,3,1,val
837,837_20231117_165123_frame_348,0,3,2,train
837,837_20231117_165123_frame_348,0,3,3,test
837,837_20231117_165123_frame_348,0,3,4,train
1271,1271_20231117_164614_frame_552,1,3,0,train
1271,1271_20231117_164614_frame_552,1,3,1,val
1271,1271_20231117_164614_frame_552,1,3,2,train
1271,1271_20231117_164614_frame_552,1,3,3,test
1271,1271_20231117_164614_frame_552,1,3,4,train
1271,1271_20231117_164614_frame_585,1,3,0,train
1271,1271_20231117_164614_frame_585,1,3,1,val
1271,1271_20231117_164614_frame_585,1,3,2,train
1271,1271_20231117_164614_frame_585,1,3,3,test
1271,1271_20231117_164614_frame_585,1,3,4,train
1271,1271_20231117_164614_frame_296,1,3,0,train
1271,1271_20231117_164614_frame_296,1,3,1,val
1271,1271_20231117_164614_frame_296,1,3,2,train
1271,1271_20231117_164614_frame_296,1,3,3,test
1271,1271_20231117_164614_frame_296,1,3,4,train
1271,1271_20231117_164614_frame_862,1,3,0,train
1271,1271_20231117_164614_frame_862,1,3,1,val
1271,1271_20231117_164614_frame_862,1,3,2,train
1271,1271_20231117_164614_frame_862,1,3,3,test
1271,1271_20231117_164614_frame_862,1,3,4,train
1271,1271_20231117_164614_frame_781,1,3,0,train
1271,1271_20231117_164614_frame_781,1,3,1,val
1271,1271_20231117_164614_frame_781,1,3,2,train
1271,1271_20231117_164614_frame_781,1,3,3,test
1271,1271_20231117_164614_frame_781,1,3,4,train
1271,1271_20231117_164614_frame_311,1,3,0,train
1271,1271_20231117_164614_frame_311,1,3,1,val
1271,1271_20231117_164614_frame_311,1,3,2,train
1271,1271_20231117_164614_frame_311,1,3,3,test
1271,1271_20231117_164614_frame_311,1,3,4,train
1271,1271_20231117_164614_frame_685,1,3,0,train
1271,1271_20231117_164614_frame_685,1,3,1,val
1271,1271_20231117_164614_frame_685,1,3,2,train
1271,1271_20231117_164614_frame_685,1,3,3,test
1271,1271_20231117_164614_frame_685,1,3,4,train
723,723_20231117_175039_frame_338,1,3,0,train
723,723_20231117_175039_frame_338,1,3,1,val
723,723_20231117_175039_frame_338,1,3,2,train
723,723_20231117_175039_frame_338,1,3,3,test
723,723_20231117_175039_frame_338,1,3,4,train
723,723_20231117_175039_frame_190,1,3,0,train
723,723_20231117_175039_frame_190,1,3,1,val
723,723_20231117_175039_frame_190,1,3,2,train
723,723_20231117_175039_frame_190,1,3,3,test
723,723_20231117_175039_frame_190,1,3,4,train
723,723_20231117_175039_frame_133,0,3,0,train
723,723_20231117_175039_frame_133,0,3,1,val
723,723_20231117_175039_frame_133,0,3,2,train
723,723_20231117_175039_frame_133,0,3,3,test
723,723_20231117_175039_frame_133,0,3,4,train
723,723_20231117_175039_frame_154,0,3,0,train
723,723_20231117_175039_frame_154,0,3,1,val
723,723_20231117_175039_frame_154,0,3,2,train
723,723_20231117_175039_frame_154,0,3,3,test
723,723_20231117_175039_frame_154,0,3,4,train
723,723_20231117_175039_frame_360,0,3,0,train
723,723_20231117_175039_frame_360,0,3,1,val
723,723_20231117_175039_frame_360,0,3,2,train
723,723_20231117_175039_frame_360,0,3,3,test
723,723_20231117_175039_frame_360,0,3,4,train
723,723_20231117_175039_frame_274,1,3,0,train
723,723_20231117_175039_frame_274,1,3,1,val
723,723_20231117_175039_frame_274,1,3,2,train
723,723_20231117_175039_frame_274,1,3,3,test
723,723_20231117_175039_frame_274,1,3,4,train
1291,1291_20231117_112153_frame_276,0,3,0,train
1291,1291_20231117_112153_frame_276,0,3,1,val
1291,1291_20231117_112153_frame_276,0,3,2,train
1291,1291_20231117_112153_frame_276,0,3,3,test
1291,1291_20231117_112153_frame_276,0,3,4,train
1291,1291_20231117_112153_frame_207,1,3,0,train
1291,1291_20231117_112153_frame_207,1,3,1,val
1291,1291_20231117_112153_frame_207,1,3,2,train
1291,1291_20231117_112153_frame_207,1,3,3,test
1291,1291_20231117_112153_frame_207,1,3,4,train
1291,1291_20231117_112153_frame_382,0,3,0,train
1291,1291_20231117_112153_frame_382,0,3,1,val
1291,1291_20231117_112153_frame_382,0,3,2,train
1291,1291_20231117_112153_frame_382,0,3,3,test
1291,1291_20231117_112153_frame_382,0,3,4,train
1291,1291_20231117_112153_frame_158,0,3,0,train
1291,1291_20231117_112153_frame_158,0,3,1,val
1291,1291_20231117_112153_frame_158,0,3,2,train
1291,1291_20231117_112153_frame_158,0,3,3,test
1291,1291_20231117_112153_frame_158,0,3,4,train
1291,1291_20231117_112153_frame_91,0,3,0,train
1291,1291_20231117_112153_frame_91,0,3,1,val
1291,1291_20231117_112153_frame_91,0,3,2,train
1291,1291_20231117_112153_frame_91,0,3,3,test
1291,1291_20231117_112153_frame_91,0,3,4,train
1291,1291_20231117_112153_frame_279,0,3,0,train
1291,1291_20231117_112153_frame_279,0,3,1,val
1291,1291_20231117_112153_frame_279,0,3,2,train
1291,1291_20231117_112153_frame_279,0,3,3,test
1291,1291_20231117_112153_frame_279,0,3,4,train
1315,1315_20231117_115302_frame_272,0,3,0,train
1315,1315_20231117_115302_frame_272,0,3,1,val
1315,1315_20231117_115302_frame_272,0,3,2,train
1315,1315_20231117_115302_frame_272,0,3,3,test
1315,1315_20231117_115302_frame_272,0,3,4,train
1315,1315_20231117_115302_frame_73,1,3,0,train
1315,1315_20231117_115302_frame_73,1,3,1,val
1315,1315_20231117_115302_frame_73,1,3,2,train
1315,1315_20231117_115302_frame_73,1,3,3,test
1315,1315_20231117_115302_frame_73,1,3,4,train
1315,1315_20231117_115302_frame_156,0,3,0,train
1315,1315_20231117_115302_frame_156,0,3,1,val
1315,1315_20231117_115302_frame_156,0,3,2,train
1315,1315_20231117_115302_frame_156,0,3,3,test
1315,1315_20231117_115302_frame_156,0,3,4,train
1315,1315_20231117_115302_frame_180,0,3,0,train
1315,1315_20231117_115302_frame_180,0,3,1,val
1315,1315_20231117_115302_frame_180,0,3,2,train
1315,1315_20231117_115302_frame_180,0,3,3,test
1315,1315_20231117_115302_frame_180,0,3,4,train
1315,1315_20231117_115302_frame_334,0,3,0,train
1315,1315_20231117_115302_frame_334,0,3,1,val
1315,1315_20231117_115302_frame_334,0,3,2,train
1315,1315_20231117_115302_frame_334,0,3,3,test
1315,1315_20231117_115302_frame_334,0,3,4,train
1315,1315_20231117_115302_frame_402,1,3,0,train
1315,1315_20231117_115302_frame_402,1,3,1,val
1315,1315_20231117_115302_frame_402,1,3,2,train
1315,1315_20231117_115302_frame_402,1,3,3,test
1315,1315_20231117_115302_frame_402,1,3,4,train
1325,1325_20231117_113835_frame_738,0,3,0,train
1325,1325_20231117_113835_frame_738,0,3,1,val
1325,1325_20231117_113835_frame_738,0,3,2,train
1325,1325_20231117_113835_frame_738,0,3,3,test
1325,1325_20231117_113835_frame_738,0,3,4,train
1325,1325_20231117_113835_frame_747,0,3,0,train
1325,1325_20231117_113835_frame_747,0,3,1,val
1325,1325_20231117_113835_frame_747,0,3,2,train
1325,1325_20231117_113835_frame_747,0,3,3,test
1325,1325_20231117_113835_frame_747,0,3,4,train
1325,1325_20231117_113835_frame_283,0,3,0,train
1325,1325_20231117_113835_frame_283,0,3,1,val
1325,1325_20231117_113835_frame_283,0,3,2,train
1325,1325_20231117_113835_frame_283,0,3,3,test
1325,1325_20231117_113835_frame_283,0,3,4,train
1325,1325_20231117_113835_frame_186,0,3,0,train
1325,1325_20231117_113835_frame_186,0,3,1,val
1325,1325_20231117_113835_frame_186,0,3,2,train
1325,1325_20231117_113835_frame_186,0,3,3,test
1325,1325_20231117_113835_frame_186,0,3,4,train
1325,1325_20231117_113835_frame_580,0,3,0,train
1325,1325_20231117_113835_frame_580,0,3,1,val
1325,1325_20231117_113835_frame_580,0,3,2,train
1325,1325_20231117_113835_frame_580,0,3,3,test
1325,1325_20231117_113835_frame_580,0,3,4,train
1325,1325_20231117_113835_frame_546,0,3,0,train
1325,1325_20231117_113835_frame_546,0,3,1,val
1325,1325_20231117_113835_frame_546,0,3,2,train
1325,1325_20231117_113835_frame_546,0,3,3,test
1325,1325_20231117_113835_frame_546,0,3,4,train
1325,1325_20231117_113835_frame_240,0,3,0,train
1325,1325_20231117_113835_frame_240,0,3,1,val
1325,1325_20231117_113835_frame_240,0,3,2,train
1325,1325_20231117_113835_frame_240,0,3,3,test
1325,1325_20231117_113835_frame_240,0,3,4,train
948,948_20231117_135427_frame_119,1,3,0,train
948,948_20231117_135427_frame_119,1,3,1,val
948,948_20231117_135427_frame_119,1,3,2,train
948,948_20231117_135427_frame_119,1,3,3,test
948,948_20231117_135427_frame_119,1,3,4,train
948,948_20231117_135427_frame_151,1,3,0,train
948,948_20231117_135427_frame_151,1,3,1,val
948,948_20231117_135427_frame_151,1,3,2,train
948,948_20231117_135427_frame_151,1,3,3,test
948,948_20231117_135427_frame_151,1,3,4,train
948,948_20231117_135427_frame_92,1,3,0,train
948,948_20231117_135427_frame_92,1,3,1,val
948,948_20231117_135427_frame_92,1,3,2,train
948,948_20231117_135427_frame_92,1,3,3,test
948,948_20231117_135427_frame_92,1,3,4,train
948,948_20231117_135427_frame_149,1,3,0,train
948,948_20231117_135427_frame_149,1,3,1,val
948,948_20231117_135427_frame_149,1,3,2,train
948,948_20231117_135427_frame_149,1,3,3,test
948,948_20231117_135427_frame_149,1,3,4,train
948,948_20231117_135427_frame_123,0,3,0,train
948,948_20231117_135427_frame_123,0,3,1,val
948,948_20231117_135427_frame_123,0,3,2,train
948,948_20231117_135427_frame_123,0,3,3,test
948,948_20231117_135427_frame_123,0,3,4,train
948,948_20231117_135427_frame_86,0,3,0,train
948,948_20231117_135427_frame_86,0,3,1,val
948,948_20231117_135427_frame_86,0,3,2,train
948,948_20231117_135427_frame_86,0,3,3,test
948,948_20231117_135427_frame_86,0,3,4,train
729,729_20231117_112927_frame_446,1,3,0,train
729,729_20231117_112927_frame_446,1,3,1,val
729,729_20231117_112927_frame_446,1,3,2,train
729,729_20231117_112927_frame_446,1,3,3,test
729,729_20231117_112927_frame_446,1,3,4,train
729,729_20231117_112927_frame_377,1,3,0,train
729,729_20231117_112927_frame_377,1,3,1,val
729,729_20231117_112927_frame_377,1,3,2,train
729,729_20231117_112927_frame_377,1,3,3,test
729,729_20231117_112927_frame_377,1,3,4,train
729,729_20231117_112927_frame_28,0,3,0,train
729,729_20231117_112927_frame_28,0,3,1,val
729,729_20231117_112927_frame_28,0,3,2,train
729,729_20231117_112927_frame_28,0,3,3,test
729,729_20231117_112927_frame_28,0,3,4,train
729,729_20231117_112927_frame_145,1,3,0,train
729,729_20231117_112927_frame_145,1,3,1,val
729,729_20231117_112927_frame_145,1,3,2,train
729,729_20231117_112927_frame_145,1,3,3,test
729,729_20231117_112927_frame_145,1,3,4,train
729,729_20231117_112927_frame_275,1,3,0,train
729,729_20231117_112927_frame_275,1,3,1,val
729,729_20231117_112927_frame_275,1,3,2,train
729,729_20231117_112927_frame_275,1,3,3,test
729,729_20231117_112927_frame_275,1,3,4,train
729,729_20231117_112927_frame_388,1,3,0,train
729,729_20231117_112927_frame_388,1,3,1,val
729,729_20231117_112927_frame_388,1,3,2,train
729,729_20231117_112927_frame_388,1,3,3,test
729,729_20231117_112927_frame_388,1,3,4,train
1003,1003_20231117_163646_frame_4,1,3,0,train
1003,1003_20231117_163646_frame_4,1,3,1,val
1003,1003_20231117_163646_frame_4,1,3,2,train
1003,1003_20231117_163646_frame_4,1,3,3,test
1003,1003_20231117_163646_frame_4,1,3,4,train
1003,1003_20231117_163646_frame_265,0,3,0,train
1003,1003_20231117_163646_frame_265,0,3,1,val
1003,1003_20231117_163646_frame_265,0,3,2,train
1003,1003_20231117_163646_frame_265,0,3,3,test
1003,1003_20231117_163646_frame_265,0,3,4,train
1003,1003_20231117_163646_frame_219,1,3,0,train
1003,1003_20231117_163646_frame_219,1,3,1,val
1003,1003_20231117_163646_frame_219,1,3,2,train
1003,1003_20231117_163646_frame_219,1,3,3,test
1003,1003_20231117_163646_frame_219,1,3,4,train
1003,1003_20231117_163646_frame_47,1,3,0,train
1003,1003_20231117_163646_frame_47,1,3,1,val
1003,1003_20231117_163646_frame_47,1,3,2,train
1003,1003_20231117_163646_frame_47,1,3,3,test
1003,1003_20231117_163646_frame_47,1,3,4,train
1003,1003_20231117_163646_frame_144,1,3,0,train
1003,1003_20231117_163646_frame_144,1,3,1,val
1003,1003_20231117_163646_frame_144,1,3,2,train
1003,1003_20231117_163646_frame_144,1,3,3,test
1003,1003_20231117_163646_frame_144,1,3,4,train
1003,1003_20231117_163646_frame_264,1,3,0,train
1003,1003_20231117_163646_frame_264,1,3,1,val
1003,1003_20231117_163646_frame_264,1,3,2,train
1003,1003_20231117_163646_frame_264,1,3,3,test
1003,1003_20231117_163646_frame_264,1,3,4,train
