cow,lactation_number,dko_lb_cl,dko_lf_cl,dko_rb_cl,dko_rf_cl,dko_udder_cl,dim,dko_lb_dim_cl,dko_lf_dim_cl,dko_rf_dim_cl,dko_rb_dim_cl,dko_udder_dim_cl,dko_lb_7d,dko_lf_7d,dko_rb_7d,dko_rf_7d,dko_udder_7d,dko_lb_nd_7d,dko_lf_nd_7d,dko_rf_nd_7d,dko_rb_nd_7d,dko_udder_nd_7d,vko_lb_cl,vko_lf_cl,vko_rb_cl,vko_rf_cl,vko_udder_cl,visits_cl,vko_lb_nv_cl,vko_lf_nv_cl,vko_rf_nv_cl,vko_rb_nv_cl,vko_udder_nv_cl,vko_lb_7d,vko_lf_7d,vko_rb_7d,vko_rf_7d,vko_udder_7d,visits_7d,vko_lb_nv_7d,vko_lf_nv_7d,vko_rf_nv_7d,vko_rb_nv_7d,vko_udder_nv_7d
254,7,2,0,12,86,96,320,0.625,0.0,26.875,3.75,30.0,0.0,0.0,0.0,0.0,0,0.0,0.0,0.0,0.0,0.0,2,0,12,113,124,800,0.25,0.0,14.124999999999998,1.5,15.5,,,,,,,,,,,
453,6,0,0,0,1,1,291,0.0,0.0,0.3436426116838488,0.0,0.3436426116838488,0.0,0.0,0.0,0.0,0,0.0,0.0,0.0,0.0,0.0,0,0,0,1,1,715,0.0,0.0,0.13986013986013987,0.0,0.13986013986013987,,,,,,,,,,,
454,7,36,5,17,3,49,241,14.937759336099585,2.0746887966804977,1.2448132780082988,7.053941908713693,20.33195020746888,0.0,0.0,0.0,0.0,0,0.0,0.0,0.0,0.0,0.0,38,5,18,3,57,651,5.837173579109063,0.7680491551459293,0.4608294930875576,2.7649769585253456,8.755760368663594,0.0,0.0,0.0,0.0,0.0,18.0,0.0,0.0,0.0,0.0,0.0
497,6,12,2,9,0,22,309,3.8834951456310676,0.6472491909385114,0.0,2.912621359223301,7.119741100323624,0.0,0.0,0.0,0.0,0,0.0,0.0,0.0,0.0,0.0,12,2,9,0,22,726,1.6528925619834711,0.27548209366391185,0.0,1.2396694214876034,3.0303030303030303,,,,,,,,,,,
571,6,11,2,11,5,19,28,39.285714285714285,7.142857142857142,17.857142857142858,39.285714285714285,67.85714285714286,0.0,0.0,0.0,0.0,0,0.0,0.0,0.0,0.0,0.0,13,2,13,5,24,64,20.3125,3.125,7.8125,20.3125,37.5,1.0,1.0,1.0,3.0,4.0,17.0,5.88235294117647,5.88235294117647,17.647058823529413,5.88235294117647,23.52941176470588
627,6,0,0,0,0,0,92,0.0,0.0,0.0,0.0,0.0,0.0,0.0,0.0,0.0,0,0.0,0.0,0.0,0.0,0.0,0,0,0,0,0,250,0.0,0.0,0.0,0.0,0.0,0.0,0.0,0.0,0.0,0.0,17.0,0.0,0.0,0.0,0.0,0.0
628,6,0,0,1,0,1,31,0.0,0.0,0.0,3.225806451612903,3.225806451612903,0.0,0.0,0.0,0.0,0,0.0,0.0,0.0,0.0,0.0,0,0,1,0,1,79,0.0,0.0,0.0,1.2658227848101267,1.2658227848101267,0.0,0.0,0.0,0.0,0.0,21.0,0.0,0.0,0.0,0.0,0.0
686,5,1,0,0,0,1,50,2.0,0.0,0.0,0.0,2.0,0.0,0.0,0.0,0.0,0,0.0,0.0,0.0,0.0,0.0,2,0,0,0,2,154,1.2987012987012987,0.0,0.0,0.0,1.2987012987012987,0.0,0.0,0.0,0.0,0.0,24.0,0.0,0.0,0.0,0.0,0.0
703,5,2,1,0,4,6,244,0.819672131147541,0.4098360655737705,1.639344262295082,0.0,2.459016393442623,0.0,0.0,0.0,0.0,0,0.0,0.0,0.0,0.0,0.0,2,1,0,4,6,658,0.303951367781155,0.1519756838905775,0.60790273556231,0.0,0.911854103343465,0.0,0.0,0.0,0.0,0.0,19.0,0.0,0.0,0.0,0.0,0.0
711,5,2,0,0,2,4,337,0.5934718100890208,0.0,0.5934718100890208,0.0,1.1869436201780417,0.0,0.0,0.0,0.0,0,0.0,0.0,0.0,0.0,0.0,2,0,0,2,4,911,0.21953896816684962,0.0,0.21953896816684962,0.0,0.43907793633369924,0.0,0.0,0.0,0.0,0.0,3.0,0.0,0.0,0.0,0.0,0.0
722,5,0,0,0,0,0,117,0.0,0.0,0.0,0.0,0.0,0.0,0.0,0.0,0.0,0,0.0,0.0,0.0,0.0,0.0,0,0,0,0,0,318,0.0,0.0,0.0,0.0,0.0,0.0,0.0,0.0,0.0,0.0,19.0,0.0,0.0,0.0,0.0,0.0
723,5,0,0,0,0,0,35,0.0,0.0,0.0,0.0,0.0,0.0,0.0,0.0,0.0,0,0.0,0.0,0.0,0.0,0.0,0,0,0,0,0,82,0.0,0.0,0.0,0.0,0.0,0.0,0.0,0.0,0.0,0.0,14.0,0.0,0.0,0.0,0.0,0.0
729,5,1,1,1,0,3,170,0.5882352941176471,0.5882352941176471,0.0,0.5882352941176471,1.7647058823529411,0.0,0.0,0.0,0.0,0,0.0,0.0,0.0,0.0,0.0,1,1,1,0,3,430,0.23255813953488372,0.23255813953488372,0.0,0.23255813953488372,0.6976744186046512,0.0,0.0,0.0,0.0,0.0,18.0,0.0,0.0,0.0,0.0,0.0
736,5,7,4,4,3,15,253,2.766798418972332,1.5810276679841897,1.185770750988142,1.5810276679841897,5.928853754940711,0.0,0.0,0.0,0.0,0,0.0,0.0,0.0,0.0,0.0,7,4,4,3,16,645,1.0852713178294573,0.6201550387596899,0.46511627906976744,0.6201550387596899,2.4806201550387597,0.0,0.0,0.0,0.0,0.0,17.0,0.0,0.0,0.0,0.0,0.0
738,5,3,6,1,1,10,293,1.023890784982935,2.04778156996587,0.3412969283276451,0.3412969283276451,3.4129692832764507,0.0,0.0,0.0,0.0,0,0.0,0.0,0.0,0.0,0.0,3,6,1,1,10,851,0.35252643948296125,0.7050528789659225,0.11750881316098707,0.11750881316098707,1.1750881316098707,0.0,0.0,0.0,0.0,0.0,20.0,0.0,0.0,0.0,0.0,0.0
747,5,18,1,3,2,22,208,8.653846153846153,0.4807692307692308,0.9615384615384616,1.4423076923076923,10.576923076923077,0.0,0.0,0.0,0.0,0,0.0,0.0,0.0,0.0,0.0,19,1,3,2,23,537,3.5381750465549344,0.186219739292365,0.37243947858473,0.5586592178770949,4.283054003724395,0.0,0.0,1.0,0.0,1.0,18.0,0.0,0.0,0.0,5.555555555555555,5.555555555555555
764,5,1,3,1,0,5,164,0.6097560975609756,1.8292682926829267,0.0,0.6097560975609756,3.048780487804878,1.0,1.0,1.0,2.0,3,14.285714285714285,14.285714285714285,28.57142857142857,14.285714285714285,42.857142857142854,1,3,1,0,5,460,0.21739130434782608,0.6521739130434783,0.0,0.21739130434782608,1.0869565217391304,0.0,0.0,0.0,0.0,0.0,19.0,0.0,0.0,0.0,0.0,0.0
778,5,0,0,0,2,2,54,0.0,0.0,3.7037037037037033,0.0,3.7037037037037033,0.0,0.0,0.0,0.0,0,0.0,0.0,0.0,0.0,0.0,0,0,0,2,2,163,0.0,0.0,1.2269938650306749,0.0,1.2269938650306749,0.0,0.0,0.0,0.0,0.0,26.0,0.0,0.0,0.0,0.0,0.0
783,4,1,0,0,0,1,453,0.22075055187637968,0.0,0.0,0.0,0.22075055187637968,0.0,0.0,0.0,1.0,1,0.0,0.0,14.285714285714285,0.0,14.285714285714285,1,0,0,0,1,831,0.12033694344163659,0.0,0.0,0.0,0.12033694344163659,,,,,,,,,,,
785,5,0,0,1,0,1,36,0.0,0.0,0.0,2.7777777777777777,2.7777777777777777,0.0,0.0,0.0,0.0,0,0.0,0.0,0.0,0.0,0.0,0,0,1,0,1,113,0.0,0.0,0.0,0.8849557522123894,0.8849557522123894,0.0,0.0,0.0,0.0,0.0,24.0,0.0,0.0,0.0,0.0,0.0
791,4,19,4,11,3,33,331,5.740181268882175,1.2084592145015105,0.906344410876133,3.3232628398791544,9.969788519637463,0.0,0.0,0.0,0.0,0,0.0,0.0,0.0,0.0,0.0,21,4,11,3,36,633,3.3175355450236967,0.631911532385466,0.47393364928909953,1.7377567140600316,5.687203791469194,,,,,,,,,,,
807,5,2,0,1,1,4,84,2.380952380952381,0.0,1.1904761904761905,1.1904761904761905,4.761904761904762,0.0,0.0,0.0,0.0,0,0.0,0.0,0.0,0.0,0.0,2,0,1,1,4,275,0.7272727272727273,0.0,0.36363636363636365,0.36363636363636365,1.4545454545454546,0.0,0.0,0.0,0.0,0.0,25.0,0.0,0.0,0.0,0.0,0.0
808,5,0,0,0,0,0,29,0.0,0.0,0.0,0.0,0.0,0.0,0.0,0.0,0.0,0,0.0,0.0,0.0,0.0,0.0,0,0,0,0,0,103,0.0,0.0,0.0,0.0,0.0,0.0,0.0,0.0,0.0,0.0,27.0,0.0,0.0,0.0,0.0,0.0
810,4,0,0,0,0,0,273,0.0,0.0,0.0,0.0,0.0,0.0,0.0,0.0,0.0,0,0.0,0.0,0.0,0.0,0.0,0,0,0,0,0,700,0.0,0.0,0.0,0.0,0.0,,,,,,,,,,,
828,4,23,0,5,20,44,308,7.467532467532467,0.0,6.493506493506493,1.6233766233766231,14.285714285714285,0.0,0.0,0.0,0.0,0,0.0,0.0,0.0,0.0,0.0,25,0,5,20,47,970,2.5773195876288657,0.0,2.0618556701030926,0.5154639175257731,4.845360824742269,,,,,,,,,,,
833,4,9,0,2,3,10,162,5.555555555555555,0.0,1.8518518518518516,1.2345679012345678,6.172839506172839,0.0,0.0,0.0,0.0,0,0.0,0.0,0.0,0.0,0.0,9,0,2,3,10,502,1.7928286852589643,0.0,0.5976095617529881,0.398406374501992,1.9920318725099602,0.0,0.0,0.0,0.0,0.0,19.0,0.0,0.0,0.0,0.0,0.0
837,4,1,0,0,0,1,254,0.39370078740157477,0.0,0.0,0.0,0.39370078740157477,0.0,0.0,0.0,0.0,0,0.0,0.0,0.0,0.0,0.0,1,0,0,0,1,695,0.14388489208633093,0.0,0.0,0.0,0.14388489208633093,0.0,0.0,0.0,0.0,0.0,19.0,0.0,0.0,0.0,0.0,0.0
842,4,0,0,1,2,3,219,0.0,0.0,0.91324200913242,0.45662100456621,1.36986301369863,0.0,0.0,0.0,0.0,0,0.0,0.0,0.0,0.0,0.0,0,0,1,2,3,642,0.0,0.0,0.3115264797507788,0.1557632398753894,0.46728971962616817,0.0,0.0,0.0,0.0,0.0,18.0,0.0,0.0,0.0,0.0,0.0
855,5,0,0,0,0,0,0,,,,,,0.0,0.0,0.0,0.0,0,0.0,0.0,0.0,0.0,0.0,0,0,0,0,0,2,0.0,0.0,0.0,0.0,0.0,,,,,,,,,,,
856,4,4,1,3,3,7,120,3.3333333333333335,0.8333333333333334,2.5,2.5,5.833333333333333,0.0,0.0,0.0,0.0,0,0.0,0.0,0.0,0.0,0.0,4,1,3,3,7,399,1.0025062656641603,0.2506265664160401,0.7518796992481203,0.7518796992481203,1.7543859649122806,0.0,0.0,0.0,0.0,0.0,22.0,0.0,0.0,0.0,0.0,0.0
861,4,4,1,4,2,11,162,2.4691358024691357,0.6172839506172839,1.2345679012345678,2.4691358024691357,6.790123456790123,0.0,0.0,0.0,0.0,0,0.0,0.0,0.0,0.0,0.0,4,1,5,2,12,606,0.6600660066006601,0.16501650165016502,0.33003300330033003,0.825082508250825,1.9801980198019802,0.0,0.0,0.0,1.0,1.0,24.0,0.0,0.0,4.166666666666666,0.0,4.166666666666666
868,4,0,0,3,1,4,60,0.0,0.0,1.6666666666666667,5.0,6.666666666666667,0.0,0.0,0.0,0.0,0,0.0,0.0,0.0,0.0,0.0,0,0,3,1,4,210,0.0,0.0,0.4761904761904762,1.4285714285714286,1.9047619047619049,0.0,0.0,0.0,0.0,0.0,22.0,0.0,0.0,0.0,0.0,0.0
872,4,0,3,0,2,5,280,0.0,1.0714285714285714,0.7142857142857143,0.0,1.7857142857142856,0.0,0.0,0.0,0.0,0,0.0,0.0,0.0,0.0,0.0,0,3,0,2,5,785,0.0,0.3821656050955414,0.25477707006369427,0.0,0.6369426751592357,0.0,0.0,0.0,0.0,0.0,2.0,0.0,0.0,0.0,0.0,0.0
896,4,1,5,0,0,6,284,0.35211267605633806,1.7605633802816902,0.0,0.0,2.112676056338028,0.0,0.0,0.0,0.0,0,0.0,0.0,0.0,0.0,0.0,1,5,0,0,6,749,0.13351134846461948,0.6675567423230975,0.0,0.0,0.801068090787717,0.0,1.0,0.0,0.0,1.0,18.0,0.0,5.555555555555555,0.0,0.0,5.555555555555555
897,4,8,0,2,1,11,201,3.9800995024875623,0.0,0.4975124378109453,0.9950248756218906,5.472636815920398,0.0,0.0,0.0,0.0,0,0.0,0.0,0.0,0.0,0.0,8,0,2,1,11,546,1.465201465201465,0.0,0.18315018315018314,0.3663003663003663,2.0146520146520146,0.0,0.0,0.0,0.0,0.0,19.0,0.0,0.0,0.0,0.0,0.0
902,4,23,9,32,0,37,65,35.38461538461539,13.846153846153847,0.0,49.23076923076923,56.92307692307692,0.0,0.0,0.0,0.0,0,0.0,0.0,0.0,0.0,0.0,31,9,53,0,63,173,17.91907514450867,5.202312138728324,0.0,30.63583815028902,36.41618497109826,3.0,0.0,9.0,0.0,9.0,19.0,15.789473684210526,0.0,0.0,47.368421052631575,47.368421052631575
904,4,16,1,3,1,21,125,12.8,0.8,0.8,2.4,16.8,0.0,0.0,0.0,0.0,0,0.0,0.0,0.0,0.0,0.0,21,1,3,1,26,414,5.072463768115942,0.24154589371980675,0.24154589371980675,0.7246376811594203,6.280193236714976,0.0,0.0,0.0,0.0,0.0,24.0,0.0,0.0,0.0,0.0,0.0
905,4,2,2,0,1,5,288,0.6944444444444444,0.6944444444444444,0.3472222222222222,0.0,1.7361111111111112,0.0,0.0,0.0,0.0,0,0.0,0.0,0.0,0.0,0.0,2,2,0,1,5,977,0.2047082906857728,0.2047082906857728,0.1023541453428864,0.0,0.511770726714432,0.0,0.0,0.0,0.0,0.0,20.0,0.0,0.0,0.0,0.0,0.0
911,4,69,10,24,4,92,293,23.549488054607508,3.4129692832764507,1.3651877133105803,8.19112627986348,31.399317406143346,0.0,0.0,0.0,0.0,0,0.0,0.0,0.0,0.0,0.0,83,10,24,4,115,826,10.048426150121065,1.2106537530266344,0.48426150121065376,2.9055690072639226,13.922518159806296,0.0,0.0,0.0,0.0,0.0,2.0,0.0,0.0,0.0,0.0,0.0
912,4,2,3,3,1,9,278,0.7194244604316548,1.079136690647482,0.3597122302158274,1.079136690647482,3.237410071942446,0.0,0.0,0.0,0.0,0,0.0,0.0,0.0,0.0,0.0,2,3,3,1,9,732,0.273224043715847,0.4098360655737705,0.1366120218579235,0.4098360655737705,1.2295081967213115,0.0,0.0,0.0,0.0,0.0,10.0,0.0,0.0,0.0,0.0,0.0
915,4,13,1,3,0,15,246,5.284552845528456,0.40650406504065045,0.0,1.2195121951219512,6.097560975609756,0.0,0.0,0.0,0.0,0,0.0,0.0,0.0,0.0,0.0,13,1,3,0,16,652,1.9938650306748467,0.15337423312883436,0.0,0.4601226993865031,2.4539877300613497,0.0,0.0,0.0,0.0,0.0,19.0,0.0,0.0,0.0,0.0,0.0
921,4,1,5,1,1,7,249,0.4016064257028112,2.0080321285140563,0.4016064257028112,0.4016064257028112,2.8112449799196786,0.0,0.0,0.0,0.0,0,0.0,0.0,0.0,0.0,0.0,1,5,1,1,8,686,0.1457725947521866,0.7288629737609329,0.1457725947521866,0.1457725947521866,1.1661807580174928,0.0,0.0,0.0,0.0,0.0,18.0,0.0,0.0,0.0,0.0,0.0
922,4,0,0,1,1,2,181,0.0,0.0,0.5524861878453038,0.5524861878453038,1.1049723756906076,0.0,0.0,0.0,0.0,0,0.0,0.0,0.0,0.0,0.0,0,0,1,1,2,494,0.0,0.0,0.20242914979757085,0.20242914979757085,0.4048582995951417,0.0,0.0,0.0,0.0,0.0,17.0,0.0,0.0,0.0,0.0,0.0
924,4,3,0,2,0,4,88,3.4090909090909087,0.0,0.0,2.272727272727273,4.545454545454546,0.0,0.0,0.0,0.0,0,0.0,0.0,0.0,0.0,0.0,3,0,2,0,4,332,0.9036144578313252,0.0,0.0,0.6024096385542169,1.2048192771084338,0.0,0.0,0.0,0.0,0.0,26.0,0.0,0.0,0.0,0.0,0.0
925,4,4,0,4,1,8,192,2.083333333333333,0.0,0.5208333333333333,2.083333333333333,4.166666666666666,0.0,0.0,0.0,0.0,0,0.0,0.0,0.0,0.0,0.0,4,0,4,1,8,406,0.9852216748768473,0.0,0.24630541871921183,0.9852216748768473,1.9704433497536946,1.0,0.0,0.0,0.0,1.0,14.0,7.142857142857142,0.0,0.0,0.0,7.142857142857142
929,4,0,1,2,0,3,14,0.0,7.142857142857142,0.0,14.285714285714285,21.428571428571427,0.0,0.0,0.0,0.0,0,0.0,0.0,0.0,0.0,0.0,0,1,3,0,4,36,0.0,2.7777777777777777,0.0,8.333333333333332,11.11111111111111,0.0,0.0,1.0,0.0,1.0,20.0,0.0,0.0,0.0,5.0,5.0
935,4,0,0,0,0,0,91,0.0,0.0,0.0,0.0,0.0,0.0,0.0,0.0,0.0,0,0.0,0.0,0.0,0.0,0.0,0,0,0,0,0,269,0.0,0.0,0.0,0.0,0.0,0.0,0.0,0.0,0.0,0.0,23.0,0.0,0.0,0.0,0.0,0.0
937,3,0,0,2,3,5,356,0.0,0.0,0.8426966292134831,0.5617977528089888,1.4044943820224718,0.0,0.0,0.0,0.0,0,0.0,0.0,0.0,0.0,0.0,0,0,3,3,6,715,0.0,0.0,0.4195804195804196,0.4195804195804196,0.8391608391608392,0.0,0.0,0.0,0.0,0.0,2.0,0.0,0.0,0.0,0.0,0.0
948,3,6,1,3,1,8,437,1.3729977116704806,0.2288329519450801,0.2288329519450801,0.6864988558352403,1.8306636155606408,0.0,0.0,0.0,0.0,0,0.0,0.0,0.0,0.0,0.0,6,1,3,1,9,1130,0.5309734513274336,0.08849557522123894,0.08849557522123894,0.2654867256637168,0.7964601769911505,0.0,0.0,0.0,0.0,0.0,17.0,0.0,0.0,0.0,0.0,0.0
956,3,5,0,1,0,6,384,1.3020833333333335,0.0,0.0,0.26041666666666663,1.5625,0.0,0.0,0.0,0.0,0,0.0,0.0,0.0,0.0,0.0,5,0,1,0,6,813,0.6150061500615006,0.0,0.0,0.12300123001230012,0.7380073800738007,,,,,,,,,,,
957,3,0,0,1,0,1,335,0.0,0.0,0.0,0.2985074626865672,0.2985074626865672,0.0,0.0,0.0,0.0,0,0.0,0.0,0.0,0.0,0.0,0,0,1,0,1,790,0.0,0.0,0.0,0.12658227848101267,0.12658227848101267,0.0,0.0,0.0,0.0,0.0,2.0,0.0,0.0,0.0,0.0,0.0
962,4,3,6,2,0,10,118,2.5423728813559325,5.084745762711865,0.0,1.694915254237288,8.47457627118644,0.0,0.0,0.0,0.0,0,0.0,0.0,0.0,0.0,0.0,3,6,2,0,10,375,0.8,1.6,0.0,0.5333333333333333,2.666666666666667,1.0,1.0,0.0,0.0,2.0,22.0,4.545454545454546,4.545454545454546,0.0,0.0,9.090909090909092
968,3,1,0,0,2,3,359,0.2785515320334262,0.0,0.5571030640668524,0.0,0.8356545961002786,0.0,0.0,0.0,0.0,0,0.0,0.0,0.0,0.0,0.0,1,0,0,2,3,849,0.11778563015312131,0.0,0.23557126030624262,0.0,0.35335689045936397,,,,,,,,,,,
970,4,1,4,2,0,7,165,0.6060606060606061,2.4242424242424243,0.0,1.2121212121212122,4.242424242424243,0.0,0.0,1.0,0.0,1,0.0,0.0,0.0,14.285714285714285,14.285714285714285,1,4,2,0,7,541,0.18484288354898337,0.7393715341959335,0.0,0.36968576709796674,1.2939001848428837,0.0,0.0,0.0,0.0,0.0,19.0,0.0,0.0,0.0,0.0,0.0
971,4,0,0,0,0,0,70,0.0,0.0,0.0,0.0,0.0,0.0,0.0,0.0,0.0,0,0.0,0.0,0.0,0.0,0.0,0,0,0,0,0,204,0.0,0.0,0.0,0.0,0.0,0.0,0.0,0.0,0.0,0.0,23.0,0.0,0.0,0.0,0.0,0.0
973,3,7,0,13,0,18,313,2.2364217252396164,0.0,0.0,4.15335463258786,5.7507987220447285,0.0,0.0,0.0,0.0,0,0.0,0.0,0.0,0.0,0.0,7,0,13,0,18,848,0.8254716981132075,0.0,0.0,1.5330188679245282,2.1226415094339623,0.0,0.0,0.0,0.0,0.0,13.0,0.0,0.0,0.0,0.0,0.0
975,4,0,0,1,0,1,147,0.0,0.0,0.0,0.6802721088435374,0.6802721088435374,0.0,0.0,0.0,0.0,0,0.0,0.0,0.0,0.0,0.0,0,0,1,0,1,462,0.0,0.0,0.0,0.21645021645021645,0.21645021645021645,0.0,0.0,0.0,0.0,0.0,21.0,0.0,0.0,0.0,0.0,0.0
978,3,5,3,4,8,15,233,2.1459227467811157,1.2875536480686696,3.4334763948497855,1.7167381974248928,6.437768240343347,0.0,0.0,0.0,0.0,0,0.0,0.0,0.0,0.0,0.0,5,3,4,8,16,774,0.6459948320413437,0.3875968992248062,1.03359173126615,0.516795865633075,2.0671834625323,0.0,0.0,0.0,0.0,0.0,21.0,0.0,0.0,0.0,0.0,0.0
981,4,0,1,0,1,2,24,0.0,4.166666666666666,4.166666666666666,0.0,8.333333333333332,0.0,0.0,0.0,0.0,0,0.0,0.0,0.0,0.0,0.0,0,1,0,1,2,76,0.0,1.3157894736842104,1.3157894736842104,0.0,2.631578947368421,0.0,1.0,0.0,0.0,1.0,25.0,0.0,4.0,0.0,0.0,4.0
985,3,0,1,5,0,6,326,0.0,0.3067484662576687,0.0,1.5337423312883436,1.8404907975460123,0.0,0.0,0.0,0.0,0,0.0,0.0,0.0,0.0,0.0,0,1,5,0,6,970,0.0,0.10309278350515465,0.0,0.5154639175257731,0.6185567010309279,0.0,0.0,0.0,0.0,0.0,2.0,0.0,0.0,0.0,0.0,0.0
986,4,10,0,2,0,11,110,9.090909090909092,0.0,0.0,1.8181818181818181,10.0,0.0,0.0,0.0,0.0,0,0.0,0.0,0.0,0.0,0.0,11,0,2,0,12,288,3.8194444444444446,0.0,0.0,0.6944444444444444,4.166666666666666,5.0,0.0,0.0,0.0,5.0,18.0,27.77777777777778,0.0,0.0,0.0,27.77777777777778
1003,3,2,0,0,0,2,114,1.7543859649122806,0.0,0.0,0.0,1.7543859649122806,0.0,0.0,0.0,0.0,0,0.0,0.0,0.0,0.0,0.0,2,0,0,0,2,429,0.4662004662004662,0.0,0.0,0.0,0.4662004662004662,0.0,0.0,0.0,0.0,0.0,25.0,0.0,0.0,0.0,0.0,0.0
1014,3,14,3,2,1,17,407,3.43980343980344,0.7371007371007371,0.2457002457002457,0.4914004914004914,4.176904176904177,0.0,0.0,0.0,0.0,0,0.0,0.0,0.0,0.0,0.0,14,3,2,1,17,870,1.6091954022988506,0.3448275862068966,0.11494252873563218,0.22988505747126436,1.9540229885057472,,,,,,,,,,,
1023,4,1,0,1,0,1,117,0.8547008547008548,0.0,0.0,0.8547008547008548,0.8547008547008548,0.0,0.0,0.0,0.0,0,0.0,0.0,0.0,0.0,0.0,1,0,1,0,1,346,0.2890173410404624,0.0,0.0,0.2890173410404624,0.2890173410404624,0.0,0.0,0.0,0.0,0.0,22.0,0.0,0.0,0.0,0.0,0.0
1036,3,0,0,0,4,4,345,0.0,0.0,1.1594202898550725,0.0,1.1594202898550725,0.0,0.0,0.0,0.0,0,0.0,0.0,0.0,0.0,0.0,0,0,0,4,4,766,0.0,0.0,0.5221932114882507,0.0,0.5221932114882507,,,,,,,,,,,
1039,3,7,0,4,0,11,302,2.3178807947019866,0.0,0.0,1.3245033112582782,3.642384105960265,0.0,0.0,0.0,0.0,0,0.0,0.0,0.0,0.0,0.0,7,0,4,0,11,690,1.0144927536231882,0.0,0.0,0.5797101449275363,1.5942028985507246,0.0,0.0,0.0,0.0,0.0,19.0,0.0,0.0,0.0,0.0,0.0
1040,3,2,0,2,0,2,213,0.9389671361502347,0.0,0.0,0.9389671361502347,0.9389671361502347,0.0,0.0,0.0,0.0,0,0.0,0.0,0.0,0.0,0.0,2,0,2,0,2,545,0.3669724770642202,0.0,0.0,0.3669724770642202,0.3669724770642202,0.0,0.0,0.0,0.0,0.0,18.0,0.0,0.0,0.0,0.0,0.0
1042,3,17,4,4,4,26,286,5.944055944055944,1.3986013986013985,1.3986013986013985,1.3986013986013985,9.090909090909092,0.0,0.0,0.0,0.0,0,0.0,0.0,0.0,0.0,0.0,18,4,4,4,27,657,2.73972602739726,0.60882800608828,0.60882800608828,0.60882800608828,4.10958904109589,,,,,,,,,,,
1052,3,6,0,3,1,10,252,2.380952380952381,0.0,0.3968253968253968,1.1904761904761905,3.968253968253968,0.0,0.0,0.0,0.0,0,0.0,0.0,0.0,0.0,0.0,7,0,3,1,11,765,0.9150326797385622,0.0,0.130718954248366,0.39215686274509803,1.4379084967320261,,,,,,,,,,,
1056,3,8,4,5,0,17,315,2.5396825396825395,1.2698412698412698,0.0,1.5873015873015872,5.396825396825397,0.0,0.0,0.0,0.0,0,0.0,0.0,0.0,0.0,0.0,8,4,5,0,17,800,1.0,0.5,0.0,0.625,2.125,,,,,,,,,,,
1057,4,2,2,3,1,6,20,10.0,10.0,5.0,15.0,30.0,0.0,0.0,0.0,0.0,0,0.0,0.0,0.0,0.0,0.0,2,2,3,1,6,45,4.444444444444445,4.444444444444445,2.2222222222222223,6.666666666666667,13.333333333333334,0.0,0.0,0.0,1.0,1.0,14.0,0.0,0.0,7.142857142857142,0.0,7.142857142857142
1058,2,1,1,1,0,3,445,0.22471910112359553,0.22471910112359553,0.0,0.22471910112359553,0.6741573033707865,0.0,0.0,0.0,0.0,0,0.0,0.0,0.0,0.0,0.0,1,1,1,0,3,1065,0.09389671361502347,0.09389671361502347,0.0,0.09389671361502347,0.28169014084507044,0.0,0.0,1.0,0.0,1.0,18.0,0.0,0.0,0.0,5.555555555555555,5.555555555555555
1061,3,0,1,1,0,2,284,0.0,0.35211267605633806,0.0,0.35211267605633806,0.7042253521126761,0.0,0.0,0.0,0.0,0,0.0,0.0,0.0,0.0,0.0,0,1,1,0,2,796,0.0,0.12562814070351758,0.0,0.12562814070351758,0.25125628140703515,0.0,0.0,0.0,0.0,0.0,15.0,0.0,0.0,0.0,0.0,0.0
1065,3,22,2,11,4,37,294,7.482993197278912,0.6802721088435374,1.3605442176870748,3.741496598639456,12.585034013605442,0.0,0.0,0.0,0.0,0,0.0,0.0,0.0,0.0,0.0,24,2,11,4,40,717,3.3472803347280333,0.2789400278940028,0.5578800557880056,1.5341701534170153,5.578800557880056,,,,,,,,,,,
1067,3,2,1,0,1,4,215,0.9302325581395349,0.46511627906976744,0.46511627906976744,0.0,1.8604651162790697,0.0,0.0,0.0,0.0,0,0.0,0.0,0.0,0.0,0.0,2,1,0,1,4,712,0.2808988764044944,0.1404494382022472,0.1404494382022472,0.0,0.5617977528089888,0.0,0.0,0.0,0.0,0.0,22.0,0.0,0.0,0.0,0.0,0.0
1074,3,4,1,3,1,5,222,1.8018018018018018,0.45045045045045046,0.45045045045045046,1.3513513513513513,2.2522522522522523,0.0,0.0,0.0,0.0,0,0.0,0.0,0.0,0.0,0.0,4,1,3,1,5,748,0.53475935828877,0.1336898395721925,0.1336898395721925,0.4010695187165776,0.6684491978609626,0.0,0.0,0.0,0.0,0.0,23.0,0.0,0.0,0.0,0.0,0.0
1078,3,0,4,30,3,37,306,0.0,1.3071895424836601,0.9803921568627451,9.803921568627452,12.091503267973856,0.0,0.0,0.0,0.0,0,0.0,0.0,0.0,0.0,0.0,0,5,34,3,42,1280,0.0,0.390625,0.234375,2.65625,3.28125,0.0,0.0,0.0,0.0,0.0,2.0,0.0,0.0,0.0,0.0,0.0
1081,3,0,0,0,0,0,258,0.0,0.0,0.0,0.0,0.0,0.0,0.0,0.0,0.0,0,0.0,0.0,0.0,0.0,0.0,0,0,0,0,0,669,0.0,0.0,0.0,0.0,0.0,0.0,0.0,0.0,0.0,0.0,18.0,0.0,0.0,0.0,0.0,0.0
1083,3,5,0,3,0,8,264,1.893939393939394,0.0,0.0,1.1363636363636365,3.0303030303030303,0.0,0.0,0.0,0.0,0,0.0,0.0,0.0,0.0,0.0,5,0,3,0,8,622,0.8038585209003215,0.0,0.0,0.482315112540193,1.2861736334405145,,,,,,,,,,,
1084,3,0,0,2,1,3,150,0.0,0.0,0.6666666666666667,1.3333333333333335,2.0,0.0,0.0,0.0,0.0,0,0.0,0.0,0.0,0.0,0.0,0,0,2,1,3,424,0.0,0.0,0.2358490566037736,0.4716981132075472,0.7075471698113208,0.0,0.0,0.0,0.0,0.0,18.0,0.0,0.0,0.0,0.0,0.0
1088,3,1,14,1,1,16,623,0.16051364365971107,2.247191011235955,0.16051364365971107,0.16051364365971107,2.568218298555377,0.0,0.0,0.0,0.0,0,0.0,0.0,0.0,0.0,0.0,1,14,1,1,17,676,0.14792899408284024,2.0710059171597637,0.14792899408284024,0.14792899408284024,2.514792899408284,,,,,,,,,,,
1089,3,0,0,0,1,1,201,0.0,0.0,0.4975124378109453,0.0,0.4975124378109453,0.0,0.0,0.0,1.0,1,0.0,0.0,14.285714285714285,0.0,14.285714285714285,0,0,0,1,1,589,0.0,0.0,0.1697792869269949,0.0,0.1697792869269949,0.0,0.0,0.0,0.0,0.0,20.0,0.0,0.0,0.0,0.0,0.0
1091,3,19,1,8,2,24,276,6.884057971014493,0.36231884057971014,0.7246376811594203,2.898550724637681,8.695652173913043,0.0,0.0,0.0,0.0,0,0.0,0.0,0.0,0.0,0.0,19,1,9,2,25,719,2.642559109874826,0.13908205841446453,0.27816411682892905,1.2517385257301807,3.477051460361613,0.0,0.0,0.0,0.0,0.0,16.0,0.0,0.0,0.0,0.0,0.0
1092,3,2,1,1,0,4,272,0.7352941176470588,0.3676470588235294,0.0,0.3676470588235294,1.4705882352941175,0.0,0.0,0.0,0.0,0,0.0,0.0,0.0,0.0,0.0,2,1,1,0,4,708,0.2824858757062147,0.14124293785310735,0.0,0.14124293785310735,0.5649717514124294,0.0,0.0,0.0,0.0,0.0,17.0,0.0,0.0,0.0,0.0,0.0
1094,2,1,0,0,1,2,418,0.23923444976076555,0.0,0.23923444976076555,0.0,0.4784688995215311,0.0,0.0,0.0,0.0,0,0.0,0.0,0.0,0.0,0.0,1,0,0,1,2,991,0.10090817356205853,0.0,0.10090817356205853,0.0,0.20181634712411706,0.0,0.0,0.0,0.0,0.0,3.0,0.0,0.0,0.0,0.0,0.0
1098,3,5,1,6,0,11,252,1.984126984126984,0.3968253968253968,0.0,2.380952380952381,4.365079365079365,3.0,0.0,0.0,0.0,3,42.857142857142854,0.0,0.0,0.0,42.857142857142854,5,1,6,0,11,771,0.648508430609598,0.12970168612191957,0.0,0.7782101167315175,1.4267185473411155,0.0,0.0,0.0,0.0,0.0,20.0,0.0,0.0,0.0,0.0,0.0
1099,3,1,0,1,0,2,309,0.3236245954692557,0.0,0.0,0.3236245954692557,0.6472491909385114,2.0,0.0,0.0,0.0,2,28.57142857142857,0.0,0.0,0.0,28.57142857142857,1,0,1,0,2,872,0.11467889908256881,0.0,0.0,0.11467889908256881,0.22935779816513763,,,,,,,,,,,
1100,3,2,0,1,0,3,284,0.7042253521126761,0.0,0.0,0.35211267605633806,1.056338028169014,0.0,0.0,0.0,0.0,0,0.0,0.0,0.0,0.0,0.0,2,0,1,0,3,761,0.2628120893561104,0.0,0.0,0.1314060446780552,0.39421813403416556,0.0,0.0,0.0,0.0,0.0,16.0,0.0,0.0,0.0,0.0,0.0
1101,3,2,1,0,0,2,177,1.1299435028248588,0.5649717514124294,0.0,0.0,1.1299435028248588,0.0,0.0,0.0,0.0,0,0.0,0.0,0.0,0.0,0.0,2,1,0,0,2,630,0.31746031746031744,0.15873015873015872,0.0,0.0,0.31746031746031744,0.0,0.0,0.0,0.0,0.0,23.0,0.0,0.0,0.0,0.0,0.0
1102,3,4,0,1,0,5,212,1.8867924528301887,0.0,0.0,0.4716981132075472,2.358490566037736,0.0,1.0,0.0,0.0,1,0.0,14.285714285714285,0.0,0.0,14.285714285714285,4,0,1,0,5,611,0.6546644844517185,0.0,0.0,0.16366612111292964,0.8183306055646482,0.0,0.0,0.0,0.0,0.0,18.0,0.0,0.0,0.0,0.0,0.0
1104,3,6,1,4,2,13,294,2.0408163265306123,0.3401360544217687,0.6802721088435374,1.3605442176870748,4.421768707482993,0.0,0.0,0.0,0.0,0,0.0,0.0,0.0,0.0,0.0,6,1,5,2,14,756,0.7936507936507936,0.13227513227513227,0.26455026455026454,0.6613756613756614,1.8518518518518516,0.0,0.0,0.0,0.0,0.0,2.0,0.0,0.0,0.0,0.0,0.0
1116,3,1,1,4,0,6,105,0.9523809523809524,0.9523809523809524,0.0,3.8095238095238098,5.714285714285714,0.0,0.0,0.0,0.0,0,0.0,0.0,0.0,0.0,0.0,1,1,4,0,6,259,0.3861003861003861,0.3861003861003861,0.0,1.5444015444015444,2.3166023166023164,0.0,0.0,0.0,0.0,0.0,17.0,0.0,0.0,0.0,0.0,0.0
1126,3,3,2,2,1,3,306,0.9803921568627451,0.6535947712418301,0.32679738562091504,0.6535947712418301,0.9803921568627451,0.0,0.0,0.0,0.0,0,0.0,0.0,0.0,0.0,0.0,3,2,2,1,3,668,0.4491017964071856,0.29940119760479045,0.14970059880239522,0.29940119760479045,0.4491017964071856,0.0,0.0,0.0,0.0,0.0,10.0,0.0,0.0,0.0,0.0,0.0
1127,3,0,0,0,0,0,42,0.0,0.0,0.0,0.0,0.0,0.0,0.0,0.0,0.0,0,0.0,0.0,0.0,0.0,0.0,0,0,0,0,0,101,0.0,0.0,0.0,0.0,0.0,0.0,0.0,0.0,0.0,0.0,18.0,0.0,0.0,0.0,0.0,0.0
1133,3,0,0,0,0,0,41,0.0,0.0,0.0,0.0,0.0,0.0,0.0,0.0,0.0,0,0.0,0.0,0.0,0.0,0.0,0,0,0,0,0,117,0.0,0.0,0.0,0.0,0.0,0.0,0.0,0.0,0.0,0.0,22.0,0.0,0.0,0.0,0.0,0.0
1139,3,0,1,0,0,1,54,0.0,1.8518518518518516,0.0,0.0,1.8518518518518516,0.0,0.0,0.0,0.0,0,0.0,0.0,0.0,0.0,0.0,0,1,0,0,1,158,0.0,0.6329113924050633,0.0,0.0,0.6329113924050633,0.0,0.0,0.0,0.0,0.0,21.0,0.0,0.0,0.0,0.0,0.0
1140,3,1,0,0,0,1,187,0.53475935828877,0.0,0.0,0.0,0.53475935828877,0.0,0.0,0.0,0.0,0,0.0,0.0,0.0,0.0,0.0,1,0,0,0,1,615,0.16260162601626016,0.0,0.0,0.0,0.16260162601626016,0.0,0.0,0.0,0.0,0.0,21.0,0.0,0.0,0.0,0.0,0.0
1142,3,0,2,7,0,8,83,0.0,2.4096385542168677,0.0,8.433734939759036,9.63855421686747,0.0,0.0,0.0,0.0,0,0.0,0.0,0.0,0.0,0.0,0,2,7,0,8,226,0.0,0.8849557522123894,0.0,3.0973451327433628,3.5398230088495577,0.0,0.0,0.0,0.0,0.0,21.0,0.0,0.0,0.0,0.0,0.0
1144,3,0,0,0,1,1,86,0.0,0.0,1.1627906976744187,0.0,1.1627906976744187,0.0,0.0,0.0,0.0,0,0.0,0.0,0.0,0.0,0.0,0,0,0,1,1,291,0.0,0.0,0.3436426116838488,0.0,0.3436426116838488,0.0,0.0,0.0,0.0,0.0,23.0,0.0,0.0,0.0,0.0,0.0
1145,3,0,1,1,0,2,65,0.0,1.5384615384615385,0.0,1.5384615384615385,3.076923076923077,0.0,0.0,0.0,0.0,0,0.0,0.0,0.0,0.0,0.0,0,1,1,0,2,206,0.0,0.48543689320388345,0.0,0.48543689320388345,0.9708737864077669,0.0,0.0,0.0,0.0,0.0,21.0,0.0,0.0,0.0,0.0,0.0
1146,2,17,11,5,0,31,460,3.6956521739130435,2.391304347826087,0.0,1.0869565217391304,6.739130434782608,0.0,0.0,0.0,0.0,0,0.0,0.0,0.0,0.0,0.0,17,11,6,0,33,871,1.951779563719862,1.2629161882893225,0.0,0.6888633754305395,3.788748564867968,,,,,,,,,,,
1148,3,1,0,2,0,3,129,0.7751937984496124,0.0,0.0,1.550387596899225,2.3255813953488373,0.0,0.0,0.0,0.0,0,0.0,0.0,0.0,0.0,0.0,1,0,2,0,3,458,0.21834061135371177,0.0,0.0,0.43668122270742354,0.6550218340611353,0.0,0.0,0.0,0.0,0.0,25.0,0.0,0.0,0.0,0.0,0.0
1149,2,0,1,1,0,2,313,0.0,0.3194888178913738,0.0,0.3194888178913738,0.6389776357827476,0.0,0.0,0.0,0.0,0,0.0,0.0,0.0,0.0,0.0,0,1,1,0,2,712,0.0,0.1404494382022472,0.0,0.1404494382022472,0.2808988764044944,,,,,,,,,,,
1151,3,0,0,0,0,0,110,0.0,0.0,0.0,0.0,0.0,0.0,0.0,0.0,0.0,0,0.0,0.0,0.0,0.0,0.0,0,0,0,0,0,391,0.0,0.0,0.0,0.0,0.0,0.0,0.0,0.0,0.0,0.0,25.0,0.0,0.0,0.0,0.0,0.0
1153,3,9,1,5,0,11,75,12.0,1.3333333333333335,0.0,6.666666666666667,14.666666666666666,0.0,0.0,0.0,0.0,0,0.0,0.0,0.0,0.0,0.0,10,1,5,0,12,269,3.717472118959108,0.37174721189591076,0.0,1.858736059479554,4.4609665427509295,0.0,0.0,0.0,0.0,0.0,24.0,0.0,0.0,0.0,0.0,0.0
1158,2,3,0,8,0,11,351,0.8547008547008548,0.0,0.0,2.2792022792022792,3.133903133903134,0.0,0.0,0.0,0.0,0,0.0,0.0,0.0,0.0,0.0,3,0,8,0,11,698,0.42979942693409745,0.0,0.0,1.146131805157593,1.5759312320916905,,,,,,,,,,,
1159,3,0,0,0,0,0,9,0.0,0.0,0.0,0.0,0.0,0.0,0.0,0.0,0.0,0,0.0,0.0,0.0,0.0,0.0,0,0,0,0,0,21,0.0,0.0,0.0,0.0,0.0,0.0,0.0,0.0,0.0,0.0,17.0,0.0,0.0,0.0,0.0,0.0
1160,3,2,0,1,1,4,18,11.11111111111111,0.0,5.555555555555555,5.555555555555555,22.22222222222222,0.0,0.0,0.0,0.0,0,0.0,0.0,0.0,0.0,0.0,2,0,1,1,4,61,3.278688524590164,0.0,1.639344262295082,1.639344262295082,6.557377049180328,1.0,0.0,0.0,1.0,2.0,25.0,4.0,0.0,4.0,0.0,8.0
1163,3,49,1,31,6,60,100,49.0,1.0,6.0,31.0,60.0,0.0,0.0,0.0,0.0,0,0.0,0.0,0.0,0.0,0.0,83,1,40,6,99,300,27.666666666666668,0.33333333333333337,2.0,13.333333333333334,33.0,5.0,0.0,1.0,0.0,6.0,22.0,22.727272727272727,0.0,0.0,4.545454545454546,27.27272727272727
1164,3,0,0,0,3,3,23,0.0,0.0,13.043478260869565,0.0,13.043478260869565,0.0,0.0,0.0,0.0,0,0.0,0.0,0.0,0.0,0.0,0,0,0,3,3,55,0.0,0.0,5.454545454545454,0.0,5.454545454545454,0.0,0.0,0.0,0.0,0.0,20.0,0.0,0.0,0.0,0.0,0.0
1168,3,0,0,0,0,0,61,0.0,0.0,0.0,0.0,0.0,0.0,0.0,0.0,0.0,0,0.0,0.0,0.0,0.0,0.0,0,0,0,0,0,198,0.0,0.0,0.0,0.0,0.0,0.0,0.0,0.0,0.0,0.0,22.0,0.0,0.0,0.0,0.0,0.0
1170,3,0,0,0,0,0,14,0.0,0.0,0.0,0.0,0.0,0.0,0.0,0.0,0.0,0,0.0,0.0,0.0,0.0,0.0,0,0,0,0,0,29,0.0,0.0,0.0,0.0,0.0,0.0,0.0,0.0,0.0,0.0,14.0,0.0,0.0,0.0,0.0,0.0
1171,2,7,2,1,2,11,318,2.20125786163522,0.628930817610063,0.628930817610063,0.3144654088050315,3.459119496855346,0.0,0.0,0.0,0.0,0,0.0,0.0,0.0,0.0,0.0,7,2,1,2,11,746,0.938337801608579,0.2680965147453083,0.2680965147453083,0.13404825737265416,1.4745308310991956,1.0,0.0,0.0,0.0,1.0,17.0,5.88235294117647,0.0,0.0,0.0,5.88235294117647
1172,3,0,0,0,0,0,85,0.0,0.0,0.0,0.0,0.0,1.0,1.0,0.0,0.0,2,14.285714285714285,14.285714285714285,0.0,0.0,28.57142857142857,0,0,0,0,0,220,0.0,0.0,0.0,0.0,0.0,0.0,0.0,0.0,0.0,0.0,18.0,0.0,0.0,0.0,0.0,0.0
1173,3,0,0,0,0,0,6,0.0,0.0,0.0,0.0,0.0,0.0,0.0,0.0,0.0,0,0.0,0.0,0.0,0.0,0.0,0,0,0,0,0,19,0.0,0.0,0.0,0.0,0.0,0.0,0.0,0.0,0.0,0.0,16.0,0.0,0.0,0.0,0.0,0.0
1177,3,0,3,0,0,3,20,0.0,15.0,0.0,0.0,15.0,0.0,0.0,0.0,0.0,0,0.0,0.0,0.0,0.0,0.0,0,3,0,0,3,50,0.0,6.0,0.0,0.0,6.0,0.0,1.0,0.0,0.0,1.0,18.0,0.0,5.555555555555555,0.0,0.0,5.555555555555555
1178,3,3,0,1,0,3,63,4.761904761904762,0.0,0.0,1.5873015873015872,4.761904761904762,0.0,0.0,0.0,0.0,0,0.0,0.0,0.0,0.0,0.0,3,0,1,0,4,172,1.744186046511628,0.0,0.0,0.5813953488372093,2.3255813953488373,1.0,0.0,0.0,0.0,1.0,20.0,5.0,0.0,0.0,0.0,5.0
1184,3,0,0,0,0,0,4,0.0,0.0,0.0,0.0,0.0,0.0,0.0,0.0,0.0,0,0.0,0.0,0.0,0.0,0.0,0,0,0,0,0,9,0.0,0.0,0.0,0.0,0.0,0.0,0.0,0.0,0.0,0.0,7.0,0.0,0.0,0.0,0.0,0.0
1191,2,2,6,4,2,13,328,0.6097560975609756,1.8292682926829267,0.6097560975609756,1.2195121951219512,3.9634146341463414,0.0,0.0,0.0,0.0,0,0.0,0.0,0.0,0.0,0.0,2,6,4,2,14,799,0.2503128911138924,0.7509386733416771,0.2503128911138924,0.5006257822277848,1.7521902377972465,,,,,,,,,,,
1192,2,36,5,16,3,50,353,10.198300283286118,1.41643059490085,0.84985835694051,4.53257790368272,14.164305949008499,0.0,0.0,0.0,0.0,0,0.0,0.0,0.0,0.0,0.0,37,5,16,3,53,899,4.115684093437152,0.5561735261401557,0.33370411568409347,1.7797552836484982,5.89543937708565,1.0,0.0,0.0,0.0,1.0,16.0,6.25,0.0,0.0,0.0,6.25
1197,3,0,0,0,0,0,19,0.0,0.0,0.0,0.0,0.0,0.0,0.0,0.0,0.0,0,0.0,0.0,0.0,0.0,0.0,0,0,0,0,0,50,0.0,0.0,0.0,0.0,0.0,0.0,0.0,0.0,0.0,0.0,19.0,0.0,0.0,0.0,0.0,0.0
1198,2,31,11,15,9,47,309,10.032362459546926,3.559870550161812,2.912621359223301,4.854368932038835,15.210355987055015,0.0,0.0,0.0,0.0,0,0.0,0.0,0.0,0.0,0.0,32,11,15,9,49,781,4.097311139564661,1.4084507042253522,1.1523687580025608,1.9206145966709345,6.274007682458387,1.0,0.0,0.0,0.0,1.0,17.0,5.88235294117647,0.0,0.0,0.0,5.88235294117647
1199,2,22,4,8,4,28,333,6.606606606606606,1.2012012012012012,1.2012012012012012,2.4024024024024024,8.408408408408409,0.0,0.0,0.0,0.0,0,0.0,0.0,0.0,0.0,0.0,23,4,8,4,29,749,3.0707610146862483,0.5340453938584779,0.5340453938584779,1.0680907877169559,3.871829105473965,,,,,,,,,,,
1200,2,20,5,11,3,32,356,5.617977528089887,1.4044943820224718,0.8426966292134831,3.089887640449438,8.98876404494382,0.0,0.0,0.0,0.0,0,0.0,0.0,0.0,0.0,0.0,21,5,12,3,35,871,2.4110218140068884,0.5740528128587831,0.3444316877152698,1.377726750861079,4.018369690011482,0.0,0.0,0.0,0.0,0.0,17.0,0.0,0.0,0.0,0.0,0.0
1204,2,0,5,1,0,6,297,0.0,1.6835016835016834,0.0,0.33670033670033667,2.0202020202020203,0.0,0.0,0.0,0.0,0,0.0,0.0,0.0,0.0,0.0,0,5,1,0,6,736,0.0,0.6793478260869565,0.0,0.1358695652173913,0.8152173913043478,0.0,0.0,0.0,0.0,0.0,2.0,0.0,0.0,0.0,0.0,0.0
1207,2,2,3,2,3,9,296,0.6756756756756757,1.0135135135135136,1.0135135135135136,0.6756756756756757,3.040540540540541,0.0,0.0,1.0,0.0,1,0.0,0.0,0.0,14.285714285714285,14.285714285714285,2,3,2,3,9,769,0.26007802340702213,0.3901170351105332,0.3901170351105332,0.26007802340702213,1.1703511053315996,0.0,0.0,0.0,0.0,0.0,17.0,0.0,0.0,0.0,0.0,0.0
1212,2,0,0,1,5,6,282,0.0,0.0,1.773049645390071,0.3546099290780142,2.127659574468085,0.0,0.0,0.0,0.0,0,0.0,0.0,0.0,0.0,0.0,0,0,1,5,6,630,0.0,0.0,0.7936507936507936,0.15873015873015872,0.9523809523809524,0.0,0.0,0.0,0.0,0.0,14.0,0.0,0.0,0.0,0.0,0.0
1215,2,2,0,5,1,8,330,0.6060606060606061,0.0,0.30303030303030304,1.5151515151515151,2.4242424242424243,1.0,0.0,0.0,0.0,1,14.285714285714285,0.0,0.0,0.0,14.285714285714285,2,0,5,1,8,833,0.24009603841536614,0.0,0.12004801920768307,0.6002400960384154,0.9603841536614646,0.0,0.0,0.0,0.0,0.0,2.0,0.0,0.0,0.0,0.0,0.0
1216,2,0,2,6,3,11,293,0.0,0.6825938566552902,1.023890784982935,2.04778156996587,3.754266211604096,0.0,0.0,0.0,0.0,0,0.0,0.0,0.0,0.0,0.0,0,2,9,3,14,730,0.0,0.273972602739726,0.410958904109589,1.2328767123287672,1.9178082191780823,0.0,0.0,0.0,0.0,0.0,2.0,0.0,0.0,0.0,0.0,0.0
1219,2,8,4,10,3,18,306,2.6143790849673203,1.3071895424836601,0.9803921568627451,3.2679738562091507,5.88235294117647,0.0,0.0,0.0,0.0,0,0.0,0.0,0.0,0.0,0.0,9,4,10,3,20,699,1.2875536480686696,0.5722460658082975,0.4291845493562232,1.4306151645207439,2.8612303290414878,2.0,1.0,2.0,0.0,4.0,17.0,11.76470588235294,5.88235294117647,0.0,11.76470588235294,23.52941176470588
1223,2,10,3,2,2,16,312,3.205128205128205,0.9615384615384616,0.641025641025641,0.641025641025641,5.128205128205128,0.0,0.0,0.0,0.0,0,0.0,0.0,0.0,0.0,0.0,10,3,2,2,16,1108,0.9025270758122743,0.2707581227436823,0.18050541516245489,0.18050541516245489,1.444043321299639,0.0,0.0,0.0,0.0,0.0,26.0,0.0,0.0,0.0,0.0,0.0
1224,2,3,1,5,3,8,303,0.9900990099009901,0.33003300330033003,0.9900990099009901,1.65016501650165,2.6402640264026402,0.0,0.0,0.0,0.0,0,0.0,0.0,0.0,0.0,0.0,3,1,5,3,9,726,0.4132231404958678,0.13774104683195593,0.4132231404958678,0.6887052341597797,1.2396694214876034,0.0,0.0,0.0,0.0,0.0,2.0,0.0,0.0,0.0,0.0,0.0
1225,2,2,0,0,0,2,312,0.641025641025641,0.0,0.0,0.0,0.641025641025641,0.0,0.0,0.0,0.0,0,0.0,0.0,0.0,0.0,0.0,2,0,0,0,2,926,0.21598272138228944,0.0,0.0,0.0,0.21598272138228944,0.0,0.0,0.0,0.0,0.0,3.0,0.0,0.0,0.0,0.0,0.0
1231,2,2,1,2,2,4,185,1.0810810810810811,0.5405405405405406,1.0810810810810811,1.0810810810810811,2.1621621621621623,0.0,0.0,0.0,0.0,0,0.0,0.0,0.0,0.0,0.0,2,1,2,3,5,571,0.3502626970227671,0.17513134851138354,0.5253940455341506,0.3502626970227671,0.8756567425569177,0.0,0.0,0.0,0.0,0.0,24.0,0.0,0.0,0.0,0.0,0.0
1232,2,19,1,10,0,26,291,6.529209621993128,0.3436426116838488,0.0,3.436426116838488,8.934707903780069,0.0,0.0,0.0,0.0,0,0.0,0.0,0.0,0.0,0.0,20,1,10,0,27,749,2.67022696929239,0.13351134846461948,0.0,1.335113484646195,3.6048064085447264,0.0,0.0,0.0,0.0,0.0,13.0,0.0,0.0,0.0,0.0,0.0
1233,2,1,19,1,8,28,246,0.40650406504065045,7.723577235772358,3.2520325203252036,0.40650406504065045,11.38211382113821,0.0,0.0,0.0,0.0,0,0.0,0.0,0.0,0.0,0.0,1,19,1,8,28,641,0.15600624024961,2.9641185647425896,1.24804992199688,0.15600624024961,4.368174726989079,0.0,2.0,0.0,0.0,2.0,18.0,0.0,11.11111111111111,0.0,0.0,11.11111111111111
1235,2,5,3,0,2,6,141,3.546099290780142,2.127659574468085,1.4184397163120568,0.0,4.25531914893617,0.0,0.0,0.0,0.0,0,0.0,0.0,0.0,0.0,0.0,5,3,0,2,7,384,1.3020833333333335,0.78125,0.5208333333333333,0.0,1.8229166666666667,0.0,0.0,0.0,0.0,0.0,19.0,0.0,0.0,0.0,0.0,0.0
1236,2,6,1,2,1,8,203,2.955665024630542,0.49261083743842365,0.49261083743842365,0.9852216748768473,3.9408866995073892,0.0,0.0,0.0,0.0,0,0.0,0.0,0.0,0.0,0.0,6,1,2,1,8,512,1.171875,0.1953125,0.1953125,0.390625,1.5625,0.0,0.0,0.0,0.0,0.0,19.0,0.0,0.0,0.0,0.0,0.0
1237,2,3,5,12,4,22,311,0.964630225080386,1.607717041800643,1.2861736334405145,3.858520900321544,7.07395498392283,0.0,0.0,0.0,0.0,0,0.0,0.0,0.0,0.0,0.0,3,5,13,4,24,729,0.411522633744856,0.6858710562414266,0.5486968449931412,1.7832647462277091,3.292181069958848,0.0,0.0,0.0,0.0,0.0,16.0,0.0,0.0,0.0,0.0,0.0
1240,2,4,2,1,3,8,231,1.7316017316017316,0.8658008658008658,1.2987012987012987,0.4329004329004329,3.463203463203463,0.0,0.0,0.0,0.0,0,0.0,0.0,0.0,0.0,0.0,4,2,1,3,9,787,0.5082592121982211,0.25412960609911056,0.3811944091486658,0.12706480304955528,1.1435832274459974,0.0,0.0,0.0,0.0,0.0,27.0,0.0,0.0,0.0,0.0,0.0
1241,2,1,1,3,1,5,119,0.8403361344537815,0.8403361344537815,0.8403361344537815,2.5210084033613445,4.201680672268908,0.0,0.0,0.0,0.0,0,0.0,0.0,0.0,0.0,0.0,1,1,3,1,5,376,0.26595744680851063,0.26595744680851063,0.26595744680851063,0.7978723404255319,1.3297872340425532,0.0,0.0,0.0,1.0,1.0,22.0,0.0,0.0,4.545454545454546,0.0,4.545454545454546
1243,2,4,2,5,19,28,246,1.6260162601626018,0.8130081300813009,7.723577235772358,2.0325203252032518,11.38211382113821,0.0,0.0,0.0,0.0,0,0.0,0.0,0.0,0.0,0.0,4,2,5,19,29,595,0.6722689075630253,0.33613445378151263,3.1932773109243695,0.8403361344537815,4.873949579831933,0.0,0.0,0.0,0.0,0.0,17.0,0.0,0.0,0.0,0.0,0.0
1244,2,3,0,0,0,3,131,2.2900763358778624,0.0,0.0,0.0,2.2900763358778624,0.0,0.0,0.0,0.0,0,0.0,0.0,0.0,0.0,0.0,3,0,0,0,3,374,0.8021390374331552,0.0,0.0,0.0,0.8021390374331552,0.0,0.0,0.0,0.0,0.0,19.0,0.0,0.0,0.0,0.0,0.0
1245,2,20,29,7,9,59,267,7.490636704119851,10.861423220973784,3.3707865168539324,2.6217228464419478,22.09737827715356,0.0,0.0,0.0,0.0,0,0.0,0.0,0.0,0.0,0.0,20,32,8,9,64,654,3.058103975535168,4.892966360856269,1.3761467889908259,1.2232415902140672,9.785932721712538,1.0,0.0,0.0,0.0,1.0,17.0,5.88235294117647,0.0,0.0,0.0,5.88235294117647
1246,2,0,0,1,1,2,248,0.0,0.0,0.4032258064516129,0.4032258064516129,0.8064516129032258,0.0,0.0,0.0,0.0,0,0.0,0.0,0.0,0.0,0.0,0,0,1,1,2,862,0.0,0.0,0.11600928074245939,0.11600928074245939,0.23201856148491878,0.0,0.0,0.0,0.0,0.0,23.0,0.0,0.0,0.0,0.0,0.0
1252,2,2,0,2,1,5,200,1.0,0.0,0.5,1.0,2.5,0.0,0.0,0.0,0.0,0,0.0,0.0,0.0,0.0,0.0,3,0,2,1,6,406,0.7389162561576355,0.0,0.24630541871921183,0.49261083743842365,1.477832512315271,0.0,0.0,0.0,0.0,0.0,15.0,0.0,0.0,0.0,0.0,0.0
1255,2,4,0,5,6,14,271,1.4760147601476015,0.0,2.214022140221402,1.8450184501845017,5.166051660516605,0.0,0.0,0.0,0.0,0,0.0,0.0,0.0,0.0,0.0,4,0,5,6,14,642,0.6230529595015576,0.0,0.9345794392523363,0.778816199376947,2.1806853582554515,0.0,0.0,0.0,0.0,0.0,18.0,0.0,0.0,0.0,0.0,0.0
1258,2,2,5,2,0,6,186,1.0752688172043012,2.6881720430107525,0.0,1.0752688172043012,3.225806451612903,0.0,0.0,0.0,0.0,0,0.0,0.0,0.0,0.0,0.0,2,5,2,0,6,435,0.45977011494252873,1.1494252873563218,0.0,0.45977011494252873,1.3793103448275863,0.0,1.0,0.0,0.0,1.0,18.0,0.0,5.555555555555555,0.0,0.0,5.555555555555555
1259,2,0,0,0,2,2,249,0.0,0.0,0.8032128514056224,0.0,0.8032128514056224,0.0,0.0,0.0,0.0,0,0.0,0.0,0.0,0.0,0.0,0,0,0,2,2,667,0.0,0.0,0.29985007496251875,0.0,0.29985007496251875,0.0,0.0,0.0,0.0,0.0,17.0,0.0,0.0,0.0,0.0,0.0
1261,2,3,0,7,0,10,141,2.127659574468085,0.0,0.0,4.964539007092199,7.092198581560284,0.0,0.0,0.0,0.0,0,0.0,0.0,0.0,0.0,0.0,3,0,7,0,10,424,0.7075471698113208,0.0,0.0,1.650943396226415,2.358490566037736,0.0,0.0,0.0,0.0,0.0,17.0,0.0,0.0,0.0,0.0,0.0
1262,2,33,1,16,5,50,112,29.464285714285715,0.8928571428571428,4.464285714285714,14.285714285714285,44.642857142857146,0.0,0.0,0.0,0.0,0,0.0,0.0,0.0,0.0,0.0,37,1,16,5,56,299,12.37458193979933,0.33444816053511706,1.6722408026755853,5.351170568561873,18.729096989966553,0.0,1.0,1.0,0.0,2.0,20.0,0.0,5.0,0.0,5.0,10.0
1263,2,0,0,0,0,0,184,0.0,0.0,0.0,0.0,0.0,0.0,0.0,0.0,0.0,0,0.0,0.0,0.0,0.0,0.0,0,0,0,0,0,597,0.0,0.0,0.0,0.0,0.0,0.0,0.0,0.0,0.0,0.0,21.0,0.0,0.0,0.0,0.0,0.0
1264,2,3,116,7,20,130,258,1.1627906976744187,44.96124031007752,7.751937984496124,2.7131782945736433,50.3875968992248,0.0,0.0,0.0,0.0,0,0.0,0.0,0.0,0.0,0.0,3,164,7,20,187,699,0.4291845493562232,23.462088698140203,2.8612303290414878,1.0014306151645207,26.75250357653791,0.0,13.0,0.0,2.0,13.0,21.0,0.0,61.904761904761905,9.523809523809524,0.0,61.904761904761905
1266,2,9,6,3,3,15,222,4.054054054054054,2.7027027027027026,1.3513513513513513,1.3513513513513513,6.756756756756757,2.0,0.0,5.0,0.0,5,28.57142857142857,0.0,0.0,71.42857142857143,71.42857142857143,9,6,3,3,15,572,1.5734265734265735,1.048951048951049,0.5244755244755245,0.5244755244755245,2.6223776223776225,0.0,1.0,0.0,0.0,1.0,17.0,0.0,5.88235294117647,0.0,0.0,5.88235294117647
1267,2,32,26,20,22,67,264,12.121212121212121,9.848484848484848,8.333333333333332,7.575757575757576,25.37878787878788,1.0,0.0,3.0,0.0,3,14.285714285714285,0.0,0.0,42.857142857142854,42.857142857142854,33,28,22,24,75,666,4.954954954954955,4.2042042042042045,3.6036036036036037,3.303303303303303,11.26126126126126,0.0,0.0,0.0,0.0,0.0,14.0,0.0,0.0,0.0,0.0,0.0
1268,2,0,0,0,0,0,15,0.0,0.0,0.0,0.0,0.0,0.0,0.0,0.0,0.0,0,0.0,0.0,0.0,0.0,0.0,0,0,0,0,0,46,0.0,0.0,0.0,0.0,0.0,0.0,0.0,0.0,0.0,0.0,23.0,0.0,0.0,0.0,0.0,0.0
1270,2,3,1,0,0,4,156,1.9230769230769231,0.641025641025641,0.0,0.0,2.564102564102564,0.0,0.0,1.0,0.0,1,0.0,0.0,0.0,14.285714285714285,14.285714285714285,3,1,0,0,4,361,0.8310249307479225,0.2770083102493075,0.0,0.0,1.10803324099723,0.0,0.0,0.0,0.0,0.0,17.0,0.0,0.0,0.0,0.0,0.0
1271,2,1,6,2,10,17,148,0.6756756756756757,4.054054054054054,6.756756756756757,1.3513513513513513,11.486486486486488,0.0,0.0,0.0,0.0,0,0.0,0.0,0.0,0.0,0.0,1,6,2,10,17,369,0.27100271002710025,1.6260162601626018,2.710027100271003,0.5420054200542005,4.607046070460704,0.0,0.0,0.0,0.0,0.0,16.0,0.0,0.0,0.0,0.0,0.0
1272,2,0,1,39,31,58,169,0.0,0.591715976331361,18.34319526627219,23.076923076923077,34.319526627218934,0.0,0.0,0.0,0.0,0,0.0,0.0,0.0,0.0,0.0,0,1,48,34,70,472,0.0,0.211864406779661,7.203389830508475,10.16949152542373,14.83050847457627,0.0,0.0,0.0,2.0,2.0,16.0,0.0,0.0,12.5,0.0,12.5
1273,2,0,1,1,0,2,206,0.0,0.48543689320388345,0.0,0.48543689320388345,0.9708737864077669,0.0,0.0,0.0,0.0,0,0.0,0.0,0.0,0.0,0.0,0,1,1,0,2,544,0.0,0.1838235294117647,0.0,0.1838235294117647,0.3676470588235294,0.0,0.0,0.0,0.0,0.0,17.0,0.0,0.0,0.0,0.0,0.0
1274,2,3,0,0,0,3,104,2.8846153846153846,0.0,0.0,0.0,2.8846153846153846,0.0,0.0,0.0,0.0,0,0.0,0.0,0.0,0.0,0.0,3,0,0,0,3,299,1.0033444816053512,0.0,0.0,0.0,1.0033444816053512,0.0,0.0,0.0,0.0,0.0,21.0,0.0,0.0,0.0,0.0,0.0
1276,2,1,0,1,0,2,117,0.8547008547008548,0.0,0.0,0.8547008547008548,1.7094017094017095,0.0,0.0,0.0,0.0,0,0.0,0.0,0.0,0.0,0.0,1,0,1,0,2,356,0.2808988764044944,0.0,0.0,0.2808988764044944,0.5617977528089888,0.0,0.0,0.0,0.0,0.0,22.0,0.0,0.0,0.0,0.0,0.0
1277,2,0,1,4,0,5,175,0.0,0.5714285714285714,0.0,2.2857142857142856,2.857142857142857,0.0,0.0,0.0,0.0,0,0.0,0.0,0.0,0.0,0.0,0,1,4,0,5,515,0.0,0.1941747572815534,0.0,0.7766990291262136,0.9708737864077669,0.0,0.0,0.0,0.0,0.0,18.0,0.0,0.0,0.0,0.0,0.0
1279,2,1,0,0,1,2,58,1.7241379310344827,0.0,1.7241379310344827,0.0,3.4482758620689653,0.0,0.0,0.0,0.0,0,0.0,0.0,0.0,0.0,0.0,1,0,0,1,2,158,0.6329113924050633,0.0,0.6329113924050633,0.0,1.2658227848101267,0.0,0.0,0.0,0.0,0.0,22.0,0.0,0.0,0.0,0.0,0.0
1281,2,0,1,0,2,3,135,0.0,0.7407407407407408,1.4814814814814816,0.0,2.2222222222222223,0.0,1.0,0.0,0.0,1,0.0,14.285714285714285,0.0,0.0,14.285714285714285,0,1,0,2,3,381,0.0,0.26246719160104987,0.5249343832020997,0.0,0.7874015748031495,0.0,0.0,0.0,0.0,0.0,18.0,0.0,0.0,0.0,0.0,0.0
1282,2,0,0,1,0,1,72,0.0,0.0,0.0,1.3888888888888888,1.3888888888888888,0.0,0.0,0.0,0.0,0,0.0,0.0,0.0,0.0,0.0,0,0,1,0,1,253,0.0,0.0,0.0,0.3952569169960474,0.3952569169960474,0.0,0.0,0.0,0.0,0.0,24.0,0.0,0.0,0.0,0.0,0.0
1283,2,4,2,4,3,7,175,2.2857142857142856,1.1428571428571428,1.7142857142857144,2.2857142857142856,4.0,0.0,0.0,0.0,0.0,0,0.0,0.0,0.0,0.0,0.0,4,2,4,3,7,600,0.6666666666666667,0.33333333333333337,0.5,0.6666666666666667,1.1666666666666667,0.0,0.0,0.0,0.0,0.0,18.0,0.0,0.0,0.0,0.0,0.0
1284,2,0,2,6,0,8,167,0.0,1.1976047904191618,0.0,3.592814371257485,4.790419161676647,0.0,0.0,0.0,0.0,0,0.0,0.0,0.0,0.0,0.0,0,2,8,0,10,477,0.0,0.41928721174004197,0.0,1.6771488469601679,2.0964360587002098,0.0,0.0,0.0,0.0,0.0,21.0,0.0,0.0,0.0,0.0,0.0
1286,2,0,0,0,0,0,116,0.0,0.0,0.0,0.0,0.0,0.0,0.0,0.0,0.0,0,0.0,0.0,0.0,0.0,0.0,0,0,0,0,0,333,0.0,0.0,0.0,0.0,0.0,0.0,0.0,0.0,0.0,0.0,22.0,0.0,0.0,0.0,0.0,0.0
1288,2,25,11,28,11,39,61,40.98360655737705,18.0327868852459,18.0327868852459,45.90163934426229,63.934426229508205,0.0,0.0,0.0,0.0,0,0.0,0.0,0.0,0.0,0.0,35,12,44,11,63,150,23.333333333333332,8.0,7.333333333333333,29.333333333333332,42.0,11.0,2.0,6.0,5.0,12.0,15.0,73.33333333333333,13.333333333333334,33.33333333333333,40.0,80.0
1291,2,1,1,1,0,1,125,0.8,0.8,0.0,0.8,0.8,0.0,0.0,0.0,0.0,0,0.0,0.0,0.0,0.0,0.0,1,1,1,0,1,417,0.2398081534772182,0.2398081534772182,0.0,0.2398081534772182,0.2398081534772182,0.0,0.0,0.0,0.0,0.0,24.0,0.0,0.0,0.0,0.0,0.0
1292,1,3,7,4,4,16,461,0.6507592190889371,1.5184381778741864,0.8676789587852495,0.8676789587852495,3.470715835140998,0.0,0.0,0.0,0.0,0,0.0,0.0,0.0,0.0,0.0,3,7,4,4,17,760,0.39473684210526316,0.9210526315789472,0.5263157894736842,0.5263157894736842,2.236842105263158,,,,,,,,,,,
1293,2,1,0,2,0,2,166,0.6024096385542169,0.0,0.0,1.2048192771084338,1.2048192771084338,0.0,0.0,0.0,0.0,0,0.0,0.0,0.0,0.0,0.0,1,0,2,0,2,456,0.21929824561403508,0.0,0.0,0.43859649122807015,0.43859649122807015,1.0,0.0,1.0,0.0,1.0,18.0,5.555555555555555,0.0,0.0,5.555555555555555,5.555555555555555
1294,2,2,0,2,0,4,107,1.8691588785046727,0.0,0.0,1.8691588785046727,3.7383177570093453,0.0,0.0,0.0,0.0,0,0.0,0.0,0.0,0.0,0.0,2,0,2,0,4,271,0.7380073800738007,0.0,0.0,0.7380073800738007,1.4760147601476015,0.0,0.0,0.0,0.0,0.0,19.0,0.0,0.0,0.0,0.0,0.0
1295,2,2,0,3,1,5,141,1.4184397163120568,0.0,0.7092198581560284,2.127659574468085,3.546099290780142,0.0,0.0,0.0,0.0,0,0.0,0.0,0.0,0.0,0.0,2,0,3,1,5,377,0.5305039787798408,0.0,0.2652519893899204,0.7957559681697612,1.3262599469496021,0.0,0.0,0.0,0.0,0.0,21.0,0.0,0.0,0.0,0.0,0.0
1300,2,0,0,6,0,6,119,0.0,0.0,0.0,5.042016806722689,5.042016806722689,0.0,0.0,0.0,0.0,0,0.0,0.0,0.0,0.0,0.0,0,0,6,0,6,341,0.0,0.0,0.0,1.7595307917888565,1.7595307917888565,0.0,0.0,0.0,0.0,0.0,22.0,0.0,0.0,0.0,0.0,0.0
1304,1,7,5,11,3,21,369,1.8970189701897018,1.3550135501355014,0.8130081300813009,2.9810298102981028,5.691056910569105,0.0,0.0,0.0,0.0,0,0.0,0.0,0.0,0.0,0.0,7,5,12,3,23,792,0.8838383838383838,0.6313131313131313,0.3787878787878788,1.5151515151515151,2.904040404040404,0.0,0.0,0.0,0.0,0.0,2.0,0.0,0.0,0.0,0.0,0.0
1305,2,26,7,0,1,29,90,28.888888888888886,7.777777777777778,1.1111111111111112,0.0,32.22222222222222,0.0,0.0,0.0,0.0,0,0.0,0.0,0.0,0.0,0.0,32,7,0,1,36,247,12.955465587044534,2.834008097165992,0.4048582995951417,0.0,14.5748987854251,3.0,0.0,0.0,0.0,3.0,21.0,14.285714285714285,0.0,0.0,0.0,14.285714285714285
1306,1,56,33,60,23,118,270,20.74074074074074,12.222222222222221,8.518518518518519,22.22222222222222,43.7037037037037,0.0,0.0,0.0,1.0,1,0.0,0.0,14.285714285714285,0.0,14.285714285714285,59,37,73,25,155,765,7.712418300653595,4.836601307189543,3.2679738562091507,9.542483660130719,20.26143790849673,,,,,,,,,,,
1308,1,4,3,10,2,18,364,1.098901098901099,0.8241758241758242,0.5494505494505495,2.7472527472527473,4.945054945054945,0.0,0.0,0.0,0.0,0,0.0,0.0,0.0,0.0,0.0,4,3,10,2,18,716,0.5586592178770949,0.41899441340782123,0.27932960893854747,1.3966480446927374,2.5139664804469275,,,,,,,,,,,
1311,1,1,1,1,0,3,381,0.26246719160104987,0.26246719160104987,0.0,0.26246719160104987,0.7874015748031495,0.0,0.0,0.0,0.0,0,0.0,0.0,0.0,0.0,0.0,1,1,1,0,3,859,0.11641443538998836,0.11641443538998836,0.0,0.11641443538998836,0.3492433061699651,0.0,0.0,0.0,0.0,0.0,2.0,0.0,0.0,0.0,0.0,0.0
1312,2,0,0,0,0,0,52,0.0,0.0,0.0,0.0,0.0,0.0,0.0,0.0,0.0,0,0.0,0.0,0.0,0.0,0.0,0,0,0,0,0,161,0.0,0.0,0.0,0.0,0.0,0.0,0.0,0.0,0.0,0.0,24.0,0.0,0.0,0.0,0.0,0.0
1314,2,0,0,0,0,0,1,0.0,0.0,0.0,0.0,0.0,0.0,0.0,0.0,0.0,0,0.0,0.0,0.0,0.0,0.0,0,0,0,0,0,3,0.0,0.0,0.0,0.0,0.0,0.0,0.0,0.0,0.0,0.0,1.0,0.0,0.0,0.0,0.0,0.0
1315,2,0,0,0,0,0,43,0.0,0.0,0.0,0.0,0.0,0.0,0.0,0.0,0.0,0,0.0,0.0,0.0,0.0,0.0,0,0,0,0,0,115,0.0,0.0,0.0,0.0,0.0,0.0,0.0,0.0,0.0,0.0,21.0,0.0,0.0,0.0,0.0,0.0
1317,1,7,4,6,7,13,245,2.857142857142857,1.6326530612244898,2.857142857142857,2.4489795918367347,5.3061224489795915,0.0,0.0,0.0,0.0,0,0.0,0.0,0.0,0.0,0.0,8,4,6,7,16,576,1.3888888888888888,0.6944444444444444,1.215277777777778,1.0416666666666665,2.7777777777777777,,,,,,,,,,,
1319,2,2,0,2,0,4,30,6.666666666666667,0.0,0.0,6.666666666666667,13.333333333333334,0.0,0.0,0.0,0.0,0,0.0,0.0,0.0,0.0,0.0,2,0,2,0,4,75,2.666666666666667,0.0,0.0,2.666666666666667,5.333333333333334,0.0,0.0,1.0,0.0,1.0,22.0,0.0,0.0,0.0,4.545454545454546,4.545454545454546
1320,1,5,2,10,2,18,414,1.2077294685990339,0.4830917874396135,0.4830917874396135,2.4154589371980677,4.3478260869565215,0.0,0.0,0.0,0.0,0,0.0,0.0,0.0,0.0,0.0,6,2,11,2,20,799,0.7509386733416771,0.2503128911138924,0.2503128911138924,1.376720901126408,2.5031289111389237,0.0,0.0,0.0,0.0,0.0,11.0,0.0,0.0,0.0,0.0,0.0
1321,2,1,0,2,0,3,81,1.2345679012345678,0.0,0.0,2.4691358024691357,3.7037037037037033,0.0,0.0,0.0,0.0,0,0.0,0.0,0.0,0.0,0.0,1,0,2,0,3,218,0.45871559633027525,0.0,0.0,0.9174311926605505,1.3761467889908259,0.0,0.0,0.0,0.0,0.0,20.0,0.0,0.0,0.0,0.0,0.0
1322,1,7,101,3,57,133,351,1.9943019943019942,28.774928774928775,16.23931623931624,0.8547008547008548,37.89173789173789,0.0,0.0,0.0,0.0,0,0.0,0.0,0.0,0.0,0.0,7,125,3,63,181,749,0.9345794392523363,16.688918558077436,8.411214953271028,0.4005340453938585,24.16555407209613,,,,,,,,,,,
1323,2,2,2,1,0,3,65,3.076923076923077,3.076923076923077,0.0,1.5384615384615385,4.615384615384616,0.0,0.0,0.0,0.0,0,0.0,0.0,0.0,0.0,0.0,3,2,1,0,4,155,1.935483870967742,1.2903225806451613,0.0,0.6451612903225806,2.5806451612903225,0.0,0.0,0.0,0.0,0.0,19.0,0.0,0.0,0.0,0.0,0.0
1324,1,6,0,3,4,11,221,2.7149321266968327,0.0,1.809954751131222,1.3574660633484164,4.97737556561086,0.0,0.0,0.0,0.0,0,0.0,0.0,0.0,0.0,0.0,6,0,3,4,11,499,1.2024048096192386,0.0,0.8016032064128256,0.6012024048096193,2.2044088176352705,,,,,,,,,,,
1325,2,0,0,0,0,0,85,0.0,0.0,0.0,0.0,0.0,0.0,0.0,0.0,0.0,0,0.0,0.0,0.0,0.0,0.0,0,0,0,0,0,225,0.0,0.0,0.0,0.0,0.0,0.0,0.0,0.0,0.0,0.0,19.0,0.0,0.0,0.0,0.0,0.0
1327,1,3,0,8,7,16,318,0.9433962264150944,0.0,2.20125786163522,2.515723270440252,5.031446540880504,0.0,0.0,0.0,0.0,0,0.0,0.0,0.0,0.0,0.0,3,0,8,7,17,734,0.4087193460490463,0.0,0.9536784741144414,1.08991825613079,2.316076294277929,0.0,0.0,0.0,0.0,0.0,2.0,0.0,0.0,0.0,0.0,0.0
1328,2,1,1,0,0,2,66,1.5151515151515151,1.5151515151515151,0.0,0.0,3.0303030303030303,0.0,0.0,0.0,0.0,0,0.0,0.0,0.0,0.0,0.0,1,1,0,0,2,208,0.4807692307692308,0.4807692307692308,0.0,0.0,0.9615384615384616,0.0,1.0,0.0,0.0,1.0,23.0,0.0,4.3478260869565215,0.0,0.0,4.3478260869565215
1329,1,0,1,0,0,1,355,0.0,0.28169014084507044,0.0,0.0,0.28169014084507044,0.0,0.0,0.0,0.0,0,0.0,0.0,0.0,0.0,0.0,0,1,0,0,1,920,0.0,0.10869565217391304,0.0,0.0,0.10869565217391304,0.0,0.0,0.0,0.0,0.0,16.0,0.0,0.0,0.0,0.0,0.0
1331,1,3,1,3,3,5,316,0.949367088607595,0.31645569620253167,0.949367088607595,0.949367088607595,1.5822784810126582,0.0,0.0,0.0,0.0,0,0.0,0.0,0.0,0.0,0.0,3,1,3,4,6,921,0.32573289902280134,0.10857763300760044,0.43431053203040176,0.32573289902280134,0.6514657980456027,0.0,0.0,0.0,0.0,0.0,1.0,0.0,0.0,0.0,0.0,0.0
1333,1,2,2,0,0,4,296,0.6756756756756757,0.6756756756756757,0.0,0.0,1.3513513513513513,0.0,0.0,0.0,0.0,0,0.0,0.0,0.0,0.0,0.0,3,2,0,0,5,736,0.4076086956521739,0.2717391304347826,0.0,0.0,0.6793478260869565,,,,,,,,,,,
1334,2,1,0,3,0,3,48,2.083333333333333,0.0,0.0,6.25,6.25,0.0,0.0,0.0,0.0,0,0.0,0.0,0.0,0.0,0.0,1,0,3,0,3,142,0.7042253521126761,0.0,0.0,2.112676056338028,2.112676056338028,0.0,0.0,1.0,0.0,1.0,18.0,0.0,0.0,0.0,5.555555555555555,5.555555555555555
1335,2,2,2,2,1,3,44,4.545454545454546,4.545454545454546,2.272727272727273,4.545454545454546,6.8181818181818175,0.0,0.0,0.0,0.0,0,0.0,0.0,0.0,0.0,0.0,2,2,2,1,3,118,1.694915254237288,1.694915254237288,0.847457627118644,1.694915254237288,2.5423728813559325,0.0,0.0,0.0,0.0,0.0,20.0,0.0,0.0,0.0,0.0,0.0
1337,1,0,0,2,0,2,206,0.0,0.0,0.0,0.9708737864077669,0.9708737864077669,0.0,0.0,0.0,0.0,0,0.0,0.0,0.0,0.0,0.0,0,0,2,0,2,633,0.0,0.0,0.0,0.315955766192733,0.315955766192733,,,,,,,,,,,
1339,1,30,12,22,21,45,172,17.441860465116278,6.976744186046512,12.209302325581394,12.790697674418606,26.16279069767442,0.0,0.0,0.0,0.0,0,0.0,0.0,0.0,0.0,0.0,41,17,29,25,64,406,10.098522167487685,4.1871921182266005,6.157635467980295,7.142857142857142,15.763546798029557,,,,,,,,,,,
1343,1,6,12,11,6,31,352,1.7045454545454544,3.4090909090909087,1.7045454545454544,3.125,8.806818181818182,0.0,0.0,0.0,0.0,0,0.0,0.0,0.0,0.0,0.0,6,13,12,6,36,887,0.6764374295377678,1.4656144306651635,0.6764374295377678,1.3528748590755355,4.058624577226606,0.0,0.0,0.0,0.0,0.0,2.0,0.0,0.0,0.0,0.0,0.0
1344,1,1,2,2,1,6,311,0.3215434083601286,0.6430868167202572,0.3215434083601286,0.6430868167202572,1.929260450160772,0.0,0.0,0.0,0.0,0,0.0,0.0,0.0,0.0,0.0,1,2,2,1,6,796,0.12562814070351758,0.25125628140703515,0.12562814070351758,0.25125628140703515,0.7537688442211055,,,,,,,,,,,
1346,1,5,3,6,4,15,294,1.7006802721088436,1.0204081632653061,1.3605442176870748,2.0408163265306123,5.1020408163265305,0.0,0.0,0.0,0.0,0,0.0,0.0,0.0,0.0,0.0,6,3,6,4,16,723,0.8298755186721992,0.4149377593360996,0.5532503457814661,0.8298755186721992,2.2130013831258646,,,,,,,,,,,
1348,1,40,4,37,5,51,307,13.029315960912053,1.3029315960912053,1.6286644951140066,12.052117263843648,16.612377850162865,0.0,0.0,0.0,0.0,0,0.0,0.0,0.0,0.0,0.0,46,4,46,6,70,746,6.166219839142091,0.5361930294906166,0.8042895442359249,6.166219839142091,9.383378016085791,,,,,,,,,,,
1351,1,3,7,2,1,11,222,1.3513513513513513,3.153153153153153,0.45045045045045046,0.9009009009009009,4.954954954954955,0.0,0.0,0.0,0.0,0,0.0,0.0,0.0,0.0,0.0,3,8,2,1,12,503,0.5964214711729622,1.5904572564612325,0.19880715705765406,0.3976143141153081,2.3856858846918487,,,,,,,,,,,
1352,2,0,0,0,0,0,4,0.0,0.0,0.0,0.0,0.0,0.0,0.0,0.0,0.0,0,0.0,0.0,0.0,0.0,0.0,0,0,0,0,0,9,0.0,0.0,0.0,0.0,0.0,0.0,0.0,0.0,0.0,0.0,7.0,0.0,0.0,0.0,0.0,0.0
1354,1,0,14,21,3,35,267,0.0,5.2434456928838955,1.1235955056179776,7.865168539325842,13.108614232209737,0.0,0.0,0.0,0.0,0,0.0,0.0,0.0,0.0,0.0,0,15,23,3,38,732,0.0,2.0491803278688523,0.4098360655737705,3.1420765027322406,5.191256830601093,0.0,0.0,1.0,0.0,1.0,13.0,0.0,0.0,0.0,7.6923076923076925,7.6923076923076925
1356,1,14,5,7,5,22,187,7.4866310160427805,2.6737967914438503,2.6737967914438503,3.7433155080213902,11.76470588235294,0.0,0.0,0.0,0.0,0,0.0,0.0,0.0,0.0,0.0,18,5,7,5,27,451,3.9911308203991127,1.1086474501108647,1.1086474501108647,1.5521064301552108,5.986696230598669,,,,,,,,,,,
1359,1,4,5,2,0,11,288,1.3888888888888888,1.7361111111111112,0.0,0.6944444444444444,3.8194444444444446,0.0,0.0,0.0,0.0,0,0.0,0.0,0.0,0.0,0.0,4,5,2,0,11,821,0.48721071863580995,0.6090133982947624,0.0,0.24360535931790497,1.3398294762484775,0.0,0.0,0.0,0.0,0.0,21.0,0.0,0.0,0.0,0.0,0.0
1360,1,6,1,4,3,10,280,2.142857142857143,0.35714285714285715,1.0714285714285714,1.4285714285714286,3.571428571428571,0.0,0.0,0.0,0.0,0,0.0,0.0,0.0,0.0,0.0,7,1,4,3,11,727,0.9628610729023385,0.1375515818431912,0.41265474552957354,0.5502063273727648,1.5130674002751032,0.0,0.0,0.0,0.0,0.0,20.0,0.0,0.0,0.0,0.0,0.0
1361,1,1,0,1,0,2,246,0.40650406504065045,0.0,0.0,0.40650406504065045,0.8130081300813009,0.0,0.0,0.0,0.0,0,0.0,0.0,0.0,0.0,0.0,1,0,1,0,2,508,0.19685039370078738,0.0,0.0,0.19685039370078738,0.39370078740157477,0.0,0.0,0.0,0.0,0.0,12.0,0.0,0.0,0.0,0.0,0.0
1362,1,11,2,14,3,25,317,3.4700315457413247,0.6309148264984227,0.9463722397476341,4.416403785488959,7.886435331230284,0.0,0.0,0.0,0.0,0,0.0,0.0,0.0,0.0,0.0,11,2,14,3,25,880,1.25,0.22727272727272727,0.3409090909090909,1.5909090909090908,2.840909090909091,0.0,0.0,1.0,0.0,1.0,21.0,0.0,0.0,0.0,4.761904761904762,4.761904761904762
1363,1,62,103,39,51,135,298,20.80536912751678,34.56375838926174,17.114093959731544,13.087248322147651,45.302013422818796,0.0,0.0,0.0,0.0,0,0.0,0.0,0.0,0.0,0.0,107,153,75,71,214,892,11.995515695067265,17.152466367713004,7.959641255605381,8.408071748878925,23.99103139013453,0.0,1.0,0.0,0.0,1.0,2.0,0.0,50.0,0.0,0.0,50.0
1364,1,1,3,3,1,8,283,0.35335689045936397,1.0600706713780919,0.35335689045936397,1.0600706713780919,2.8268551236749118,0.0,0.0,0.0,0.0,0,0.0,0.0,0.0,0.0,0.0,1,3,3,1,8,643,0.15552099533437014,0.46656298600311047,0.15552099533437014,0.46656298600311047,1.244167962674961,0.0,0.0,0.0,0.0,0.0,10.0,0.0,0.0,0.0,0.0,0.0
1365,1,7,16,10,47,65,290,2.413793103448276,5.517241379310345,16.206896551724135,3.4482758620689653,22.413793103448278,0.0,0.0,0.0,0.0,0,0.0,0.0,0.0,0.0,0.0,7,17,11,54,76,684,1.023391812865497,2.4853801169590644,7.894736842105263,1.608187134502924,11.11111111111111,0.0,0.0,0.0,1.0,1.0,19.0,0.0,0.0,5.263157894736842,0.0,5.263157894736842
1366,1,1,0,15,3,16,249,0.4016064257028112,0.0,1.2048192771084338,6.024096385542169,6.425702811244979,0.0,0.0,0.0,0.0,0,0.0,0.0,0.0,0.0,0.0,1,0,15,3,16,584,0.17123287671232876,0.0,0.5136986301369862,2.5684931506849313,2.73972602739726,,,,,,,,,,,
1367,1,9,10,19,13,40,315,2.857142857142857,3.1746031746031744,4.1269841269841265,6.031746031746032,12.698412698412698,0.0,0.0,0.0,0.0,0,0.0,0.0,0.0,0.0,0.0,9,10,21,13,43,780,1.153846153846154,1.282051282051282,1.6666666666666667,2.6923076923076925,5.512820512820513,0.0,0.0,0.0,0.0,0.0,3.0,0.0,0.0,0.0,0.0,0.0
1368,1,6,9,8,2,21,282,2.127659574468085,3.1914893617021276,0.7092198581560284,2.8368794326241136,7.446808510638298,1.0,0.0,0.0,0.0,1,14.285714285714285,0.0,0.0,0.0,14.285714285714285,6,10,8,2,23,641,0.93603744149766,1.5600624024960998,0.31201248049922,1.24804992199688,3.58814352574103,0.0,0.0,0.0,0.0,0.0,2.0,0.0,0.0,0.0,0.0,0.0
1370,1,3,0,4,0,7,259,1.1583011583011582,0.0,0.0,1.5444015444015444,2.7027027027027026,0.0,0.0,0.0,0.0,0,0.0,0.0,0.0,0.0,0.0,3,0,4,0,7,716,0.41899441340782123,0.0,0.0,0.5586592178770949,0.9776536312849162,0.0,0.0,0.0,0.0,0.0,19.0,0.0,0.0,0.0,0.0,0.0
1371,1,6,1,5,1,10,265,2.2641509433962264,0.37735849056603776,0.37735849056603776,1.8867924528301887,3.7735849056603774,0.0,0.0,0.0,0.0,0,0.0,0.0,0.0,0.0,0.0,6,1,5,1,10,650,0.9230769230769231,0.15384615384615385,0.15384615384615385,0.7692307692307693,1.5384615384615385,0.0,0.0,0.0,0.0,0.0,10.0,0.0,0.0,0.0,0.0,0.0
1372,1,3,0,5,0,7,295,1.0169491525423728,0.0,0.0,1.694915254237288,2.3728813559322033,0.0,1.0,0.0,0.0,1,0.0,14.285714285714285,0.0,0.0,14.285714285714285,3,0,5,0,7,784,0.3826530612244898,0.0,0.0,0.6377551020408163,0.8928571428571428,0.0,0.0,0.0,0.0,0.0,16.0,0.0,0.0,0.0,0.0,0.0
1373,1,33,17,45,16,71,223,14.798206278026907,7.623318385650224,7.174887892376682,20.179372197309416,31.838565022421523,0.0,0.0,0.0,0.0,0,0.0,0.0,0.0,0.0,0.0,36,17,50,17,85,514,7.003891050583658,3.3073929961089497,3.3073929961089497,9.72762645914397,16.536964980544745,,,,,,,,,,,
1374,1,38,59,0,67,70,256,14.84375,23.046875,26.171875,0.0,27.34375,0.0,0.0,0.0,0.0,0,0.0,0.0,0.0,0.0,0.0,54,80,0,105,120,566,9.540636042402827,14.13427561837456,18.551236749116608,0.0,21.20141342756184,0.0,0.0,0.0,0.0,0.0,3.0,0.0,0.0,0.0,0.0,0.0
1375,1,2,1,0,0,3,271,0.7380073800738007,0.36900369003690037,0.0,0.0,1.107011070110701,0.0,0.0,0.0,0.0,0,0.0,0.0,0.0,0.0,0.0,2,1,0,0,3,651,0.30721966205837176,0.15360983102918588,0.0,0.0,0.4608294930875576,,,,,,,,,,,
1376,1,3,5,1,0,9,277,1.083032490974729,1.8050541516245486,0.0,0.36101083032490977,3.2490974729241873,0.0,0.0,0.0,0.0,0,0.0,0.0,0.0,0.0,0.0,3,5,1,0,9,855,0.3508771929824561,0.5847953216374269,0.0,0.11695906432748539,1.0526315789473684,0.0,0.0,0.0,0.0,0.0,25.0,0.0,0.0,0.0,0.0,0.0
1377,1,2,0,0,0,2,271,0.7380073800738007,0.0,0.0,0.0,0.7380073800738007,0.0,0.0,0.0,0.0,0,0.0,0.0,0.0,0.0,0.0,2,0,0,0,2,717,0.2789400278940028,0.0,0.0,0.0,0.2789400278940028,,,,,,,,,,,
1378,1,17,7,29,34,64,273,6.227106227106227,2.564102564102564,12.454212454212454,10.622710622710622,23.44322344322344,0.0,0.0,0.0,0.0,0,0.0,0.0,0.0,0.0,0.0,19,7,34,36,77,688,2.761627906976744,1.0174418604651163,5.232558139534884,4.941860465116279,11.19186046511628,,,,,,,,,,,
1380,1,2,4,4,0,8,301,0.6644518272425249,1.3289036544850499,0.0,1.3289036544850499,2.6578073089700998,0.0,0.0,0.0,0.0,0,0.0,0.0,0.0,0.0,0.0,2,4,4,0,9,818,0.24449877750611246,0.4889975550122249,0.0,0.4889975550122249,1.1002444987775062,0.0,0.0,0.0,0.0,0.0,21.0,0.0,0.0,0.0,0.0,0.0
1382,1,10,2,15,0,23,306,3.2679738562091507,0.6535947712418301,0.0,4.901960784313726,7.516339869281046,0.0,0.0,0.0,0.0,0,0.0,0.0,0.0,0.0,0.0,10,2,17,0,26,874,1.1441647597254003,0.2288329519450801,0.0,1.9450800915331807,2.9748283752860414,0.0,0.0,0.0,0.0,0.0,2.0,0.0,0.0,0.0,0.0,0.0
1385,1,0,2,1,3,6,249,0.0,0.8032128514056224,1.2048192771084338,0.4016064257028112,2.4096385542168677,0.0,0.0,0.0,0.0,0,0.0,0.0,0.0,0.0,0.0,0,2,1,3,6,623,0.0,0.32102728731942215,0.4815409309791332,0.16051364365971107,0.9630818619582664,0.0,1.0,0.0,0.0,1.0,18.0,0.0,5.555555555555555,0.0,0.0,5.555555555555555
1388,1,7,3,6,4,16,305,2.2950819672131146,0.9836065573770493,1.3114754098360655,1.9672131147540985,5.245901639344262,0.0,0.0,0.0,0.0,0,0.0,0.0,0.0,0.0,0.0,8,3,6,4,17,780,1.0256410256410255,0.38461538461538464,0.5128205128205128,0.7692307692307693,2.1794871794871793,0.0,0.0,0.0,0.0,0.0,1.0,0.0,0.0,0.0,0.0,0.0
1389,1,1,0,0,0,1,312,0.3205128205128205,0.0,0.0,0.0,0.3205128205128205,0.0,0.0,0.0,0.0,0,0.0,0.0,0.0,0.0,0.0,1,0,0,0,1,593,0.16863406408094433,0.0,0.0,0.0,0.16863406408094433,0.0,0.0,0.0,0.0,0.0,12.0,0.0,0.0,0.0,0.0,0.0
1391,1,20,24,17,1,40,256,7.8125,9.375,0.390625,6.640625,15.625,0.0,0.0,0.0,0.0,0,0.0,0.0,0.0,0.0,0.0,26,27,20,1,50,718,3.6211699164345403,3.7604456824512535,0.1392757660167131,2.785515320334262,6.963788300835655,0.0,0.0,0.0,0.0,0.0,20.0,0.0,0.0,0.0,0.0,0.0
1395,1,1,3,2,1,7,184,0.5434782608695652,1.6304347826086956,0.5434782608695652,1.0869565217391304,3.804347826086957,0.0,0.0,0.0,0.0,0,0.0,0.0,0.0,0.0,0.0,1,3,2,1,7,552,0.18115942028985507,0.5434782608695652,0.18115942028985507,0.36231884057971014,1.2681159420289856,0.0,0.0,0.0,0.0,0.0,23.0,0.0,0.0,0.0,0.0,0.0
1396,1,17,2,28,8,38,223,7.623318385650224,0.8968609865470852,3.587443946188341,12.556053811659194,17.040358744394617,0.0,0.0,0.0,0.0,0,0.0,0.0,0.0,0.0,0.0,20,2,31,9,50,597,3.350083752093802,0.33500837520938026,1.507537688442211,5.192629815745393,8.375209380234507,0.0,0.0,1.0,0.0,1.0,20.0,0.0,0.0,0.0,5.0,5.0
1397,1,24,2,5,1,28,249,9.63855421686747,0.8032128514056224,0.4016064257028112,2.0080321285140563,11.244979919678714,2.0,0.0,0.0,0.0,2,28.57142857142857,0.0,0.0,0.0,28.57142857142857,27,2,5,1,33,688,3.9244186046511627,0.29069767441860467,0.14534883720930233,0.7267441860465116,4.796511627906977,0.0,0.0,0.0,0.0,0.0,21.0,0.0,0.0,0.0,0.0,0.0
1398,1,5,2,9,8,18,257,1.9455252918287937,0.7782101167315175,3.11284046692607,3.501945525291829,7.003891050583658,1.0,0.0,0.0,0.0,1,14.285714285714285,0.0,0.0,0.0,14.285714285714285,6,2,10,8,20,667,0.8995502248875562,0.29985007496251875,1.199400299850075,1.4992503748125936,2.998500749625187,0.0,0.0,0.0,0.0,0.0,19.0,0.0,0.0,0.0,0.0,0.0
1399,1,6,6,2,0,11,254,2.3622047244094486,2.3622047244094486,0.0,0.7874015748031495,4.330708661417323,2.0,0.0,1.0,0.0,3,28.57142857142857,0.0,0.0,14.285714285714285,42.857142857142854,7,6,2,0,12,701,0.9985734664764622,0.8559201141226819,0.0,0.28530670470756064,1.7118402282453637,0.0,0.0,0.0,0.0,0.0,19.0,0.0,0.0,0.0,0.0,0.0
1400,1,1,1,4,0,6,231,0.4329004329004329,0.4329004329004329,0.0,1.7316017316017316,2.5974025974025974,1.0,0.0,0.0,0.0,1,14.285714285714285,0.0,0.0,0.0,14.285714285714285,1,1,4,0,6,585,0.17094017094017094,0.17094017094017094,0.0,0.6837606837606838,1.0256410256410255,0.0,0.0,0.0,0.0,0.0,21.0,0.0,0.0,0.0,0.0,0.0
1401,1,33,7,5,0,38,251,13.147410358565736,2.788844621513944,0.0,1.9920318725099602,15.139442231075698,0.0,0.0,0.0,1.0,1,0.0,0.0,14.285714285714285,0.0,14.285714285714285,39,7,5,0,48,634,6.151419558359621,1.1041009463722398,0.0,0.7886435331230284,7.570977917981073,0.0,0.0,0.0,0.0,0.0,18.0,0.0,0.0,0.0,0.0,0.0
1404,1,2,0,11,1,13,256,0.78125,0.0,0.390625,4.296875,5.078125,0.0,0.0,0.0,0.0,0,0.0,0.0,0.0,0.0,0.0,2,0,13,1,16,953,0.2098635886673662,0.0,0.1049317943336831,1.3641133263378804,1.6789087093389297,0.0,0.0,0.0,0.0,0.0,30.0,0.0,0.0,0.0,0.0,0.0
1405,1,3,0,2,8,11,166,1.8072289156626504,0.0,4.819277108433735,1.2048192771084338,6.626506024096386,0.0,0.0,0.0,0.0,0,0.0,0.0,0.0,0.0,0.0,3,0,2,9,13,570,0.5263157894736842,0.0,1.5789473684210527,0.3508771929824561,2.280701754385965,0.0,0.0,0.0,0.0,0.0,22.0,0.0,0.0,0.0,0.0,0.0
1406,1,3,20,11,6,35,212,1.4150943396226416,9.433962264150944,2.8301886792452833,5.188679245283019,16.50943396226415,0.0,0.0,0.0,0.0,0,0.0,0.0,0.0,0.0,0.0,3,22,11,6,40,559,0.5366726296958855,3.9355992844364938,1.073345259391771,1.9677996422182469,7.155635062611807,0.0,3.0,1.0,0.0,4.0,18.0,0.0,16.666666666666664,0.0,5.555555555555555,22.22222222222222
1407,1,95,89,57,8,117,215,44.18604651162791,41.3953488372093,3.7209302325581395,26.51162790697674,54.418604651162795,0.0,0.0,0.0,0.0,0,0.0,0.0,0.0,0.0,0.0,172,142,83,9,228,572,30.069930069930066,24.825174825174827,1.5734265734265735,14.51048951048951,39.86013986013986,0.0,0.0,0.0,0.0,0.0,19.0,0.0,0.0,0.0,0.0,0.0
1409,1,4,1,6,0,11,180,2.2222222222222223,0.5555555555555556,0.0,3.3333333333333335,6.111111111111111,0.0,0.0,0.0,0.0,0,0.0,0.0,0.0,0.0,0.0,4,1,6,0,11,570,0.7017543859649122,0.17543859649122806,0.0,1.0526315789473684,1.9298245614035088,0.0,0.0,1.0,0.0,1.0,25.0,0.0,0.0,0.0,4.0,4.0
1410,1,3,4,1,4,7,252,1.1904761904761905,1.5873015873015872,1.5873015873015872,0.3968253968253968,2.7777777777777777,0.0,0.0,0.0,0.0,0,0.0,0.0,0.0,0.0,0.0,3,5,1,4,8,635,0.47244094488188976,0.7874015748031495,0.6299212598425197,0.15748031496062992,1.2598425196850394,0.0,0.0,0.0,0.0,0.0,18.0,0.0,0.0,0.0,0.0,0.0
1412,1,1,16,11,7,31,200,0.5,8.0,3.5000000000000004,5.5,15.5,0.0,0.0,0.0,0.0,0,0.0,0.0,0.0,0.0,0.0,1,17,12,7,34,541,0.18484288354898337,3.1423290203327174,1.2939001848428837,2.2181146025878005,6.284658040665435,0.0,1.0,0.0,1.0,1.0,17.0,0.0,5.88235294117647,5.88235294117647,0.0,5.88235294117647
1414,1,5,5,8,1,17,267,1.8726591760299627,1.8726591760299627,0.37453183520599254,2.9962546816479403,6.367041198501873,0.0,0.0,0.0,0.0,0,0.0,0.0,0.0,0.0,0.0,5,5,8,1,18,715,0.6993006993006993,0.6993006993006993,0.13986013986013987,1.118881118881119,2.5174825174825175,1.0,0.0,0.0,0.0,1.0,14.0,7.142857142857142,0.0,0.0,0.0,7.142857142857142
1417,1,10,4,1,1,14,222,4.504504504504505,1.8018018018018018,0.45045045045045046,0.45045045045045046,6.306306306306306,0.0,0.0,0.0,0.0,0,0.0,0.0,0.0,0.0,0.0,11,4,1,1,15,619,1.7770597738287561,0.6462035541195477,0.16155088852988692,0.16155088852988692,2.4232633279483036,0.0,0.0,0.0,0.0,0.0,21.0,0.0,0.0,0.0,0.0,0.0
1418,1,18,28,25,8,43,121,14.87603305785124,23.140495867768596,6.6115702479338845,20.66115702479339,35.53719008264463,0.0,0.0,0.0,0.0,0,0.0,0.0,0.0,0.0,0.0,19,32,31,11,55,266,7.142857142857142,12.030075187969924,4.135338345864661,11.654135338345863,20.676691729323306,0.0,0.0,0.0,0.0,0.0,17.0,0.0,0.0,0.0,0.0,0.0
1419,1,4,0,5,2,7,235,1.702127659574468,0.0,0.851063829787234,2.127659574468085,2.9787234042553195,0.0,0.0,0.0,0.0,0,0.0,0.0,0.0,0.0,0.0,4,0,6,2,8,540,0.7407407407407408,0.0,0.3703703703703704,1.1111111111111112,1.4814814814814816,0.0,0.0,0.0,0.0,0.0,14.0,0.0,0.0,0.0,0.0,0.0
1422,1,0,0,0,1,1,251,0.0,0.0,0.398406374501992,0.0,0.398406374501992,0.0,0.0,0.0,0.0,0,0.0,0.0,0.0,0.0,0.0,0,0,0,1,1,668,0.0,0.0,0.14970059880239522,0.0,0.14970059880239522,0.0,0.0,0.0,1.0,1.0,16.0,0.0,0.0,6.25,0.0,6.25
1423,1,12,15,17,6,35,195,6.153846153846154,7.6923076923076925,3.076923076923077,8.717948717948717,17.94871794871795,0.0,0.0,0.0,0.0,0,0.0,0.0,0.0,0.0,0.0,13,16,18,7,38,531,2.4482109227871938,3.0131826741996233,1.3182674199623352,3.389830508474576,7.1563088512241055,1.0,0.0,1.0,0.0,2.0,20.0,5.0,0.0,0.0,5.0,10.0
1424,1,7,1,13,3,20,179,3.910614525139665,0.5586592178770949,1.675977653631285,7.262569832402235,11.1731843575419,0.0,0.0,0.0,0.0,0,0.0,0.0,0.0,0.0,0.0,7,1,14,3,22,538,1.3011152416356877,0.18587360594795538,0.5576208178438662,2.6022304832713754,4.089219330855019,0.0,0.0,0.0,1.0,1.0,22.0,0.0,0.0,4.545454545454546,0.0,4.545454545454546
1425,1,9,5,6,3,19,147,6.122448979591836,3.4013605442176873,2.0408163265306123,4.081632653061225,12.925170068027212,0.0,0.0,0.0,0.0,0,0.0,0.0,0.0,0.0,0.0,10,5,6,3,21,407,2.457002457002457,1.2285012285012284,0.7371007371007371,1.4742014742014742,5.159705159705159,0.0,0.0,0.0,0.0,0.0,18.0,0.0,0.0,0.0,0.0,0.0
1427,1,8,4,13,1,17,56,14.285714285714285,7.142857142857142,1.7857142857142856,23.214285714285715,30.357142857142854,0.0,0.0,0.0,0.0,0,0.0,0.0,0.0,0.0,0.0,9,4,14,1,20,134,6.7164179104477615,2.9850746268656714,0.7462686567164178,10.44776119402985,14.925373134328357,0.0,0.0,0.0,0.0,0.0,15.0,0.0,0.0,0.0,0.0,0.0
1429,1,0,0,4,0,4,203,0.0,0.0,0.0,1.9704433497536946,1.9704433497536946,0.0,0.0,0.0,0.0,0,0.0,0.0,0.0,0.0,0.0,0,0,6,0,6,583,0.0,0.0,0.0,1.0291595197255576,1.0291595197255576,0.0,0.0,0.0,0.0,0.0,21.0,0.0,0.0,0.0,0.0,0.0
1430,1,3,0,7,0,8,184,1.6304347826086956,0.0,0.0,3.804347826086957,4.3478260869565215,0.0,0.0,0.0,0.0,0,0.0,0.0,0.0,0.0,0.0,3,0,7,0,8,486,0.6172839506172839,0.0,0.0,1.440329218106996,1.646090534979424,0.0,0.0,1.0,0.0,1.0,18.0,0.0,0.0,0.0,5.555555555555555,5.555555555555555
1432,1,2,0,3,0,5,92,2.1739130434782608,0.0,0.0,3.260869565217391,5.434782608695652,0.0,0.0,0.0,0.0,0,0.0,0.0,0.0,0.0,0.0,2,0,3,0,5,246,0.8130081300813009,0.0,0.0,1.2195121951219512,2.0325203252032518,0.0,0.0,0.0,0.0,0.0,20.0,0.0,0.0,0.0,0.0,0.0
1433,1,1,0,4,3,8,195,0.5128205128205128,0.0,1.5384615384615385,2.051282051282051,4.102564102564102,0.0,0.0,0.0,0.0,0,0.0,0.0,0.0,0.0,0.0,1,0,4,3,8,601,0.16638935108153077,0.0,0.49916805324459235,0.6655574043261231,1.3311148086522462,0.0,0.0,0.0,0.0,0.0,21.0,0.0,0.0,0.0,0.0,0.0
1434,1,4,0,2,1,4,196,2.0408163265306123,0.0,0.5102040816326531,1.0204081632653061,2.0408163265306123,0.0,0.0,0.0,0.0,0,0.0,0.0,0.0,0.0,0.0,4,0,2,1,4,462,0.8658008658008658,0.0,0.21645021645021645,0.4329004329004329,0.8658008658008658,0.0,0.0,0.0,0.0,0.0,15.0,0.0,0.0,0.0,0.0,0.0
1435,1,1,0,5,0,6,130,0.7692307692307693,0.0,0.0,3.8461538461538463,4.615384615384616,0.0,0.0,0.0,0.0,0,0.0,0.0,0.0,0.0,0.0,1,0,6,0,7,341,0.2932551319648094,0.0,0.0,1.7595307917888565,2.0527859237536656,0.0,0.0,0.0,0.0,0.0,21.0,0.0,0.0,0.0,0.0,0.0
1436,1,2,0,1,0,3,206,0.9708737864077669,0.0,0.0,0.48543689320388345,1.4563106796116505,0.0,0.0,0.0,0.0,0,0.0,0.0,0.0,0.0,0.0,2,0,1,0,3,573,0.34904013961605584,0.0,0.0,0.17452006980802792,0.5235602094240838,0.0,0.0,0.0,0.0,0.0,22.0,0.0,0.0,0.0,0.0,0.0
1437,1,2,1,1,1,4,159,1.257861635220126,0.628930817610063,0.628930817610063,0.628930817610063,2.515723270440252,0.0,0.0,0.0,0.0,0,0.0,0.0,0.0,0.0,0.0,2,1,1,1,4,359,0.5571030640668524,0.2785515320334262,0.2785515320334262,0.2785515320334262,1.1142061281337048,0.0,0.0,0.0,0.0,0.0,16.0,0.0,0.0,0.0,0.0,0.0
1440,1,3,0,2,0,5,149,2.013422818791946,0.0,0.0,1.342281879194631,3.3557046979865772,0.0,0.0,0.0,0.0,0,0.0,0.0,0.0,0.0,0.0,4,0,2,0,6,469,0.8528784648187633,0.0,0.0,0.42643923240938164,1.279317697228145,0.0,0.0,0.0,0.0,0.0,20.0,0.0,0.0,0.0,0.0,0.0
1442,1,2,2,3,0,6,165,1.2121212121212122,1.2121212121212122,0.0,1.8181818181818181,3.6363636363636362,0.0,0.0,0.0,0.0,0,0.0,0.0,0.0,0.0,0.0,2,2,4,0,7,412,0.48543689320388345,0.48543689320388345,0.0,0.9708737864077669,1.6990291262135921,0.0,0.0,0.0,0.0,0.0,19.0,0.0,0.0,0.0,0.0,0.0
1443,1,2,0,0,0,2,113,1.7699115044247788,0.0,0.0,0.0,1.7699115044247788,0.0,0.0,0.0,0.0,0,0.0,0.0,0.0,0.0,0.0,2,0,0,0,2,272,0.7352941176470588,0.0,0.0,0.0,0.7352941176470588,0.0,0.0,0.0,0.0,0.0,19.0,0.0,0.0,0.0,0.0,0.0
1447,1,21,9,22,8,35,162,12.962962962962962,5.555555555555555,4.938271604938271,13.580246913580247,21.604938271604937,0.0,0.0,0.0,0.0,0,0.0,0.0,0.0,0.0,0.0,25,10,30,10,45,447,5.592841163310962,2.237136465324385,2.237136465324385,6.7114093959731544,10.06711409395973,0.0,0.0,0.0,0.0,0.0,24.0,0.0,0.0,0.0,0.0,0.0
1449,1,2,1,2,0,4,131,1.5267175572519083,0.7633587786259541,0.0,1.5267175572519083,3.0534351145038165,0.0,0.0,0.0,0.0,0,0.0,0.0,0.0,0.0,0.0,2,1,2,0,4,353,0.56657223796034,0.28328611898017,0.0,0.56657223796034,1.13314447592068,0.0,0.0,0.0,0.0,0.0,18.0,0.0,0.0,0.0,0.0,0.0
1451,1,1,25,3,47,69,146,0.684931506849315,17.123287671232877,32.19178082191781,2.054794520547945,47.26027397260274,0.0,0.0,0.0,0.0,0,0.0,0.0,0.0,0.0,0.0,1,30,3,65,96,467,0.21413276231263384,6.423982869379015,13.9186295503212,0.6423982869379015,20.556745182012847,0.0,1.0,0.0,10.0,11.0,22.0,0.0,4.545454545454546,45.45454545454545,0.0,50.0
1453,1,13,0,18,3,26,93,13.978494623655912,0.0,3.225806451612903,19.35483870967742,27.956989247311824,0.0,0.0,0.0,0.0,0,0.0,0.0,0.0,0.0,0.0,13,0,21,3,30,259,5.019305019305019,0.0,1.1583011583011582,8.108108108108109,11.583011583011583,0.0,0.0,0.0,0.0,0.0,23.0,0.0,0.0,0.0,0.0,0.0
1454,1,1,1,4,1,7,109,0.9174311926605505,0.9174311926605505,0.9174311926605505,3.669724770642202,6.422018348623854,0.0,0.0,0.0,0.0,0,0.0,0.0,0.0,0.0,0.0,1,1,4,1,7,270,0.3703703703703704,0.3703703703703704,0.3703703703703704,1.4814814814814816,2.5925925925925926,0.0,0.0,0.0,0.0,0.0,20.0,0.0,0.0,0.0,0.0,0.0
1455,1,0,2,4,0,6,137,0.0,1.4598540145985401,0.0,2.9197080291970803,4.37956204379562,0.0,0.0,0.0,0.0,0,0.0,0.0,0.0,0.0,0.0,0,2,4,0,6,344,0.0,0.5813953488372093,0.0,1.1627906976744187,1.744186046511628,0.0,0.0,0.0,0.0,0.0,22.0,0.0,0.0,0.0,0.0,0.0
1456,1,1,0,2,1,4,131,0.7633587786259541,0.0,0.7633587786259541,1.5267175572519083,3.0534351145038165,0.0,0.0,0.0,0.0,0,0.0,0.0,0.0,0.0,0.0,1,0,2,1,4,413,0.24213075060532688,0.0,0.24213075060532688,0.48426150121065376,0.9685230024213075,0.0,0.0,0.0,0.0,0.0,23.0,0.0,0.0,0.0,0.0,0.0
1457,1,5,0,7,0,9,38,13.157894736842104,0.0,0.0,18.421052631578945,23.684210526315788,0.0,0.0,0.0,0.0,0,0.0,0.0,0.0,0.0,0.0,5,0,7,0,10,108,4.62962962962963,0.0,0.0,6.481481481481481,9.25925925925926,3.0,0.0,1.0,0.0,3.0,23.0,13.043478260869565,0.0,0.0,4.3478260869565215,13.043478260869565
1458,1,10,2,9,3,16,52,19.230769230769234,3.8461538461538463,5.769230769230769,17.307692307692307,30.76923076923077,0.0,0.0,0.0,0.0,0,0.0,0.0,0.0,0.0,0.0,11,2,12,4,22,129,8.527131782945736,1.550387596899225,3.10077519379845,9.30232558139535,17.05426356589147,0.0,0.0,0.0,0.0,0.0,24.0,0.0,0.0,0.0,0.0,0.0
1460,1,4,2,2,1,8,107,3.7383177570093453,1.8691588785046727,0.9345794392523363,1.8691588785046727,7.476635514018691,0.0,0.0,0.0,0.0,0,0.0,0.0,0.0,0.0,0.0,4,2,2,1,8,286,1.3986013986013985,0.6993006993006993,0.34965034965034963,0.6993006993006993,2.797202797202797,0.0,0.0,0.0,0.0,0.0,23.0,0.0,0.0,0.0,0.0,0.0
1461,1,3,1,2,1,4,74,4.054054054054054,1.3513513513513513,1.3513513513513513,2.7027027027027026,5.405405405405405,0.0,0.0,0.0,0.0,0,0.0,0.0,0.0,0.0,0.0,3,1,2,1,4,224,1.3392857142857142,0.4464285714285714,0.4464285714285714,0.8928571428571428,1.7857142857142856,0.0,0.0,0.0,0.0,0.0,20.0,0.0,0.0,0.0,0.0,0.0
1462,1,2,0,0,0,2,17,11.76470588235294,0.0,0.0,0.0,11.76470588235294,0.0,0.0,0.0,0.0,0,0.0,0.0,0.0,0.0,0.0,2,0,0,0,2,40,5.0,0.0,0.0,0.0,5.0,1.0,0.0,0.0,0.0,1.0,18.0,5.555555555555555,0.0,0.0,0.0,5.555555555555555
1463,1,1,2,0,0,3,72,1.3888888888888888,2.7777777777777777,0.0,0.0,4.166666666666666,0.0,0.0,0.0,0.0,0,0.0,0.0,0.0,0.0,0.0,1,2,0,0,3,149,0.6711409395973155,1.342281879194631,0.0,0.0,2.013422818791946,0.0,0.0,0.0,0.0,0.0,15.0,0.0,0.0,0.0,0.0,0.0
1465,1,0,0,2,9,10,107,0.0,0.0,8.411214953271028,1.8691588785046727,9.345794392523365,0.0,0.0,0.0,0.0,0,0.0,0.0,0.0,0.0,0.0,0,0,2,10,11,262,0.0,0.0,3.816793893129771,0.7633587786259541,4.198473282442748,0.0,0.0,0.0,3.0,3.0,22.0,0.0,0.0,13.636363636363635,0.0,13.636363636363635
1468,1,7,0,4,0,9,77,9.090909090909092,0.0,0.0,5.194805194805195,11.688311688311687,0.0,0.0,0.0,0.0,0,0.0,0.0,0.0,0.0,0.0,7,0,4,0,9,185,3.783783783783784,0.0,0.0,2.1621621621621623,4.864864864864865,0.0,0.0,0.0,0.0,0.0,18.0,0.0,0.0,0.0,0.0,0.0
1470,1,0,1,4,3,5,39,0.0,2.564102564102564,7.6923076923076925,10.256410256410255,12.82051282051282,0.0,0.0,0.0,0.0,0,0.0,0.0,0.0,0.0,0.0,0,1,4,3,6,116,0.0,0.8620689655172413,2.586206896551724,3.4482758620689653,5.172413793103448,0.0,0.0,1.0,0.0,1.0,28.0,0.0,0.0,0.0,3.571428571428571,3.571428571428571
1471,1,2,3,3,1,6,44,4.545454545454546,6.8181818181818175,2.272727272727273,6.8181818181818175,13.636363636363635,0.0,0.0,0.0,0.0,0,0.0,0.0,0.0,0.0,0.0,2,3,3,1,6,116,1.7241379310344827,2.586206896551724,0.8620689655172413,2.586206896551724,5.172413793103448,0.0,1.0,0.0,0.0,1.0,23.0,0.0,4.3478260869565215,0.0,0.0,4.3478260869565215
1472,1,19,5,16,6,27,60,31.666666666666664,8.333333333333332,10.0,26.666666666666668,45.0,0.0,0.0,0.0,0.0,0,0.0,0.0,0.0,0.0,0.0,24,7,22,6,40,151,15.894039735099339,4.635761589403973,3.9735099337748347,14.56953642384106,26.490066225165563,1.0,0.0,0.0,0.0,1.0,18.0,5.555555555555555,0.0,0.0,0.0,5.555555555555555
1473,1,0,0,0,0,0,21,0.0,0.0,0.0,0.0,0.0,0.0,0.0,0.0,0.0,0,0.0,0.0,0.0,0.0,0.0,0,0,0,0,0,46,0.0,0.0,0.0,0.0,0.0,0.0,0.0,0.0,0.0,0.0,16.0,0.0,0.0,0.0,0.0,0.0
1474,1,0,1,0,0,1,73,0.0,1.36986301369863,0.0,0.0,1.36986301369863,0.0,0.0,0.0,0.0,0,0.0,0.0,0.0,0.0,0.0,0,1,0,0,1,189,0.0,0.5291005291005291,0.0,0.0,0.5291005291005291,0.0,0.0,0.0,0.0,0.0,20.0,0.0,0.0,0.0,0.0,0.0
1475,1,1,0,0,0,1,39,2.564102564102564,0.0,0.0,0.0,2.564102564102564,0.0,0.0,0.0,0.0,0,0.0,0.0,0.0,0.0,0.0,1,0,0,0,1,82,1.2195121951219512,0.0,0.0,0.0,1.2195121951219512,0.0,0.0,0.0,0.0,0.0,16.0,0.0,0.0,0.0,0.0,0.0
1476,1,3,5,6,3,10,33,9.090909090909092,15.151515151515152,9.090909090909092,18.181818181818183,30.303030303030305,0.0,0.0,0.0,0.0,0,0.0,0.0,0.0,0.0,0.0,3,5,7,3,13,88,3.4090909090909087,5.681818181818182,3.4090909090909087,7.954545454545454,14.772727272727273,1.0,1.0,3.0,0.0,5.0,24.0,4.166666666666666,4.166666666666666,0.0,12.5,20.833333333333336
1477,1,0,1,2,0,3,72,0.0,1.3888888888888888,0.0,2.7777777777777777,4.166666666666666,0.0,0.0,0.0,0.0,0,0.0,0.0,0.0,0.0,0.0,0,1,2,0,3,190,0.0,0.5263157894736842,0.0,1.0526315789473684,1.5789473684210527,0.0,0.0,0.0,0.0,0.0,21.0,0.0,0.0,0.0,0.0,0.0
1478,1,0,1,5,1,6,72,0.0,1.3888888888888888,1.3888888888888888,6.944444444444445,8.333333333333332,0.0,0.0,0.0,0.0,0,0.0,0.0,0.0,0.0,0.0,0,1,5,1,6,226,0.0,0.4424778761061947,0.4424778761061947,2.2123893805309733,2.6548672566371683,0.0,0.0,0.0,0.0,0.0,23.0,0.0,0.0,0.0,0.0,0.0
1479,1,0,0,0,0,0,4,0.0,0.0,0.0,0.0,0.0,0.0,0.0,0.0,0.0,0,0.0,0.0,0.0,0.0,0.0,0,0,0,0,0,9,0.0,0.0,0.0,0.0,0.0,0.0,0.0,0.0,0.0,0.0,7.0,0.0,0.0,0.0,0.0,0.0
1480,1,0,0,0,1,1,27,0.0,0.0,3.7037037037037033,0.0,3.7037037037037033,0.0,0.0,0.0,0.0,0,0.0,0.0,0.0,0.0,0.0,0,0,0,1,1,57,0.0,0.0,1.7543859649122806,0.0,1.7543859649122806,0.0,0.0,0.0,1.0,1.0,15.0,0.0,0.0,6.666666666666667,0.0,6.666666666666667
1483,1,0,2,1,0,2,23,0.0,8.695652173913043,0.0,4.3478260869565215,8.695652173913043,0.0,0.0,0.0,0.0,0,0.0,0.0,0.0,0.0,0.0,0,2,1,0,2,57,0.0,3.508771929824561,0.0,1.7543859649122806,3.508771929824561,0.0,1.0,1.0,0.0,1.0,24.0,0.0,4.166666666666666,0.0,4.166666666666666,4.166666666666666
1484,1,0,0,0,0,0,1,0.0,0.0,0.0,0.0,0.0,0.0,0.0,0.0,0.0,0,0.0,0.0,0.0,0.0,0.0,0,0,0,0,0,4,0.0,0.0,0.0,0.0,0.0,0.0,0.0,0.0,0.0,0.0,2.0,0.0,0.0,0.0,0.0,0.0
1485,1,2,1,1,0,3,22,9.090909090909092,4.545454545454546,0.0,4.545454545454546,13.636363636363635,0.0,0.0,0.0,0.0,0,0.0,0.0,0.0,0.0,0.0,2,1,1,0,3,64,3.125,1.5625,0.0,1.5625,4.6875,0.0,0.0,0.0,0.0,0.0,24.0,0.0,0.0,0.0,0.0,0.0
1486,1,4,1,3,3,7,64,6.25,1.5625,4.6875,4.6875,10.9375,0.0,0.0,0.0,0.0,0,0.0,0.0,0.0,0.0,0.0,4,1,3,3,7,171,2.3391812865497075,0.5847953216374269,1.7543859649122806,1.7543859649122806,4.093567251461988,0.0,0.0,0.0,0.0,0.0,22.0,0.0,0.0,0.0,0.0,0.0
1487,1,0,1,2,0,3,25,0.0,4.0,0.0,8.0,12.0,0.0,0.0,0.0,0.0,0,0.0,0.0,0.0,0.0,0.0,0,1,2,0,3,64,0.0,1.5625,0.0,3.125,4.6875,0.0,1.0,0.0,0.0,1.0,21.0,0.0,4.761904761904762,0.0,0.0,4.761904761904762
1489,1,0,0,0,0,0,8,0.0,0.0,0.0,0.0,0.0,0.0,0.0,0.0,0.0,0,0.0,0.0,0.0,0.0,0.0,0,0,0,0,0,18,0.0,0.0,0.0,0.0,0.0,0.0,0.0,0.0,0.0,0.0,15.0,0.0,0.0,0.0,0.0,0.0
1495,1,1,0,2,1,2,21,4.761904761904762,0.0,4.761904761904762,9.523809523809524,9.523809523809524,0.0,0.0,0.0,0.0,0,0.0,0.0,0.0,0.0,0.0,1,0,2,1,2,46,2.1739130434782608,0.0,2.1739130434782608,4.3478260869565215,4.3478260869565215,1.0,0.0,1.0,0.0,1.0,16.0,6.25,0.0,0.0,6.25,6.25
1501,1,16,13,14,9,17,21,76.19047619047619,61.904761904761905,42.857142857142854,66.66666666666666,80.95238095238095,0.0,0.0,0.0,0.0,0,0.0,0.0,0.0,0.0,0.0,24,17,22,13,28,43,55.81395348837209,39.53488372093023,30.23255813953488,51.162790697674424,65.11627906976744,7.0,6.0,6.0,5.0,7.0,14.0,50.0,42.857142857142854,35.714285714285715,42.857142857142854,50.0
1503,1,0,0,0,1,1,7,0.0,0.0,14.285714285714285,0.0,14.285714285714285,0.0,0.0,0.0,0.0,0,0.0,0.0,0.0,0.0,0.0,0,0,0,1,1,15,0.0,0.0,6.666666666666667,0.0,6.666666666666667,0.0,0.0,0.0,1.0,1.0,13.0,0.0,0.0,7.6923076923076925,0.0,7.6923076923076925
1504,1,0,0,0,0,0,12,0.0,0.0,0.0,0.0,0.0,0.0,0.0,0.0,0.0,0,0.0,0.0,0.0,0.0,0.0,0,0,0,0,0,24,0.0,0.0,0.0,0.0,0.0,0.0,0.0,0.0,0.0,0.0,14.0,0.0,0.0,0.0,0.0,0.0
1507,1,2,0,0,0,2,7,28.57142857142857,0.0,0.0,0.0,28.57142857142857,0.0,0.0,0.0,0.0,0,0.0,0.0,0.0,0.0,0.0,2,0,0,0,2,15,13.333333333333334,0.0,0.0,0.0,13.333333333333334,2.0,0.0,0.0,0.0,2.0,13.0,15.384615384615385,0.0,0.0,0.0,15.384615384615385
1511,1,1,1,1,2,2,3,33.33333333333333,33.33333333333333,66.66666666666666,33.33333333333333,66.66666666666666,0.0,0.0,0.0,0.0,0,0.0,0.0,0.0,0.0,0.0,1,1,1,2,2,7,14.285714285714285,14.285714285714285,28.57142857142857,14.285714285714285,28.57142857142857,0.0,0.0,0.0,1.0,1.0,5.0,0.0,0.0,20.0,0.0,20.0
