cow,udder_vol,lf_vol,rf_vol,lb_vol,rb_vol,udder_sarea,lf_sarea,rf_sarea,lb_sarea,rb_sarea,front_eu,back_eu,right_eu,left_eu,front_gd,back_gd,right_gd,left_gd,udder_peri,udder_area,udder_circ,udder_exc,lf_peri,lf_area,lf_circ,lf_exc,rf_peri,rf_area,rf_circ,rf_exc,lb_peri,lb_area,lb_circ,lb_exc,rb_peri,rb_area,rb_circ,rb_exc,lf_len,rf_len,lb_len,rb_len,missing
962,7.308129729173848,5.573957541887206,4.085820276402695,1.1114116428574283,1.092560294833564,2033.4555837360435,670.8227464738211,804.5705321533461,370.2807496676978,328.1481805136305,17.81899546480697,7.572529289147017,19.782035178265044,21.64846066170968,33.57345374640323,15.329586713718875,21.432438577747572,29.70357006484138,1011.7743041713136,64238.704545454544,0.7747024483411966,0.5963755089260108,852.4173516239526,20772.302325581397,0.69746011405273,0.6393726931073498,621.3574311003805,22633.0,0.7364511621625883,0.7597342027347302,542.5107140124046,15590.0,0.6643836185118361,0.6483970272854416,505.2741699796952,12677.0,0.6235820375688348,0.7222363281825958,42.45733244970958,42.9203525978536,37.86215491334518,33.77560387545945,0
1003,10.09257325604928,,2.765545720628146,0.7338385611748928,0.6617208809119408,2079.613915638713,,726.7609596914809,551.4155028981829,421.6658320400945,14.39014807976305,8.39771880700808,17.56699418600064,16.153134949280805,25.843397703743648,16.213415554747257,22.22571083233353,23.11755768155866,1078.6316010800756,72353.0,0.7821819967079864,0.614229373060916,,,,,658.8254685319159,26554.0,0.7676602699142149,0.5680850676888348,595.7716446627536,10162.19642857143,0.6481986131794384,0.6667850664446018,549.5767311903868,14590.0,0.6118838983072148,0.7453841085075606,,50.5522617584932,45.07526496921894,41.30409924243363,1
1023,5.71478345746605,1.621161904286881,1.6999280746746497,1.0399279237305148,0.9185184466962032,1950.0882188323585,590.2414754879745,618.2521601280478,416.5172867456369,402.92971799759954,17.495512389638932,7.698302997872322,24.10803913562395,24.84622095816886,28.64552057449493,15.524940001808584,25.09615224441089,25.734496954674825,1004.38181771802,63911.0,0.7941578568742836,0.5876525285966997,527.3208511739211,16527.0,0.7492618138444672,0.6323527359062887,569.5756851698602,19119.0,0.7423722898661563,0.67467262596326,508.048773235279,14489.0,0.7043066244200418,0.6629297396322987,505.469083452062,13280.0,0.6548864219593112,0.5773820304935847,48.38712135075683,44.50049484184829,36.84477649421559,37.68154813458375,0
1061,8.568867840547767,3.3976858128382337,3.2028581191249583,0.7279018409338214,,2408.8638323787795,851.6362227615297,834.2170049938295,294.6345553617055,,13.27011098503577,7.943372545231877,15.75677177759506,13.268326623672522,25.27730337774826,15.37649098932368,21.65722420943739,17.90863325302403,1057.7615433949868,75677.0,0.7866153113330023,0.6046557625721969,713.7066735052979,25813.0,0.7261152686397013,0.6290438876099778,636.3929650063131,22520.0,0.7022119080157484,0.6035929542631274,458.5584412271571,9627.0,0.595592487174881,0.5786749828218534,,,,,38.25734973566109,49.5397394170046,25.44304017358624,,1
1074,8.226312229891251,3.949913653458976,1.996374416633472,1.375643035493214,0.793431656848649,2117.6607016158164,1062.524430198065,699.8787164779886,461.61076489256897,278.7098577981656,17.57360149849605,7.500773437798092,21.45402473258762,19.280326758436757,27.28108357975338,16.8647589745094,21.605180793980104,28.334032452554094,1028.2640687119283,67788.0,0.8065857930735808,0.6800792854026935,687.8366158202092,28806.0,0.7662431664749897,0.6095496209599829,564.2264427649427,15961.0,0.6382355832659058,0.8589012148732651,475.3807716974934,11705.0,0.655056670506862,0.5488491866837156,489.8477631085024,10742.0,0.5650889686978485,0.8560982229817673,44.53672367606391,42.9203525978536,34.78583432973903,33.77560387545945,0
1081,9.478594789784337,4.8004541639296985,3.181683452484661,0.8290212297487819,0.5933647354680847,2463.0798437386006,787.6250147083648,783.3901594937788,551.8267801388976,337.9215195438238,13.147271882764974,7.400913635264519,18.36429222687928,19.71520068322834,27.78946178662928,15.94029328165476,22.67958081191103,27.26245967021727,1173.8031739553294,83867.0,0.7630478030296478,0.5816698905147472,754.541197284454,32392.0,0.7140692185690887,0.7294858007135578,702.97875144394,26819.0,0.683042370688593,0.8040351792724539,470.57568516986026,13561.0,0.7651935002000329,0.4349319180922186,431.7411613907042,10606.0,0.7186332511011537,0.6822706735737544,43.04276272167831,50.10124418702952,45.33573915854256,40.27209617616273,0
1084,6.723700716846214,2.215566381630321,2.3727812296287514,0.8781321192171195,0.7843984869007803,1906.1535932255952,656.9575509429052,574.1090958023414,416.1194196022633,271.70275223954235,13.039555792189752,7.4559732192746395,20.99698754931575,14.871327080090783,21.87414107179972,12.600173640474786,22.60399160314605,20.107085085141293,1014.4858941188763,61709.5,0.7552906324607576,0.6898772032138323,582.250306372319,20421.5,0.7573101973949605,0.6926897568178663,566.2711216524904,18232.0,0.7146630755565946,0.8250253012253588,476.98380207782344,13486.0,0.7518651121536003,0.6516041006256426,414.6848122046001,9039.0,0.6618816621101702,0.7577535024794977,31.309323726557412,44.28290626536286,34.84333630870936,26.459850625462117,0
1089,8.459232116702184,3.4383739414655925,2.7781520414446605,0.9244405701427107,0.925373256638332,2170.740877627175,810.3783384545924,692.766176317715,320.67477445448344,381.5271014210228,14.288840195874949,6.474104351223612,18.749517563729064,16.67618625376405,29.97729313285592,13.881111714944597,22.41660726875196,22.65756458076825,1053.134126397017,71133.0,0.8065152968147613,0.6197077703524547,663.6711395993651,26611.0,0.756198369889961,0.7259096095242145,593.4751801064718,20625.0,0.7340389313564458,0.7442240663423341,436.63455967290594,10408.0,0.6852145283694633,0.6054758892138983,499.6406563273158,12939.0,0.6544370630341859,0.7146227925742864,48.85984787984727,51.98251148507871,36.927979705707,32.74114956148908,0
1098,7.619284320248025,3.1019538402640365,2.6423369057670727,0.8069935715027073,0.6082336700334248,2303.3847181989463,814.8832193735107,665.7525328593423,417.81981858272985,355.85510808329724,19.326862114244577,5.032730056011018,24.502936462304078,17.22545694927582,31.671376244945836,14.640972136893945,26.25439694902288,28.56479882019034,1011.7743041713136,64238.704545454544,0.7866153113330023,0.6046557625721969,722.7777413171634,31916.0,0.7699305138175974,0.5971899068482119,702.8843430349616,29244.0,0.7411399391830751,0.6829993485768852,527.2031021678298,15996.0,0.7347208647535293,0.584576456140091,512.0315292925759,13348.0,0.6381118568008433,0.6316454065819257,42.89385071952725,42.6787865210736,45.682466493949136,41.13237844839384,0
1100,7.6045362160295396,3.4003408943587665,2.871732798776601,0.6579431362450074,0.546071448962019,2037.443215482186,766.4557040374784,621.6320003896682,384.3062837552805,274.95044551965486,13.89906635926004,7.572529289147017,23.946778497040267,21.3448935794914,24.11102419446749,15.329586713718875,25.578766740412856,22.383107682991145,1154.3473298326137,71696.0,0.7866153113330023,0.6659661497476412,708.1980515339465,29861.0,0.733205438982397,0.731493387360985,644.2091988222396,20205.0,0.6026928024073976,0.8984926553798981,526.7594513539337,13707.0,0.630051103298726,0.4601768022479067,368.56958851545033,7411.0,0.7037872137545356,0.7503781068636,30.696688926704663,42.9203525978536,39.03419754899098,25.754763307288968,0
1102,8.658630891960433,4.072827894359751,2.6187533975060635,0.6852380575008675,0.6458548233889201,2339.550023049389,876.0386792211342,782.9963522294993,298.43834251555046,365.7810273759844,15.880683758287104,5.690712152384784,16.860539384302626,17.802492307286755,27.38457727351863,13.907078067505344,22.35813123566996,22.55784534025234,1011.7743041713136,85429.0,0.7498494481757545,0.6396588245213113,826.0559159102154,20772.302325581397,0.7015863513707813,0.79125178239043,669.2985565973348,24009.0,0.6873059440668603,0.7860964457818915,439.2203461105328,10287.0,0.674379355542861,0.5421889677323332,489.9898987322333,12526.0,0.6510570130283141,0.7973994130563553,54.18040855440474,42.9203525978536,37.16011683663263,35.985604428482695,0
1127,10.163407113884823,2.7717609107101198,2.8086495170409034,0.7338385611748928,0.6063749953055986,2306.2522319602085,1169.27471385995,742.6857296276676,459.1586919661893,158.7015406406724,13.10638558972704,9.94713940794401,17.106550894487913,17.6934189113439,25.25833017150648,13.214120846308496,20.657812334828513,20.740866132480953,1083.2590180780453,72477.0,0.7801192014731095,0.5392925859761095,835.6122650963194,34071.5,0.7261152686397013,0.6969951060992747,646.842712474619,22858.5,0.6968713211661639,0.8123311705218158,435.46298679765215,9894.5,0.7237122050110318,0.552544535995136,310.12846301849606,4579.0,0.6159960969706635,0.7449198454215138,46.96979865726118,36.83780953940946,21.29236259548483,24.00914521383924,0
1139,10.248961515131946,2.7717609107101198,2.617015605335534,1.0278874848008912,0.7401983156977605,2033.4555837360435,670.8227464738211,747.2629872395589,437.77053226981656,417.8094567600471,14.205755101215605,5.771234473674402,18.49821305096461,20.13723283592098,30.77086963783171,14.624117992896968,25.20264881096087,27.235028912087923,1148.9331162702408,81581.0,0.7776772227927882,0.5845826261032857,609.9538892174879,20772.302325581397,0.7261152686397013,0.5508509420733837,607.8305191657993,20331.0,0.693242659635649,0.8095817494085047,465.4274528917194,12404.0,0.7111693981553076,0.3988707230568997,464.9188309203679,9744.0,0.5638581283036164,0.7610328400703515,43.04276272167831,53.78596193495451,48.24266691038555,42.01701612019028,0
1144,7.308129729173848,4.828315339237046,2.765545720628146,0.7338385611748928,1.1410494865994387,2033.4555837360435,950.120959790362,918.6779964764672,526.7634953766388,330.1109361344154,17.838291671568975,8.193293589517456,21.59157343294784,20.879509565550723,33.11265346975157,18.114409355129197,29.24070205988697,29.417346611235097,1057.8376618407356,69102.0,0.7753731260087977,0.6918416299440088,653.7827919510468,25998.0,0.7604317224343752,0.7161004745401632,613.747258045114,20958.0,0.7001963367427056,0.8544908120317477,481.9066376115481,14052.0,0.7525314260870349,0.4486592634320916,403.7289680818844,7491.0,0.6042597571191237,0.8108825818920055,43.04276272167831,30.935547249203644,47.88267049891101,42.30828986822971,0
1148,7.308129729173848,4.70165474883063,3.8809282389132074,0.7338385611748928,0.8681219324553416,2592.6978093074213,925.0165750026624,803.9827710735519,370.2807496676978,213.0800626262184,20.26484164481483,7.239638250754915,17.858221643543608,17.22545694927582,33.32260548857498,18.247160248322576,26.58258225221425,30.63684746594145,1194.1879502661795,64238.704545454544,0.7775565840851183,0.5205712744502777,732.842712474619,30102.0,0.7033774446470578,0.687583540458948,673.8721497261419,26685.0,0.7390507900789662,0.7600412526765534,442.9167547350518,10162.19642857143,0.595000352086505,0.5858771950576679,384.07821048680194,8072.0,0.685564058585211,0.7390224497264165,43.92831059855721,54.34147074812125,31.52793401326929,38.26241919418692,0
1151,7.795235651834591,3.4527963051052373,1.8481252663604757,1.171835520194563,0.8532858830665766,2078.549506694256,837.4528504156997,461.74472236112615,430.7066040351124,370.4764522524979,18.603804531331264,4.201385408308052,23.400187196066888,17.22545694927582,29.39281443050423,10.37005909837568,23.985955646618773,26.70326947691248,1111.7615433949868,77424.0,0.7873642944302387,0.7048439160713191,722.6589462905454,29788.0,0.7108672827214887,0.687583540458948,523.5462479183374,14889.0,0.6826823545269379,0.7693488782377269,569.8721497261419,15467.0,0.6026188466386397,0.7137696207569465,431.00176363624496,9534.123529411765,0.556865682690747,0.8503101934797238,49.78777321186839,43.27111354484393,44.66698075767846,28.421093945418583,0
1153,6.584192687271515,3.061955223667048,2.306520406929009,0.3089526992933515,0.4145190933832657,1951.309601276197,966.5325239714282,612.8357813798984,168.3515540704797,251.39829654059528,14.389650516284703,7.120422528831143,18.621720880280574,19.02425195753092,23.586521484964265,12.872805742440065,19.652148908520328,20.8151459858418,1085.17575695736,77051.0,0.8214642792638903,0.4822924995762197,858.1503243191938,35268.0,0.7261152686397013,0.7131043572176461,655.706673505298,24271.0,0.7076456064386318,0.7607265726350368,343.82947314527274,6608.0,0.7007164343136416,0.6561874689991763,427.94826817189073,10293.0,0.7068238334149866,0.7573436140874769,40.94768332805172,38.04469804751394,31.322683278495575,30.42524242174331,0
1159,9.664792486983778,2.7717609107101198,2.490803655382808,0.8741031826891098,0.7344710565919728,2175.480182735425,944.4784391799626,625.1726182228754,460.3621441026922,229.27300339373696,16.089359766660237,4.504528654941139,17.858221643543608,17.22545694927582,28.05058128076972,10.536584000213018,26.358021138119963,26.88576337041784,1088.9331162702408,73591.0,0.7772997957611185,0.6217180096214221,803.0203820042827,31798.0,0.7261152686397013,0.6177069561636189,589.889393668845,19522.0,0.7039863326113859,0.8109971876968028,490.2741699796952,13417.0,0.7094112567229841,0.3968040022347967,398.912734265958,8201.0,0.6498586841109352,0.7707369886831027,51.263534638189306,46.293322781852574,33.295248214481454,33.05949185744998,0
1163,4.360501486344896,1.1116717323350191,1.9783907024577807,0.6623432724981466,0.6036915088715786,1818.0747138055297,663.7310090118932,599.2757685620224,255.29992873470772,316.52863914300013,20.255726815796653,10.457233912884991,17.858221643543608,17.22545694927582,29.03936086782432,19.21639211596459,27.3157200133067,30.456531346739336,1065.7199128346442,70843.0,0.7853942062575668,0.6307716264667088,662.3158005400378,26066.0,0.7581846905528026,0.6983621537664011,701.1980515339463,23792.0,0.6204341125041408,0.811741274693031,433.64675298172574,10296.0,0.6836488032613885,0.5870983338281324,520.2152954766495,10190.0,0.6548354033893732,0.7396873560363852,43.04276272167831,40.22710555445624,34.78583432973903,40.48649187946293,0
1164,7.308129729173848,5.255461554667713,4.272438303950821,0.7338385611748928,0.62364254114226,2650.7475398136703,1053.0325837193168,778.7020390848226,370.2807496676978,246.33014225358136,17.56985654493077,9.6798261209614,21.20398368752556,17.828949629976474,26.253282403183118,16.955129323954754,22.676960343249117,25.89344208111265,1147.5777772109132,80677.0,0.7698309110601235,0.6046557625721969,713.445742854949,30133.0,0.7510371993191293,0.7095594671140182,723.2274887854693,23359.0,0.7060502368697188,0.8805541152707799,569.8893936688451,10162.19642857143,0.7283895396375731,0.3845263190238645,403.01933598375615,7965.0,0.6357748327808311,0.8612505043562378,51.22964952219754,28.673349216869475,45.49346011533187,36.98710176897018,0
1168,10.095375456466897,4.229279219817575,2.9965358573836065,1.2338348434864006,0.940288031989438,2504.195431168392,862.8748301981764,755.1285190859694,552.5036213647609,327.37556679118626,16.28876190508474,5.90355785754257,20.063908856597244,22.082035948324723,30.230147805639184,13.441505702621273,24.4145951626122,25.35498191789363,1110.7909806465098,73786.0,0.7511868387105758,0.6046557625721969,661.6589462905454,27159.0,0.7817087980759181,0.687583540458948,566.5076656851998,18408.5,0.7216829816363062,0.6246005567074109,535.5315292925759,17319.0,0.7414223842784806,0.39335386108134685,457.22644276494276,10301.0,0.6190970723870243,0.7805132783538015,37.0539906701996,27.11948809870733,34.78583432973903,41.899636441374376,0
1170,6.093923621267238,2.229985999061914,2.254965044832619,0.4809332436063074,0.5533852742481171,1851.275091933443,575.7435051412247,511.0343528535478,458.94113493779736,217.6911577912474,13.53316617107678,5.312604498313857,21.233023203710523,20.235315644316096,27.3290820219727,12.488647073082902,23.627547046548703,23.911612040965803,1024.8082245892128,65768.0,0.7877190038971755,0.6391963012411673,603.611219075793,21532.0,0.7406238050222013,0.625949869627464,575.58787847868,20013.0,0.7569718003698277,0.7410283440842278,489.60512242138304,14454.0,0.7562362786290858,0.6479769519796006,429.2203461105328,9363.0,0.6401434134866307,0.761057865532937,44.89584124416768,45.75773080453198,36.17601642276906,37.16440020798021,0
1171,8.780818663972678,2.9935284533818174,2.433769182113207,0.7338385611748928,1.0170935544167408,2147.023742019766,657.2392626498175,578.7417628418359,537.9830797304649,467.50446649620494,18.50570042874263,7.613050448737442,17.858221643543608,24.71508306364272,28.73000107477388,16.730839778901615,24.02885849017333,24.47927634696524,1065.5361466505706,71369.0,0.7910088709279365,0.5164277134508468,576.8122292025696,20298.0,0.7714640016829881,0.687583540458948,538.8416664540924,15910.0,0.722763521371,0.7178447194710836,442.9167547350518,10162.19642857143,0.5894044691132703,0.725727103526864,563.9898987322333,15516.0,0.6129870619874428,0.8422242783021039,38.07545696686867,36.65663454294972,36.32947424440035,34.65620377423647,0
1173,9.111657319421576,2.736533717894363,3.3681315362088253,1.0747008913456984,0.8836503428121391,2541.31900548414,828.0207989016061,913.8950789740336,415.708393655593,387.0736976526371,21.46563744587685,11.306974108612838,23.68758846175926,20.882071426327585,29.51403905163109,20.31398312052504,23.63601604530372,25.329289966935463,1167.6509370638316,82838.0,0.7639021350477084,0.5773765873146327,637.5128060534578,22934.0,0.7121624073447729,0.6204019221220277,673.2346314604057,27825.0,0.7688454883236503,0.6739997407164806,561.3290398693841,16996.0,0.6763464017510119,0.6930131708660818,499.1391770309007,14875.0,0.7547251536256748,0.5645797427583731,43.04276272167831,42.92487510784819,38.467116016049104,39.75676555854833,0
1177,7.308129729173848,2.7717609107101198,2.765545720628146,,0.6617208809119408,2033.4555837360435,670.8227464738211,699.8787164779886,,328.1481805136305,15.23734462585899,7.572529289147017,17.858221643543608,16.237026550126384,26.128287261362704,15.329586713718875,21.432438577747572,16.900914659968603,1011.7743041713136,64238.704545454544,0.794990489108781,0.5717364902652771,753.5128060534577,30449.0,0.6739095688949089,0.7617666955256714,616.1902012273466,21262.833333333332,0.6582140069695803,0.6991811060210037,,,,,431.00176363624496,9534.123529411765,0.6271471386907395,0.8640918968534325,34.19302519120688,,,33.77560387545945,1
1192,4.8065761568476475,2.9272006425758885,1.304491945735656,0.2590511501481223,0.1725618111637247,1884.4826120833845,813.7974514605903,540.9519808358189,150.30032768712653,341.8363176397065,12.953774677718135,7.969233506366468,19.29149984942932,19.43996648011658,25.43312081203003,9.959665869710117,21.85619392215285,18.54144352647762,1011.7743041713136,64238.704545454544,0.780197729780645,0.5705958000803777,822.183332908185,20772.302325581397,0.7259221061503691,0.5511948094384502,661.1538956566621,23283.5,0.6674887904185438,0.7778630021033697,461.32999615553604,10656.5,0.6221170793459515,0.6654674959604598,431.00176363624496,9534.123529411765,0.667453609316756,0.6503479297690558,45.305831903346466,40.61658099463741,34.78583432973903,21.2983408469041,0
1198,7.074192352297393,3.4106594501597467,2.4472878418162933,0.5300609593933674,0.6577929044185132,1839.9181251151592,795.1925233968169,561.7826888649947,317.31224114923185,212.8631260543106,21.45844526696977,9.193391045993144,20.12527038509217,23.144620942682234,31.30718521657332,17.693237195923867,22.0542812243156,23.193011871850388,1000.607214462436,62818.0,0.7921489129044411,0.589498843140291,703.144227664784,26593.0,0.6697179905947526,0.6690254090247548,607.7888886054567,19582.0,0.6643259460891231,0.8503466820389247,390.8355697996826,9110.0,0.7511373383163261,0.379237035003221,357.97160876900364,6945.0,0.6919364031227105,0.6773725359449766,39.42294988623882,40.47168783643232,33.40884516370054,26.034027203591663,0
1200,6.040810018482638,2.152166535578787,2.133370972948744,0.1200390665141157,0.196912668086004,1871.8313131953607,848.2719767422543,747.3237195930171,135.8590015307568,160.22135413228412,10.609607032226402,7.572529289147017,17.858221643543608,15.431535694336942,19.48486286896648,22.63199251064465,21.432438577747572,16.17574445136602,968.607214462436,57998.0,0.777421921926298,0.5802504668365284,649.031529292576,23862.0,0.7124112727331243,0.7758353097192107,604.1259377015544,21347.0,0.7328811842197115,0.7815776325539292,321.9421715174808,5677.0,0.6813991214413656,0.6176506161337862,368.69343417595167,6942.0,0.6548604082598861,0.790781408143349,36.55534046341412,28.85831206829289,34.78583432973903,33.77560387545945,0
1207,7.074192352297393,3.4106594501597467,2.4472878418162933,0.5300609593933674,0.6577929044185132,1839.9181251151592,795.1925233968169,561.7826888649947,317.31224114923185,212.8631260543106,21.45844526696977,9.193391045993144,20.12527038509217,23.144620942682234,31.30718521657332,17.693237195923867,22.0542812243156,23.193011871850388,1000.607214462436,62818.0,0.7921489129044411,0.589498843140291,703.144227664784,26593.0,0.6697179905947526,0.6690254090247548,607.7888886054567,19582.0,0.6643259460891231,0.8503466820389247,390.8355697996826,9110.0,0.7511373383163261,0.379237035003221,357.97160876900364,6945.0,0.6919364031227105,0.6773725359449766,39.42294988623882,40.47168783643232,33.40884516370054,26.034027203591663,0
1212,5.799500233588296,,3.2213152726159806,0.6538688279277733,0.6617208809119408,1836.5454030686983,,868.8123632147295,527.7634030846727,251.83316143262192,17.411122965872988,8.18109990218886,22.43772670539726,20.108249494663884,28.415272856665407,16.547101127197312,24.80984062775112,22.926182324987877,1147.5016587651646,76398.0,0.7866153113330023,0.618719573095436,,,,,792.3645737753169,21262.833333333332,0.7393686536267494,0.6803880538301346,592.1980515339465,10162.19642857143,0.6485330290167863,0.6856996699351079,444.2741699796952,10697.0,0.6824276736654631,0.569990098091911,,46.478912732568446,37.351833548641416,32.06982350819654,1
1219,8.496083387546815,3.825089530775929,2.4139357851377947,0.8712499911991587,0.7972377046780779,2021.4902279466546,830.4336328468057,591.6564850655545,300.7022941312947,300.1238949449472,8.337626014086368,5.64101504810956,19.352927125723014,18.14902167204216,26.024776426261784,11.47336383412939,20.870458103395507,21.533613928420824,939.8670990922585,53057.5,0.7615244155416958,0.6708946006499896,639.7924599429249,21197.0,0.6508930326897961,0.6791173405214832,515.8477631085024,15221.5,0.7164310201161372,0.8127598177634348,371.71424945612296,8417.0,0.7646508482242476,0.4581761044651752,411.9305012189244,7861.5,0.5756470025186067,0.8171143464540859,46.33857677921772,34.32832304686319,38.83861091131857,35.955172960662296,0
1231,6.859550498699123,2.7636207276832883,1.8031568110019003,0.6249020231675337,0.48100808042990184,2180.280946956922,1050.1847045099503,658.2069372447072,272.6974334420247,268.09182611234337,13.569184042031322,7.109192297981762,16.640095135798767,17.473872423292512,25.648586761167092,12.201867503519033,19.84598215650067,22.10844202373402,973.3437584951455,58986.5,0.7828346102272727,0.6046557625721969,665.4665581351203,27534.5,0.7827151179131209,0.5287799133291431,553.2797436238418,16532.5,0.6799678843550443,0.7871675274347683,346.16652224137044,7652.5,0.8021594413601294,0.5030848985258224,364.7645019878171,6773.5,0.6408022140284007,0.722781192211385,46.3728417763724,41.617516498849156,32.30544045688271,26.899541502886148,0
1233,9.622511560906366,3.621894432229914,3.2357346884510987,1.1717731617857416,1.09213509816048,2161.0177020112624,721.8262248148509,647.1848014555542,385.090049592246,425.6607045100594,16.7643661894477,9.901840672016345,21.87078126047106,21.98722443947902,28.98474240803405,17.574306987516053,24.69059096746897,25.647561974828008,1004.222438151586,60313.0,0.7537997009282562,0.5838076863662311,576.9482681718907,20529.0,0.7729996805092784,0.6153638533564558,542.3746750430836,17227.0,0.7352221372544643,0.7189540687369717,440.9777054234136,11809.0,0.7649924157975346,0.5550027175865817,432.747258045114,9985.0,0.6737777309008319,0.6694309368150028,47.59549733868111,49.624468322104775,35.8398124284654,37.62780841500223,0
1240,7.673415077287204,3.908781827746832,2.8211216847748424,0.456336491749204,0.6057039871783532,1926.5982201103377,847.3171963937,605.2751484836148,304.05109646993174,213.03260445996756,10.163071395357052,3.795497188613448,17.224269573455274,16.947187163276485,22.886359040425063,9.63773038460826,21.094294623234603,22.317554980025832,999.335136523794,61635.0,0.778130471297822,0.5502027333724198,661.3746750430836,26963.0,0.7781628889251425,0.6521258725348864,574.5168106668145,17891.0,0.6817722964969574,0.791580035674223,398.7350647362943,8904.0,0.7185329035626351,0.452993552945644,400.7411613907042,7409.0,0.5865607066899785,0.7438738809920699,44.55220605339101,46.69191662617738,38.44524527846591,34.19362734057966,0
1243,9.593221295959829,4.514484501824641,3.2036932884189904,0.9764483976955444,0.670023046400051,1956.280114919788,841.7185831199823,610.5519992711652,352.20269435008134,211.9823552096609,18.30887338639769,8.546482345061532,20.319960397676475,22.106953517970247,27.588293962315053,14.433757381702042,22.003756902703586,24.35314002254236,1013.9209229614208,60798.0,0.7866153113330023,0.5462084484137434,680.7005768508881,26643.0,0.7266665677605867,0.5615692460366237,576.333044482741,17451.0,0.6488204536210466,0.8550281502273769,399.4863273947651,9478.0,0.7463159588163845,0.5326715723264673,320.8294731452727,6075.0,0.7356179809481331,0.654177369350303,41.86865292568744,36.64926064010128,36.91836805446801,24.605196525300663,0
1245,9.005797827324592,3.9134625340275244,2.3021763422397643,0.8717772315506449,0.6617208809119408,2237.448215541348,872.5603194784526,560.1374597394874,289.35038445680425,542.9420198987639,10.158116249740402,6.155047449222971,20.435623274297097,21.32166256405136,24.291250110372808,14.836495015230998,24.56610195652941,26.117189346386706,1029.6610383315983,64728.0,0.7688018438332823,0.6711167855948871,641.6000717874997,24521.0,0.7502594391455222,0.7191409587043615,546.7919369326617,17374.0,0.7266143622611805,0.6857837888309968,392.24420971790903,8682.5,0.7027710587273001,0.7155521498128696,554.263022691402,13722.5,0.5614777069410397,0.83091824969583,50.27761555789556,47.75724311431382,41.3551462528206,37.484744981238975,0
1246,8.542129910399252,2.4769546452812072,3.5536048113391137,0.7338385611748928,0.7786991570327508,2049.40000419804,496.1835000859643,817.9876517504713,534.4690036063731,243.98812434087577,18.358145728309776,10.006401288826522,18.26963025524009,22.754637200117795,26.394925553440192,14.937522051602995,18.573402266008955,23.81621081665012,1033.9797974644666,68367.0,0.8025449770503843,0.6007520920412701,550.3746750430836,17578.0,0.7353496270847429,0.7551051074558043,724.1858582251266,27830.0,0.6646993525220143,0.7465433189581059,504.5756851698602,15369.0,0.7614192755115278,0.4972618929100673,362.0365799264592,7123.0,0.6829169644576089,0.7630706433467691,44.72523410118144,37.5812664385889,31.221639268935835,25.892696067011293,0
1258,7.301366918537287,3.2427790377914083,2.6914134357569957,0.5125208035751607,0.5227876039844254,2117.8200832705515,923.2715014791645,776.7745736450222,265.36273455007694,257.21852161707875,15.23734462585899,13.206772783050384,17.8100070363366,20.69884265756073,31.142304488818382,19.831886152676155,22.141390261434708,22.641230027925374,979.8204178980325,62323.0,0.7991805635914182,0.5576437713993767,676.5589642374204,25444.0,0.6976639130713478,0.7388456914301165,611.064537881567,20015.0,0.6772003939763558,0.8376440287102784,383.96603512485706,7803.0,0.7465539313128675,0.644738032890302,373.0162876565512,6979.5,0.6541877483267693,0.7168633103019622,46.59048259780741,50.68448650830464,31.170022970201487,31.94543476017892,0
1259,7.499762906778775,3.801990453756379,2.40330631473083,0.5079749236887094,0.3615558880596334,2390.552563006683,888.5496437603681,719.7202016967988,459.02643318618186,339.2870502162752,15.57889153889671,6.107374223724035,18.872913869771743,15.370942550212453,25.974694466550304,11.76969285469458,21.658183147595118,20.13338544173441,1054.6488450227787,69668.0,0.7858647532765753,0.5809243626743137,700.4406922210657,28338.0,0.7228096978118899,0.6682391884518603,605.6173157302028,20645.0,0.7062643791241221,0.7944995782669508,448.3269478283311,11303.0,0.7048111657588544,0.3645817519457184,406.0426765808692,8832.0,0.6730309299061056,0.7631004938447784,32.923747048682024,51.529960055677954,27.929086574534622,27.25175966237108,0
1263,7.1792373813763675,2.537990649017887,2.4001653730929613,1.185567827377763,0.9519130159565545,1968.5938185383445,665.5728643500966,523.0224590463954,529.01151310514,325.41300628890195,14.018192997491468,7.124046847123083,14.631002163228358,13.870450808665211,25.362512104124164,13.728249692296517,17.07221864811325,18.84146983462123,899.1513703397204,50321.0,0.7849964077533,0.6047321650735482,626.1264607118176,16370.0,0.7261152686397013,0.6395771452274392,510.4041122946064,14815.0,0.7210395606514999,0.7622095937096098,443.17009357883865,11323.5,0.7283472761005518,0.6163012098719589,388.33252147247765,7443.0,0.626262956208067,0.831640106578869,43.498288290114346,38.46538941730411,35.72119591853292,28.60460993887373,0
1266,9.648162123000162,4.600043563154406,1.8774842031255845,0.7338385611748928,0.6880559095351686,2270.937133911986,948.8930978634003,528.4430074641651,561.0046146432663,264.8238719324061,12.339388984595438,6.559355341204521,23.832961820859037,17.22545694927582,23.106325418284236,13.706524431619204,25.6053198385641,28.130283400944258,1040.2640687119283,66450.0,0.7726485888420211,0.6685402400496346,689.2624996811387,26690.5,0.7078782899034473,0.687583540458948,541.7416844009674,14196.0,0.6131539430436007,0.8328606474950231,527.7558800164655,17455.5,0.7879078764808569,0.471420352605861,375.5279579551077,7560.5,0.6749362446821663,0.8343499213715617,47.62876295276312,41.01889610037786,41.746030055371676,33.34875554374264,0
1267,9.75717169432784,5.517550169286636,2.4055846661707,1.1131409471064988,0.2773613122721973,2033.4555837360435,1010.6954414531452,772.7907379354275,569.3824329015466,549.3655434418033,15.330188257043028,12.122147786232947,15.152145069606766,13.097717346275225,30.61545194017893,22.778529652555484,21.388530738891543,26.42990638512274,989.9625535217637,61450.0,0.7904542031184034,0.7189093400511273,659.8549057834388,25402.0,0.7451744751889566,0.6178529752020456,542.6173157302029,16749.0,0.7207011059478338,0.7544733772933844,518.0914498161483,9703.0,0.5049546106802223,0.5435269572209009,409.01933598375615,8538.0,0.6484713303487504,0.7089955248058448,34.09188142487572,42.9203525978536,42.57433336416394,30.389882703203966,0
1273,10.718989406473677,2.7717609107101198,3.613931317900756,0.9885283517086064,0.628613558935705,2396.30425612729,924.7339133043274,814.1738843033614,394.79911113404097,396.33527478767456,20.335745810705667,11.82482389480191,20.199845018952757,19.209688626489758,31.90529830278861,19.454153876161907,26.25834175761138,26.929994865735637,1131.7442994522837,80355.0,0.7886115652082264,0.5036812384257677,609.9538892174879,34088.0,0.7261152686397013,0.6416331607885138,660.0731598529186,25017.0,0.7195199753530456,0.770296863038628,427.6467529817257,11215.0,0.7700586339943347,0.3285376485636603,420.9005409571382,9514.0,0.6758320574459099,0.6815300615443273,56.9654541333951,42.9203525978536,43.3436126755267,46.72968738564629,0
1274,8.712164111925325,4.5630942139857495,3.0633120769000963,0.7747415149325163,0.6587291809080609,2194.426128555606,924.1910045101014,615.1793353463175,457.1463947680363,301.2740541711088,19.85831331744049,8.310927683118901,14.819269240655188,15.569752862858069,31.498994244844525,16.723469081290464,22.515485624052875,21.483601722577905,1075.2346314604058,74055.0,0.8060819966707782,0.5302508604269233,796.570634535977,30668.0,0.7261152686397013,0.574111985732645,588.872149726142,20347.0,0.7438763631804075,0.7532328624101637,497.5401512639276,13865.0,0.7067016180535676,0.6009209739194395,436.167568261897,8314.0,0.6548354033893732,0.87449952335868,56.39505473121516,58.37093213746447,39.59210751612576,44.06273912968962,0
1276,6.689893352212184,3.013548583761538,1.8981887717751964,0.7461215227763616,0.5854492207651353,1790.1060115195123,761.9847268372341,562.2252396634857,286.3234587962116,238.79195263699484,10.257194803209144,5.400137813467619,17.51302751008099,17.268221539207275,21.30726804771188,12.613735673711275,20.206944694749158,21.184023030560713,998.8462838120872,61896.0,0.7677099222108927,0.59350213522471,655.0401512639276,24942.0,0.7443348656758225,0.7019661402043342,586.3122292025696,18778.5,0.6754552575299637,0.8153806969954709,378.6370849898476,8570.0,0.7298725774549026,0.44279734127196274,391.2497833620557,8619.0,0.6876733129379153,0.6711431538491888,51.474985135460244,48.51788318844038,34.86770104153378,33.69720612933727,0
1277,9.366382528005287,5.305095866185088,,0.5961964736514007,,2175.25515262659,1033.7924623331603,,239.01532596383683,,15.998080161126383,7.572529289147017,12.73909377172854,17.22545694927582,28.022150940498346,20.00011469427826,19.899770316359916,21.821052317876465,1057.56053326821,74327.0,0.7866153113330023,0.6156093076591744,858.1330803764909,20772.302325581397,0.6655433043867327,0.687583540458948,,,,,371.1198410471445,7438.0,0.6786372451763211,0.7409311221449123,,,,,43.04276272167831,,34.78583432973903,,1
1282,7.308129729173848,4.505333581091534,3.4797706885102726,1.1969219387393752,,2611.719199550844,912.7245592483116,699.8800526693369,298.06437179647287,,15.23734462585899,13.315608016808312,17.803996818900607,23.322600871212217,26.024776426261784,15.329586713718875,23.94996274904802,24.7576919541061,1139.8864350760143,83321.0,0.8038437266070884,0.56667581156929,721.0437226013958,31186.0,0.7503046400838467,0.6704048935123612,614.842712474619,23060.0,0.7612237698138519,0.5916554611593503,453.1553749530773,8161.0,0.5028500988712272,0.7705648338453195,,,,,36.571569486972535,42.9203525978536,34.50472470817803,,1
1305,7.308129729173848,1.091895255119929,2.765545720628146,,0.8442411785351841,2605.360762902832,900.1463413269157,745.1730903615678,,246.5588621422531,17.612310296817625,11.643150364330973,17.858221643543608,8.66943070910954,24.621539411528545,19.44432580566089,21.432438577747572,21.821052317876465,1130.7737367038067,80233.0,0.7884409256769678,0.5290029582297354,756.3279938488577,31277.0,0.6950308459544225,0.5994790268493939,662.0701115257136,24450.5,0.699363658809184,0.7758187659390006,,,,,329.06349186104046,4830.0,0.6548354033893732,0.7598145180951594,43.04276272167831,32.44169165317063,,33.77560387545945,1
1319,7.308129729173848,2.7717609107101198,2.765545720628146,0.7338385611748928,0.6617208809119408,2033.4555837360435,670.8227464738211,870.0638355513249,370.2807496676978,328.1481805136305,13.19753665338512,3.951612759836826,21.962752145884416,16.5958572610792,26.024776426261784,15.329586713718875,21.432438577747572,21.821052317876465,938.9015869776648,56274.0,0.7994922489149846,0.6046557625721969,687.5290039756343,24463.0,0.7261152686397013,0.732312192452442,616.1902012273466,21262.833333333332,0.675483978778793,0.7178347836358693,514.906637611548,14784.0,0.6991936716756572,0.5283807344994765,426.1076477383248,9732.0,0.6492285489991944,0.7650546226207138,29.195666117882283,42.9203525978536,46.53201935420694,34.743870411624464,0
1321,9.825822331476578,3.076836337164659,1.8599321555578672,0.7338385611748928,0.6617208809119408,2525.5281239538995,731.9125389593173,589.4604339699594,612.3099246442059,328.1481805136305,14.659298448099111,7.572529289147017,14.325409744342753,14.087269776642515,31.2055908550703,20.943990485367394,24.641851402356444,25.777086875901787,1016.3752877877214,65084.5,0.7931793697420393,0.6050618006609702,530.4528855298854,17906.5,0.7261152686397013,0.5201028422459419,470.95541084682714,13717.5,0.7714878950566824,0.5285478532611643,523.2604973744603,16413.0,0.7619315534383876,0.5645343225819666,431.00176363624496,9534.123529411765,0.5943928317395837,0.7811729635254514,43.04276272167831,42.9203525978536,45.10424480890904,33.77560387545945,0
1380,6.4164021169739485,2.195661197417331,2.8621501903331525,0.4697555403004773,0.5293655405522684,1790.7060651763081,529.8154552202564,782.1626989131557,217.4427140335854,261.74189511044244,13.779184023206552,6.899065569127654,11.625353765853191,13.732373141725805,24.687070311321207,12.872176838679971,16.810811989815875,18.355909156249552,977.1721856198917,60999.0,0.8023575326081525,0.5380180682581792,558.28331496131,18948.5,0.7624803933504707,0.6988906965573132,661.7477810553773,24881.0,0.7139998372665932,0.7313878861888939,389.85385976291224,7975.0,0.654869444537463,0.68722153815756,435.24978336205567,9244.5,0.615367799060476,0.7059486473860357,41.517488038793175,48.47985616011695,29.971458276841876,28.364522328788333,0
1389,7.705310935420779,2.9212477835307924,2.969707367540784,0.48263598636586635,0.608437060080846,2010.7971606465362,697.3310256683909,871.7514275849875,169.65127759720983,312.610149330882,19.051441183769178,7.027996439829394,18.145465502780297,19.964057191488227,29.02612059781589,14.981933932960775,20.0806254513435,21.034429683361253,1080.9919907732865,72358.0,0.7776729897012792,0.4912363515644615,626.1528496361356,22313.0,0.7173697187614495,0.7120890371044224,729.2386360737626,30527.0,0.7200199749288658,0.7082637424227352,340.572113832392,6662.5,0.7194919809553484,0.6561831853189835,455.7497833620557,12350.5,0.7495834406850957,0.5255905553261759,44.9314701982466,37.47156960111007,32.46191142839926,35.755102024315676,0
1391,5.73753416887238,1.9193601629795427,2.5628841934229407,0.5289764885024187,0.4047888513951495,1540.7118469380775,464.2225038072861,638.7252235044127,221.82233324155808,243.64115401225692,10.094395158083836,5.425112290920926,18.77327322547871,15.97218958971795,26.024776426261784,8.882690280258899,18.80530530066165,16.37326378577538,881.6538956566621,48458.0,0.7789555520376404,0.6679350145681852,483.2619766708754,13075.0,0.7035359748026202,0.7010657802335457,603.2447327281724,20334.0,0.7031832646468709,0.7414341342370916,383.88329701443513,7099.0,0.6043387843483724,0.799680151982227,426.6995308303615,7403.0,0.6548354033893732,0.7205425581737839,38.74387950501791,38.65342417080839,26.202021796274515,22.098426342592077,0
1396,7.176702312868264,,2.765545720628146,0.8697764600123111,0.5109625359058215,2257.208723188955,,699.8787164779886,407.456633147042,517.5780438112487,10.08005803100192,4.845747596945984,18.479699621323828,16.119030978564908,18.14190475866553,15.85009531839354,23.17370465576977,18.323640730165163,1036.0803025278549,65989.0,0.7704954555426111,0.6046557625721969,,,,,616.1902012273466,21262.833333333332,0.6301571930975901,0.603134359380665,457.5340546095176,11186.0,0.669218810787548,0.7869556876777251,440.3858223313768,11026.0,0.725597101181287,0.4981827682800417,,46.448185395498925,46.12193635218714,40.72120530756549,1
1397,6.792552660518151,1.7780526149216485,4.084750944010508,0.4632350863852714,0.5538867707267427,1858.9731326173032,491.17794018980203,883.8542991399502,205.6660206469291,304.291825526008,13.022920985912451,4.649337668008099,15.553159486169452,14.926515479321612,25.28142428931752,13.022705498071186,20.953443913155073,19.561637724409714,981.0386719675123,61346.5,0.8052658371840746,0.6546275445881127,557.7680733252853,18172.5,0.7333170579700783,0.7576081890431561,616.1902012273466,27088.0,0.7060502368697188,0.784203973285265,345.76450198781714,7066.5,0.7411049205299087,0.4991042811677251,407.57516215959697,8526.0,0.6440106745067204,0.5481926664911828,46.65028545424876,46.62430552513005,32.91623008388967,33.39226153269515,0
1398,8.639368915691431,3.235939717337308,3.5342283891793747,0.6221789154967889,0.8410668537684052,2190.9292867035538,627.1840919119486,777.0862785985266,394.80474914514843,433.38118473353893,14.771609715676306,7.168935040794276,12.693846715984915,14.442422938815865,26.921598351771188,14.899861607592804,19.474035016287885,21.29944257374547,1012.4062043356596,64721.0,0.793778663031032,0.6020739085884897,550.2122471494446,18427.5,0.7638010791640859,0.7533887417258212,655.7980335870715,25308.0,0.7443848977926432,0.6363947578388965,411.1700935788387,8850.5,0.6575051805153276,0.7874723871992917,470.469083452062,11647.5,0.6637179748175575,0.5592345366411396,55.654876838277374,48.273320768744014,41.65639757480567,43.63125158629957,0
1399,8.81913498952047,3.3149974047222965,4.288288520824112,1.0187285403168769,0.6629310172109347,2664.399867404171,566.6767876414153,699.8787164779886,621.5209187154942,604.0955292705934,14.630642694062823,10.47780045222889,18.35619817489813,25.360581150689853,30.708137090410737,21.956886333621632,27.202923047159388,31.084978636555032,979.352380466497,60268.0,0.790260150058545,0.6147544931022926,517.303607231218,15411.0,0.7220831672365797,0.7338493295499696,623.1025971044414,23480.0,0.7606933529409308,0.6576815298675337,531.9604614807105,10502.0,0.6733473186632097,0.8128073709273058,449.0132393293463,10471.0,0.6601896589704258,0.5714402255262732,57.1777968460802,55.65560479268194,34.76760830624866,36.45061986637084,0
1401,8.723852013901642,3.731329301570492,3.430476816300125,0.7891573919993995,0.5554343986753929,2116.651218363626,805.2132243594176,830.0193253370098,200.1762945472331,329.69860132181475,16.732899412757664,6.858428723545773,22.32174477509631,19.005587682863666,26.41539883085514,14.612881304529449,23.597808111828968,21.074674878365993,1034.607214462436,66816.0,0.7843453597200789,0.5498831493032486,649.0731598529185,23003.5,0.6853606842689457,0.7366549918829964,689.9102089490164,27098.0,0.7130679247681877,0.762785488441089,356.2172977833279,6855.0,0.6754375048524748,0.7397767130346249,389.4979976933216,9133.5,0.7614323569109973,0.7059486473860357,52.64746672177468,43.08138679872391,27.380556554347084,34.35460151146823,0
1404,6.378670685140378,1.787834003478441,3.7990092546802963,0.466283825488234,0.43922564846491496,1771.3546744457149,428.4315427151293,813.4584038199542,320.99488500000916,252.20006878791133,11.425791218078698,4.087143487968042,16.146610494030185,15.534221373859477,21.82450894056273,12.364880658565424,18.01891884656046,18.853899507628988,955.0716805565032,57081.0,0.7857572892087941,0.6369714380924016,497.5548698896889,14457.0,0.734605029033407,0.7189856353906379,782.4701294725885,26332.5,0.7060502368697188,0.6567414416432505,396.0162876565513,8040.5,0.6393567817090764,0.7339046730747145,398.73506473629425,7620.0,0.6142391173224845,0.66886392384818,39.0375203595854,40.30278254124395,38.428423801359116,36.98519712909746,0
1409,4.290023394224277,1.122919871366973,1.5617903178343369,0.6658397728822713,0.6147395451259342,1515.9835297349034,405.6497668906445,435.3196180843681,438.3653483020559,242.19031933501716,13.89249022216696,4.302299950799262,17.897242274421128,15.81116595141355,21.469817239005355,12.243839237752258,20.19737663720773,17.89000249935731,889.0336213336291,44913.0,0.7866153113330023,0.6359402862773094,436.7361107568208,10640.0,0.7037582799643984,0.687583540458948,461.78888860545663,12864.0,0.7692143941406772,0.6614809966697199,474.1919548795365,11423.0,0.6453578798642445,0.6718957210161868,436.9249275747777,9442.0,0.6192234036421862,0.8533637041349672,36.13929275179503,43.1260663463613,26.111729141786867,43.91258444932146,0
1410,5.089954150877878,1.5880678218883464,1.9239799873078844,,0.41979245761231954,1769.459795270179,624.9963161748642,602.4728198597381,,114.72945232287267,14.308175233354167,7.572529289147017,16.494839034687004,17.22545694927582,23.9680354601739,18.10652010934979,14.48946882801355,26.194219752286372,956.5863991822648,59145.5,0.8084515849777276,0.5063002045252791,557.5726368426552,17867.5,0.7254809533015832,0.687583540458948,569.8330444827409,19705.5,0.7636286247425219,0.586127228610571,,,,,314.23201640908934,5282.5,0.6727488794560493,0.6462393651848446,36.58400546658555,34.81688511989983,,33.77560387545945,1
1412,7.003743432819738,2.06402288664823,2.4115067638699035,0.8603950788222681,0.6617208809119408,2346.6998238416395,536.7133825957419,646.7812845350265,563.392784810174,328.1481805136305,17.846221054388376,7.896611645767414,18.25339633159391,19.173627825783594,29.908179804768288,17.515317956527564,24.004697552559875,25.3233084037722,995.556961930742,61034.5,0.7690716219759077,0.5906154722241375,503.5934521228266,15895.5,0.7777157821382681,0.687583540458948,537.0462479183375,17112.5,0.7535185081407607,0.7178447194710836,478.77669529663683,10980.0,0.6028483371738457,0.845111626775628,555.8122292025696,9534.123529411765,0.6492014946897933,0.7903882895203926,39.97556281807731,52.05381704625017,28.0497242774006,46.777097379122935,0
1414,7.053924022815865,1.907279945000921,2.765545720628146,0.5715412237774788,0.7193564657313799,2124.9817865106324,476.3006375250424,936.333723634509,359.5614534325604,497.37592214309007,15.23734462585899,11.377753338681387,16.522720433665466,15.732798746721867,29.36373994783649,19.20659721541476,20.549250089586497,20.4130720526271,1055.477272147525,71754.0,0.8073432009962934,0.5991237658916126,542.3574311003805,16694.0,0.710521446197148,0.7919924765147883,616.1902012273466,21262.833333333332,0.5960270942385449,0.6300865004575466,425.4041122946064,8883.0,0.6124189066585412,0.7579144175216831,535.6345596729059,12690.0,0.5837932772088904,0.4833326858407029,48.08675354585792,43.407790881475606,32.44028202742846,25.066266455298088,0
1417,7.292307449618685,2.666775083203796,3.5879149531757104,,0.5509845103311355,1984.7678819147213,563.4407977764597,699.8787164779886,,164.92113209737806,15.76236417357503,7.572529289147017,12.797991865241734,14.748897059453114,27.132780223327906,19.051758695366424,14.915326041373394,21.45053974184282,1060.208765546351,69268.5,0.7777045053447114,0.5259176243384343,589.8721497261419,20020.5,0.7252709471093086,0.7307009331896279,616.1902012273466,21262.833333333332,0.6223289760522662,0.6844817378991747,,,,,355.49242404917493,7168.5,0.7377971365415092,0.6445428402976936,56.607903601420524,49.42354710047128,,33.77560387545945,1
1419,7.114597938822715,2.640531548919987,3.0948640844896698,0.5042442289753919,0.5455092919482611,2056.1752304699103,661.3014024743004,963.3124690077674,259.53749301526597,239.51615991259504,15.840869107820136,10.064969300797486,18.783426672666184,17.647290050093947,27.811584725258182,15.743810605930278,22.657365623523063,21.89572716848423,1049.6782822743019,67979.0,0.7719837129243248,0.6046557625721969,596.7416844009674,19966.5,0.6978484756903451,0.7727799135783147,714.6589462905454,30764.5,0.7645185265800929,0.6589415378817076,372.3919189857867,7830.5,0.7103292165531516,0.527881152226817,408.33252147247765,8338.5,0.6540610829015641,0.6026061677404846,48.51555904965765,44.319248466172205,27.939071866181788,32.43200434748738,0
1422,6.19182279960591,0.7474783253855579,2.3167908381819853,1.375732068032585,1.0548489081935148,2015.9846508588405,204.88193575629515,713.9561133147712,588.3764153461201,533.503845137416,15.170322767464214,6.989839662269534,21.58410356257271,17.272069379234438,25.31881378697519,17.023829230765536,24.346864232566805,21.51497436356184,903.210244842766,48907.0,0.7572109361368675,0.6672680618337946,609.9538892174879,5164.0,0.7431054166800597,0.6180142032840444,582.2091988222396,18471.0,0.6964923177779302,0.7178447194710836,478.5168106668145,12114.0,0.6523032246780353,0.8387034957886572,475.2914139223983,12773.0,0.7103073925842489,0.7043467457411577,39.72445290250037,36.11775942675455,33.72203927595383,39.03296575278752,0
1423,6.407828217847658,2.08408434786064,2.7208850858223075,0.7827004132694337,0.5028042357997828,1848.074834269185,570.6826631346357,759.3786170023052,420.8799003982076,233.17493066478957,12.96291346213968,7.572529289147017,16.270714857076044,17.22545694927582,20.801524984210378,15.329586713718875,18.97583070429787,21.821052317876465,893.5950211536164,49766.0,0.7845687200257748,0.5678423161417008,522.2325394193526,14574.0,0.6838196722695077,0.7554493361982145,621.7655480083437,20378.0,0.6647311571551994,0.7376528478267221,456.7178207935912,7801.0,0.6733473186632097,0.8625603775044113,359.5868324581535,6204.0,0.6371631639357,0.7059486473860357,27.5118857760926,32.54376772024774,20.74559522993975,33.77560387545945,0
1424,5.682220511137166,1.734657760119597,2.766475879138649,0.6034999751875803,0.7007468128563503,1669.508764446271,419.0020909475742,633.2481606208866,322.2304684876749,379.78484144918025,16.484759623186275,6.44668841688768,17.423841795564734,13.205379598268529,23.895985384416008,11.998376627852087,19.2623732770442,18.22325804233636,942.749350086167,56929.0,0.8054991635741084,0.5630908283109374,501.70057685088807,15434.0,0.7691201310229984,0.7354882257511486,637.4640328181787,23509.0,0.7241166292132736,0.6113478586238354,413.75945135393374,7225.0,0.5374790497934543,0.7916252945194389,439.5695885154504,10263.0,0.6623702921819264,0.7059486473860357,47.40336239934925,35.40052297900391,27.31885339126368,30.794101014454228,0
1432,5.148753171037436,1.5168808851668132,2.4679818418194994,0.44394380771118735,0.43896896089933646,1603.7004597544983,390.85592777731404,686.4185574792621,237.5316597902024,276.24781399372125,12.188031629872643,5.56251695493456,15.969200954119556,17.045606270096293,21.14306901934924,12.25527131108582,16.598657639134352,17.39204858363204,967.9123009900694,59739.0,0.7997075419542712,0.6569387355787453,514.0939751330899,15655.0,0.7426502478416015,0.6805244068363532,661.0584412271571,24607.5,0.7063060708540241,0.7059220063860077,434.8391411371508,8822.5,0.5888658493538599,0.7941554025795243,433.7350647362943,10058.5,0.6752242319683016,0.7220039178672308,35.49317729731451,34.858149013083604,26.996452316511522,30.025504963732928,0
1434,7.482313198204188,1.9905917886287408,2.6787110569133765,1.4019563101210275,0.6617208809119408,2289.446942137975,515.3098158015664,684.9408700626715,527.6265647526842,328.1481805136305,21.47959470058783,12.858215950101211,17.858221643543608,10.273557277543146,27.187673639436184,20.139161083755408,14.583840922754987,14.549297077048074,982.2640687119284,61767.0,0.8064404254263783,0.6296562461483155,562.4518395093589,17343.0,0.6880337689114082,0.6891985454098144,588.0315292925759,20881.0,0.7591118249226221,0.7265472624219176,490.031529292576,10805.0,0.5569690217352331,0.7559615461482311,550.6467529817257,12014.0,0.6548354033893732,0.6564424953522725,41.6988385237801,40.54611116740693,30.900120135567725,35.585006406613275,0
1441,7.357479636404587,1.5018872808600574,2.765545720628146,0.4365681963492919,0.2833560141031331,1671.2272663357385,377.87067410325966,862.0171732977069,245.51604644114389,251.69783029219036,20.030069323559772,6.12201270723021,14.513321902064293,12.49072374583978,27.628326072562718,12.565264559541927,18.88156965678784,18.351512573664245,950.7529214236354,57654.5,0.8016221498604692,0.5545452460962597,477.3421894643557,12726.0,0.7111792974474781,0.7754783396994283,616.1902012273466,21262.833333333332,0.592890479949927,0.6628383875137771,357.8122292025697,6600.0,0.642124903825479,0.7228164277002538,318.69343417595167,5104.5,0.6400972998364236,0.6176133893792777,51.182053940019614,44.27455663307712,32.05299959355911,35.42629158749993,0
1442,6.474833213168152,2.6320063074486555,2.5704862545023444,0.5325287681779257,0.5731285339215946,1923.53943090883,572.5323680382418,671.130069836427,308.3632271125551,406.3812527894903,13.27395151584208,6.800284643154902,15.993899708955343,13.782806212007712,23.520091819145865,14.868626672143131,21.534944187266643,18.002209827609743,921.269119345812,53168.0,0.7879477120911564,0.6477117603334799,552.2386360737624,15720.0,0.7261152686397013,0.7077620294023762,532.7411613907042,17496.0,0.7753672780040669,0.6641003959882867,387.7350647362943,8353.0,0.6978963984050547,0.7157304354260197,447.072113832392,11128.0,0.7098477797342356,0.7036316527529306,44.108150746326366,50.82815870245607,28.004083367496875,31.666730669130853,0
1443,5.351960336684348,1.728300504762053,2.295301695250393,0.7785499291696683,0.6581532954450339,1892.196630653848,382.6214344091016,707.2855640156398,454.1726963901872,435.5702657273748,14.966531599639188,7.572529289147017,12.743461840372037,13.539167386266277,25.54303534573237,15.329586713718875,16.043460598507306,18.33045972033611,890.2468247692254,48770.0,0.7752820140068949,0.6256119739565459,406.7949852598665,9851.0,0.7428515485814006,0.6041206496716434,547.5706345359769,18336.0,0.7585372945131804,0.5325966652724384,457.8132752230962,11198.0,0.6664986534129446,0.8400936256268684,413.6173157302029,8873.0,0.6592950304306243,0.7350343094255811,42.599183128144176,43.13920349856512,30.874533987914578,38.19558679302204,0
1456,4.732467649055711,0.9534674120234669,2.9599187370275684,0.3789779919454848,0.7052499042534861,1486.6950473063569,303.311865118548,650.329053141159,302.93831905721714,397.3431415522505,13.590864754953616,7.590586015956894,11.740068065736308,12.84410713491712,19.522590722131056,11.457419567056668,21.432438577747572,14.698474687348437,1011.7743041713136,64238.704545454544,0.7866153113330023,0.5527265361574005,371.14927829866735,8154.0,0.7090606108015303,0.6463099274371487,619.9371208835975,19165.0,0.5944541507381607,0.6324815022880559,387.8294731452727,6028.0,0.5381229850993153,0.8393617616005109,513.0731598529186,8089.0,0.6548354033893732,0.7967244103576482,33.48013028422146,34.00490124702108,34.78583432973903,23.53497839108329,0
1457,6.517052698698664,1.004173485248969,2.765545720628146,0.5473485995467975,0.8253940055655834,1789.2493911151387,314.56630458805193,699.8787164779886,266.8569882994258,322.99293482598307,12.286480503402942,7.066869899721279,15.476101052292726,16.58247258648742,20.627419525125596,12.769652512410735,18.10782795087846,18.860433368791117,992.7199128346442,63076.5,0.8005837084841979,0.6386474220949228,419.0929291125633,10054.5,0.7317255415228752,0.7321545465438692,616.1902012273466,21262.833333333332,0.7060502368697188,0.6505180869410317,410.13508268316923,7658.5,0.5627307416281888,0.8374882635327775,432.35028842544403,10504.0,0.6978199029665392,0.7059486473860357,42.498371863210636,47.22810070798178,29.17091909961757,41.36979204943015,0
1458,6.610390978104677,1.092085331397119,3.7767719797388493,0.9152474962155324,0.8178146998733915,1807.1311545691283,320.9355982728006,808.9902428325222,380.83092384157453,373.5681284726165,14.359955850109465,7.222174507641057,15.733748127632424,15.96395895720031,24.337509949813118,15.04667579196691,18.410342620545524,17.508792777263697,905.7041481883562,53667.5,0.8158112822724877,0.6404198834187758,375.4746570962086,8280.0,0.7419227502651244,0.6913289670307379,699.8929650063133,23655.0,0.6176379478339323,0.604277707016301,455.969083452062,10477.0,0.6393917273369404,0.7703264810810592,460.99547237637995,10519.5,0.6095512619389558,0.5374353569020182,44.49962349903173,40.43317884377318,32.182506975921555,31.343478135145865,0
1460,4.8173025438542005,1.44142728145794,1.832486543967556,0.723829885464051,0.5585857693619637,1558.0259751294911,437.7742230459523,484.2686338806287,345.0854017758732,349.9701472102194,12.866543328847616,4.175251534009796,16.6974279554644,17.234099489352943,20.744952133179424,10.25118368321618,18.452653148477307,19.208459838161588,862.2813126546316,45980.0,0.7775993142094693,0.7051021805277761,448.4751801064719,11892.0,0.7440235554812415,0.6299697177414024,475.8477631085024,14212.0,0.7894543356974875,0.6443506383851764,487.6234123846127,9511.0,0.6733473186632097,0.8458975010895852,427.8416664540924,9832.0,0.6776784516942939,0.7993016007474593,39.68255547111932,37.398990815417775,23.08915150276428,30.14492310217077,0
1461,7.019527976222569,3.028355215314135,2.705319600340662,0.6843943236942545,0.8577989474487582,1861.3274979731723,561.4971386510279,623.1641723244868,343.72718259721114,420.9620899904498,14.623354272836979,7.315972713551176,16.15203797904937,14.720162510388764,24.77818678072728,14.806019053494921,20.700381111643935,19.835085031751138,946.3731957466682,57783.0,0.8118055328607156,0.6242116382754141,609.4579361637689,18192.0,0.7261152686397013,0.7128549528590026,538.3538597629123,17838.0,0.7732999548861408,0.6486770918849529,416.6939571862149,9824.5,0.7090451896981411,0.6321377388636549,490.05182156248395,11200.5,0.5944594983959213,0.73364883158565,48.76917741701175,51.03701914339454,37.715612182308824,31.804837989910048,0
1462,6.869172035429136,2.405155616594442,3.363620659093468,0.5100976766884531,0.47668055452718927,1723.208782028671,511.26930699949685,746.1434133468547,258.515285991259,223.2211417733597,11.997895138160228,5.512534217361951,14.817734812401769,15.864975391001256,19.051622962077847,10.659425951722577,15.272982262376836,15.932534593783899,1039.2935059634517,69959.0,0.8124320091026942,0.6398094605976321,594.0792565073284,20092.0,0.7139035540727997,0.7765663641351424,759.8574311003805,30040.5,0.6509801619267276,0.7713398255804712,435.41578259316293,9759.0,0.6482146192785753,0.7006929101910084,407.28531726798843,9481.0,0.7194470484776625,0.7059486473860357,35.19684761706861,32.16110140310685,26.22849624589761,27.26255968867876,0
1463,9.107660652598291,1.885219868738097,3.1597695620236195,0.7338385611748928,0.6617208809119408,2274.6389546233786,455.20808139111534,665.7293973127087,570.3027449880774,328.1481805136305,16.305396598836797,10.888521685826165,19.60371930167996,21.234127895179963,26.699323098359645,17.234399719843495,23.392309088239024,23.770097723437214,1072.4356415871823,72912.0,0.7951467625483588,0.6956448465741222,475.9071606218114,13324.0,0.734792077787001,0.5901302231798329,569.3538597629123,19684.0,0.7616808094870897,0.5294643512844774,442.9167547350518,10162.19642857143,0.5346492926059425,0.8681856428489014,431.00176363624496,9534.123529411765,0.6093177441046427,0.7962470035262661,43.04276272167831,55.11858481297945,39.706205444131655,45.21179819404828,0
1470,5.929043477180597,2.1060365836963104,2.4385348814989305,0.38406084412718683,0.41426105157946697,1657.4394541307697,524.9769102378848,683.1410705210758,217.98462889270704,237.77231491158176,13.55807448751198,6.1233070469754125,16.005219112375247,17.099804483032493,22.103326153957454,11.237829024942645,18.225917807322784,19.76846189382963,904.1097397793778,51449.5,0.7885202419289126,0.5999892587676506,539.8746750430835,16761.5,0.7141297879731111,0.7836755251333074,618.7178207935912,21434.5,0.7087940652740845,0.7666075226046842,353.5132393293463,6277.0,0.6368032569754136,0.7621153008882702,349.84724009823907,6664.0,0.6859178057387673,0.49834707031986575,38.975366084497516,41.75485987254392,29.470928474137352,22.94009837563938,0
1471,6.294603396527675,2.203116420760728,2.74530534096078,0.54045563142546,0.6707123460166999,1686.4986858546586,511.1076698514432,626.3964367349515,247.2261047227165,319.1063935833228,15.899714596264156,7.572329855848308,16.695595061001967,12.446951163442549,23.48486937576089,13.712188453379008,19.01150668618216,16.005092024088345,934.9503602129436,54972.0,0.7903353057152868,0.5403551992561851,553.6467529817257,17516.0,0.7168166286184448,0.7529598473327767,597.6234123846127,21191.0,0.7470284223728836,0.6835429463257028,338.5512985522207,6641.0,0.7241425318991278,0.4117302370601863,401.906637611548,9348.0,0.7211854428060125,0.5200841911808303,39.51773767310152,44.36450735284049,31.551529709370502,31.853378567391978,0
1472,5.409745830801635,1.819694773647997,2.078625979024,0.6637406194822807,0.7155916271356983,1868.9911614447144,446.6761762742899,664.8379821450393,406.5427865421397,440.22386284632535,14.118002097012358,7.859587600231698,17.247584221141093,16.285061541196587,23.983035138409896,16.747362709278562,20.547656743129885,20.54574645249272,868.1391770309006,46529.0,0.777872999929237,0.661525294849752,457.78888860545663,12054.0,0.724472913346395,0.7653189227540069,536.9604614807105,17170.0,0.7472211753515413,0.6690561922184786,449.2508293825822,7771.0,0.6733473186632097,0.8495820887353341,411.21424945612296,9111.0,0.6643257910873618,0.6179326970287724,50.62547179666564,45.20036504962351,33.51496997103661,38.651739338729485,0
1473,4.63862899643794,0.7697790304098814,1.6913430084520096,0.6435631573356154,0.6617208809119408,1784.0600257705692,351.9991250165276,834.1970095232391,284.1689979200338,526.2941391746789,19.474552596878954,7.177433618479806,16.526389561950065,13.724310102490946,23.784452787923435,14.629422400552794,17.835041976151487,17.96924068546995,915.8376618407356,51252.0,0.7809845370796452,0.6762032949129824,441.3452377915607,10723.0,0.7025692845165611,0.773483191930512,733.6295090390227,23182.0,0.7060502368697188,0.6599469580401821,356.770598642227,6930.0,0.6856474092353345,0.7633032691548625,500.6761902332485,12250.0,0.597323917900772,0.5797127534373091,38.30387878155594,29.87257031943528,45.479096332503936,35.98961610357178,0
1475,4.9393834280148265,0.9716186408360041,3.212440572481439,0.5707330705669664,0.44922870801246856,2097.881261369784,418.23916442045294,699.8787164779886,243.8824032570572,246.4054120641797,15.23734462585899,7.210038680660073,17.858221643543608,19.468216397622918,27.120145269608855,17.228731527588,21.432438577747572,21.50760534542968,1111.0458146424487,77189.0,0.790328357418377,0.5907851424495527,442.5071426749364,10132.5,0.667948212841219,0.7311239348492883,616.1902012273466,21262.833333333332,0.6364177532046575,0.6753295305676246,404.84776310850236,7338.0,0.5702289280974675,0.7860590684506934,392.048773235279,8032.5,0.6672930118658427,0.6025040635715762,47.204748613541426,42.9203525978536,39.16769622539459,41.88886767003715,0
1476,6.06212893091732,1.9838846728822175,2.5843096239071457,0.7716298920851636,0.6372716340488764,1960.320424817482,541.7782088457552,657.9361816308706,418.70426227602894,453.4926275897624,11.662040322785781,7.572529289147017,12.908762046333909,17.22545694927582,20.46612239552605,15.329586713718875,18.92261607870463,21.821052317876465,961.7199128346442,59162.0,0.8013565833991696,0.5916140840956642,553.6178387404661,16170.5,0.6723915024384544,0.687583540458948,596.5670631985087,22392.5,0.784316262140222,0.68133433471287,463.7325394193525,10155.0,0.5894296213979955,0.7624233730001461,438.07516215959697,9746.5,0.663798246190227,0.638479074019884,43.04276272167831,41.72399424848646,27.25867427734709,35.119735610496726,0
1478,6.4747229834615,1.9973084106384242,2.6079448535334175,0.6973735609786018,0.9924758273888302,1772.0864590338151,438.5929419428961,647.4241053579156,300.7162043056576,435.55069285036586,12.946825388542443,5.975291713112421,13.752929706194355,14.970911093061538,22.29662702271271,12.705426105839308,17.17457119738156,16.992741363728058,886.4112549695428,49977.5,0.8008849584919924,0.5947596719489445,447.49852070358486,11575.0,0.7274500281729152,0.7319408586183034,540.4335495461293,18161.0,0.7815438624748849,0.7178447194710836,401.4005409571382,8094.0,0.6372720813944485,0.8175765406927129,459.89496731299164,11629.5,0.6943385531397696,0.5361415232749789,43.53468558053181,49.668657256493276,28.944738348813278,34.39248252194324,0
1479,8.585355487803957,3.149125775706132,4.202152645051242,0.6016109330455617,0.6617208809119408,2238.588510278362,568.9756133340722,727.5000107606375,465.92853908100034,328.1481805136305,14.869459912987212,7.572529289147017,17.858221643543608,18.843268246874192,23.21675813297672,15.329586713718875,25.775544419072663,19.194339036965697,1055.494516090228,62501.0,0.7866153113330023,0.6440573444146158,526.8183258569795,15657.0,0.7089190842883878,0.7280394526986012,753.286363288515,26039.0,0.7060502368697188,0.7178447194710836,446.60512242138304,7726.0,0.6733473186632097,0.91794192360575,431.00176363624496,12518.0,0.6548354033893732,0.8236914885174488,43.04276272167831,48.66128136461845,34.78583432973903,18.173923707370676,0
1483,6.213984506234864,1.9739263685191908,2.6616085388411443,0.6281702923557619,1.006087988142912,1826.2273452388117,509.31143374704914,711.4245405044071,249.94428435427847,430.1911998996402,14.001354263130501,8.35254232932915,16.02580920819461,14.385839436648183,19.854292264587848,13.974695057618833,18.330915129276416,17.088895248883972,995.4219689819474,60956.0,0.7794803847905577,0.5930784092534211,548.1305550595491,17750.5,0.7337404262017455,0.7619717283641352,632.6747109368334,23024.5,0.7289653313203877,0.572543243100216,375.1589462905455,6967.0,0.6762169440653465,0.71043546578899,489.9371208835975,12994.0,0.714223702969818,0.6320765271852214,29.36748526548561,32.135873854571,33.69664511485926,34.25502515150771,0
1486,5.378144444039693,1.734114599103643,1.8615479301275524,0.7681594756482741,0.7024329897817789,1964.898449750988,521.3140159905038,589.6853464400035,475.6841538822338,451.2279219935811,11.027362775181109,7.9775408553217915,14.97892439331918,14.23565412925586,19.27268452981044,14.778323492027605,18.658809822222658,18.713383690120914,949.0006127446379,55237.0,0.7709659839381908,0.6254775352906552,507.1381310103742,15063.0,0.7328271914699986,0.547876599337814,539.025432638166,17549.0,0.7612313895314398,0.5753012192815925,525.9757031167352,10787.5,0.6733473186632097,0.785653968650478,496.49852070358486,11302.0,0.5725373099332245,0.7788342729033148,37.96143885090579,37.55460643383556,27.339604539679907,23.26423758209135,0
1487,8.376259576512549,5.059448154081469,3.538225021072913,0.712471244282213,0.5032874309677956,1788.6712567540892,869.119891650605,720.3591644375131,208.90104127459875,209.54466762112673,16.073776101298947,7.437729521541615,19.174353810223423,11.148354964438798,26.08552741873728,15.019270688221958,24.41564996442321,18.388653158093366,1033.56053326821,70514.5,0.7866153113330023,0.6046557625721969,847.6691372926869,26375.0,0.7261152686397013,0.7360971970882563,761.958459174032,30413.5,0.6588031211629549,0.7759587199889765,371.1614716074871,7398.0,0.6766318143602859,0.7919926277197055,354.2056274847714,5754.5,0.6029270512717732,0.7382960898476978,42.302185711558195,51.27682250450037,26.069106920653333,33.77560387545945,0
1495,5.7830342848173135,1.6686363257523165,3.1626545636893084,0.5572992442295648,0.5377607295984301,1910.2380559318278,434.4062960409933,775.2942093618153,346.58144032804677,497.46440030630345,14.291566262749011,7.572529289147017,14.49352595628095,9.979901786339521,20.844512079409576,22.632407239248675,19.108754756588546,12.493187604956269,946.414826307011,56875.0,0.7985052750676824,0.6007463444429897,506.5939751330898,14456.0,0.7074465532530796,0.7484604054480657,643.008188695463,22973.0,0.6987728997754341,0.6773565113238113,471.9340725563925,8788.0,0.6733473186632097,0.7274757839089916,514.6406563273158,10016.5,0.6548354033893732,0.6899485448013569,31.150009689313265,44.635440619450435,27.101730323214845,29.439392146562803,0
1501,7.486283867160635,2.142604318180544,4.278478586818552,0.5238351084002674,0.72067460232311,1688.992494400512,433.10765681381713,923.9586143334408,210.82487136288532,209.5838351625703,16.49888937638491,10.23338128852767,13.177771036985582,12.886784843086168,27.66447165727718,17.346570627552204,18.30930893810267,18.03317482523565,836.7665940288703,46026.0,0.8229836323791563,0.6046557625721969,454.333044482741,11950.0,0.7310244676450877,0.7224338164784634,693.9432175380074,23024.0,0.5985916514442141,0.602978378673332,309.6579002700189,5335.0,0.6955121034488229,0.6587732557707922,292.7106781186548,5358.0,0.6548354033893732,0.6202161303096685,47.620275266187406,43.362852177457015,37.5542156247324,35.086377867722405,0
1504,5.5906574290461855,1.0460422713164046,2.2296371513466497,0.9234924485876768,0.6617208809119408,2040.123938446432,385.7941173710876,606.9894569889884,438.23882698860695,328.1481805136305,16.89282010001838,5.71897972965292,18.28825873878597,16.147559625167478,27.94150417891893,17.925443763365244,21.19827014553871,20.743501878296573,939.7371567773472,54411.0,0.7750911616588368,0.647920360020538,447.19090885900994,12154.0,0.7653298601873189,0.687583540458948,528.5756851698602,15901.0,0.7257917941225542,0.7178447194710836,497.5290039756343,11224.0,0.5728170116042103,0.8607550329529462,522.8772003600252,14700.0,0.6732086837978954,0.7762012532667162,43.04276272167831,51.345718277925954,41.050007756019966,33.77560387545945,0
