cow,farmname,robotside,filename,directory,date,time,size,computer,begin_time,end_time,yield,device_name,conductivity_lf,conductivity_lr,conductivity_rf,conductivity_rr,mean_flow_lf,mean_flow_lr,mean_flow_rf,mean_flow_rr,yield_lf,yield_lr,yield_rf,yield_rr,occ(*1000_cells/ml),peak_flow_lf,peak_flow_lr,peak_flow_rf,peak_flow_rr,interval,quarters_num,num_videos,birth_date,age_in_days,last_calving_date,days_in_milk,lactation_number,total_kick-offs_last_7d,peak_occ_current_lactation,latest_lifetime_daily_yield,total_lifetime_yield,type,avg._occ_last_9_milkings,avg._flow_last_7_days,avg._yield_per_milking_last_7d,total_yield_in_lactation,peak_yield,peak_yield_day,peak_occ_current_lactation.1
764,laufenberg,right,0764_20231117_144922.bag,videos_1,20231117,14:49:54,3807979957,maria,11/17/2023 2:49 PM,2:58 PM,41.54,VMS_3,4.29,4.25,4.36,6.13,2.51,2.65,2.51,1.32,12.85,14.97,11.84,1.87,,3.97,3.57,3.84,2.51,08:58:24,4.0,1,3/6/2017,2448,6/6/2023,165.0,5,,1180.0,45.1,110525.0,Tank,,9.31,36.63,17444.06,124.27,42.0,1180.0
902,laufenberg,right,0902_20231117_142952.bag,videos_1,20231117,14:30:30,4303784100,maria,11/17/2023 2:28 PM,2:39 PM,49.58,VMS_3,5.29,4.51,,4.07,1.98,3.17,,3.17,11.11,18.36,,20.11,,2.78,4.23,,4.1,13:45:15,3.0,1,12/31/2017,2148,9/13/2023,66.0,4,8.0,3651.0,42.5,91337.0,Tank,,7.92,39.51,6184.74,,,3651.0
970,laufenberg,right,0970_20231117_150812.bag,videos_1,20231117,15:08:38,2800097357,maria,11/17/2023 3:08 PM,3:15 PM,49.38,VMS_3,4.16,3.98,3.89,3.92,3.17,3.7,3.31,3.31,9.63,13.8,10.89,15.06,,4.63,5.03,4.5,4.23,12:23:12,4.0,1,5/6/2018,2022,6/5/2023,166.0,4,,2171.0,50.3,101614.0,Tank,,11.84,38.22,18725.98,129.75,43.0,2171.0
973,laufenberg,right,0973_20231117_135700.bag,videos_1,20231117,13:57:48,5620008570,maria,11/17/2023 1:56 PM,2:09 PM,58.51,VMS_4,4.66,4.42,4.34,4.32,2.25,2.38,1.72,1.85,14.73,14.64,13.67,15.48,,3.17,3.44,2.65,2.91,19:20:32,4.0,1,5/13/2018,2015,1/8/2023,314.0,3,,3131.0,50.6,101977.0,Tank,,8.98,45.19,33392.1,127.05,144.0,3131.0
1116,laufenberg,right,1116_20231117_141845.bag,videos_1,20231117,14:19:42,6708885177,maria,11/17/2023 2:17 PM,2:27 PM,54.85,VMS_4,4.4,4.36,4.48,4.32,2.51,3.17,2.78,2.91,10.19,16.8,12.68,15.19,,3.44,4.1,3.7,3.84,12:23:57,4.0,1,3/5/2019,1719,8/4/2023,106.0,3,,397.0,37.2,63975.0,Tank,,11.0,44.24,11476.25,128.15,42.0,397.0
1223,laufenberg,right,1223_20231117_110830.bag,videos_1,20231117,11:09:04,3923648168,maria,11/17/2023 11:07 AM,11:13 AM,21.65,VMS_4,4.14,4.1,4.22,3.96,2.91,3.17,3.04,3.04,4.63,6.64,5.2,5.18,,4.23,4.37,4.37,4.37,05:54:42,4.0,5,1/30/2020,1388,1/9/2023,313.0,2,,131.0,41.4,57520.0,Tank,,10.37,24.39,31026.43,113.97,42.0,131.0
1236,laufenberg,right,1236_20231117_142505.bag,videos_1,20231117,14:25:42,4112333268,maria,11/17/2023 2:24 PM,2:34 PM,35.05,VMS_2,4.38,4.46,4.38,4.59,1.59,1.59,2.51,1.72,7.67,9.88,8.36,9.15,8.0,2.25,2.25,3.44,2.38,08:52:44,4.0,1,3/13/2020,1345,4/28/2023,204.0,2,,2180.0,37.1,49921.0,Tank,25.0,7.47,37.62,22182.41,129.73,53.0,2180.0
1261,laufenberg,right,1261_20231117_134027.bag,videos_1,20231117,13:41:08,4774026248,maria,11/17/2023 1:39 PM,1:48 PM,45.37,VMS_4,4.8,4.83,4.81,4.39,3.44,3.04,2.38,3.04,9.63,13.78,7.52,14.44,,5.42,3.97,3.7,4.1,09:33:27,4.0,1,5/5/2020,1292,6/29/2023,142.0,2,,280.0,31.0,40109.0,Tank,,10.99,43.8,16902.18,131.02,35.0,280.0
1262,laufenberg,right,1262_20231117_121934.bag,videos_1,20231117,12:19:56,2376087276,maria,11/17/2023 12:18 PM,12:30 PM,54.61,VMS_4,4.54,4.56,4.48,0.0,2.78,3.17,2.91,0.26,17.92,17.99,18.54,0.15,,4.37,5.42,4.5,0.53,12:21:57,4.0,1,5/5/2020,1292,7/28/2023,113.0,2,3.0,1394.0,32.9,42456.0,Tank,,8.12,41.33,12085.61,118.14,97.0,1394.0
1271,laufenberg,right,1271_20231117_164614.bag,videos_1,20231117,16:46:48,3830368406,maria,11/17/2023 4:46 PM,4:56 PM,57.98,VMS_3,4.16,4.19,4.23,4.23,3.7,2.38,2.78,2.51,13.51,15.96,13.98,14.53,,5.16,3.44,3.84,3.44,13:44:26,4.0,1,5/23/2020,1274,6/22/2023,149.0,2,,334.0,29.4,37487.0,Tank,,10.98,44.86,15887.86,122.48,63.0,334.0
1281,laufenberg,right,1281_20231117_111109.bag,videos_1,20231117,11:11:42,3761340170,maria,11/17/2023 11:08 AM,11:20 AM,25.0,VMS_3,4.56,4.51,4.49,4.6,2.12,1.72,2.25,1.59,6.42,6.48,6.42,5.69,,3.57,2.91,3.7,2.78,08:20:14,4.0,1,6/15/2020,1251,7/5/2023,136.0,2,1.0,111.0,31.4,39229.0,Tank,,10.87,39.56,14926.62,122.73,75.0,111.0
1288,laufenberg,right,1288_20231117_111541.bag,videos_1,20231117,11:16:00,2187082098,maria,11/17/2023 11:14 AM,11:28 AM,52.91,VMS_4,3.87,4.16,4.08,4.03,1.59,1.72,1.85,1.72,12.61,13.47,14.7,12.13,,2.25,2.78,2.78,3.31,12:06:51,4.0,1,7/2/2020,1234,9/17/2023,62.0,2,13.0,91.0,28.0,34600.0,Tank,,6.89,49.41,6149.47,,,91.0
1291,laufenberg,right,1291_20231117_112153.bag,videos_1,20231117,11:22:08,1539712713,maria,11/17/2023 11:21 AM,11:27 AM,24.71,VMS_3,5.09,4.51,4.49,4.53,2.65,2.65,3.57,2.65,3.73,6.57,6.5,7.91,,3.84,3.7,5.42,3.44,06:11:21,4.0,1,7/19/2020,1217,7/15/2023,126.0,2,,1565.0,26.6,32380.0,Tank,,12.01,26.87,12204.18,109.54,58.0,1565.0
1293,laufenberg,right,1293_20231117_112814.bag,videos_1,20231117,11:28:30,1615495334,maria,11/17/2023 11:28 AM,11:37 AM,46.21,VMS_3,4.22,4.44,4.36,4.47,2.25,2.38,2.12,2.51,13.03,10.78,12.99,9.41,,3.04,3.7,3.04,3.57,12:17:04,4.0,1,7/26/2020,1210,6/4/2023,167.0,2,1.0,145.0,28.5,34444.0,Tank,,9.98,35.27,16445.36,114.84,23.0,145.0
1295,laufenberg,right,1295_20231117_130928.bag,videos_1,20231117,13:09:54,2950439772,maria,11/17/2023 1:07 PM,1:16 PM,35.36,VMS_4,,4.23,4.34,4.11,,3.31,2.38,3.04,,13.49,7.47,14.4,,,4.23,3.84,4.1,10:43:18,3.0,1,7/31/2020,1205,6/29/2023,142.0,2,,917.0,18.1,21780.0,Tank,,8.53,29.47,11487.5,96.62,99.0,917.0
1300,laufenberg,right,1300_20231117_130153.bag,videos_1,20231117,13:02:18,2673278482,maria,11/17/2023 1:00 PM,1:06 PM,19.82,VMS_4,4.27,4.23,4.08,4.05,2.38,2.65,1.72,2.65,4.94,5.78,2.98,6.13,,3.17,4.1,2.78,3.84,05:10:56,4.0,1,8/15/2020,1190,7/21/2023,120.0,2,,1540.0,25.4,30209.0,Tank,,10.12,29.99,11538.49,115.34,45.0,1540.0
1315,laufenberg,right,1315_20231117_115302.bag,videos_1,20231117,11:53:22,2169905035,maria,11/17/2023 11:52 AM,12:03 PM,44.84,VMS_3,4.5,4.64,4.49,4.6,2.25,1.98,2.12,2.38,8.75,12.1,10.25,13.73,,3.04,3.31,2.91,3.31,10:47:17,4.0,1,9/16/2020,1158,10/5/2023,44.0,2,,548.0,18.9,21921.0,Tank,,9.88,33.12,3557.64,,,548.0
1320,laufenberg,right,1320_20231117_132737.bag,videos_1,20231117,13:27:56,2100876705,maria,11/17/2023 1:26 PM,1:36 PM,55.29,VMS_3,3.9,3.9,3.95,4.06,1.98,2.51,1.85,2.38,11.62,16.2,11.62,15.85,,2.91,3.7,2.78,3.7,16:59:47,4.0,1,10/31/2020,1113,9/29/2022,415.0,1,,74.0,27.4,30533.0,Tank,,10.37,49.02,30532.63,86.23,49.0,74.0
1325,laufenberg,right,1325_20231117_113835.bag,videos_1,20231117,11:39:10,3976722262,maria,11/17/2023 11:38 AM,11:45 AM,32.96,VMS_3,,4.71,4.76,4.6,,3.97,3.7,2.78,,15.23,12.65,5.07,,,5.56,4.89,3.7,08:57:03,3.0,1,10/11/2020,1133,8/24/2023,86.0,2,,1422.0,21.0,23812.0,Tank,,10.0,30.67,6504.96,,,1422.0
1329,laufenberg,right,1329_20231117_132115.bag,videos_1,20231117,13:21:44,3289467287,maria,11/17/2023 1:18 PM,1:28 PM,40.21,VMS_4,4.54,4.49,4.34,4.38,2.91,3.04,2.12,2.78,10.65,10.87,8.84,9.85,,4.23,3.97,2.91,3.7,12:55:25,4.0,1,11/12/2020,1101,11/27/2022,356.0,1,,234.0,24.3,26715.0,Tank,,10.25,30.51,26714.65,81.77,49.0,234.0
1335,laufenberg,right,1335_20231117_121441.bag,videos_1,20231117,12:15:02,2274830396,maria,11/17/2023 12:13 PM,12:20 PM,40.59,VMS_3,4.49,4.24,4.49,4.33,3.57,4.1,3.04,3.31,8.38,12.02,8.58,11.62,,4.63,5.29,4.37,4.5,08:49:16,4.0,1,11/22/2020,1091,10/4/2023,45.0,2,,168.0,20.5,22405.0,Tank,,13.43,36.14,4026.9,,,168.0
1354,laufenberg,right,1354_20231117_125009.bag,videos_1,20231117,12:50:36,3074085101,maria,11/17/2023 12:49 PM,12:59 PM,45.04,VMS_3,4.03,,4.02,4.06,3.57,,2.65,2.78,15.17,,15.28,14.59,,4.5,,3.44,4.1,13:15:13,3.0,1,12/23/2020,1060,2/23/2023,268.0,1,,160.0,20.1,21338.0,Tank,,9.93,42.0,21338.46,88.51,96.0,160.0
1359,laufenberg,right,1359_20231117_124049.bag,videos_1,20231117,12:41:10,2313493159,maria,11/17/2023 12:39 PM,12:48 PM,40.12,VMS_3,4.03,4.24,4.15,4.2,2.38,2.38,2.65,2.12,10.21,9.19,9.24,11.49,,3.44,3.57,3.7,2.78,09:24:33,4.0,1,1/16/2021,1036,2/2/2023,289.0,1,,3222.0,24.8,25650.0,Tank,,9.61,32.34,25649.93,99.63,142.0,3222.0
1360,laufenberg,right,1360_20231117_150535.bag,videos_1,20231117,15:06:16,4731782740,maria,11/17/2023 3:05 PM,3:12 PM,30.49,VMS_4,4.06,4.09,4.01,3.93,2.78,2.65,1.98,2.51,7.65,7.32,8.05,7.47,,3.7,3.57,3.17,3.84,08:35:11,4.0,2,1/20/2021,1032,2/10/2023,281.0,1,,1208.0,22.1,22799.0,Tank,,8.82,28.94,22799.09,93.28,44.0,1208.0
1376,laufenberg,right,1376_20231117_123958.bag,videos_1,20231117,12:40:18,2186674284,maria,11/17/2023 12:39 PM,12:44 PM,13.8,VMS_4,4.27,4.36,4.28,4.24,2.25,2.25,2.51,1.98,3.22,3.73,3.33,3.53,,4.1,3.17,3.84,2.91,04:02:23,4.0,1,2/9/2021,1012,2/13/2023,278.0,1,,465.0,22.3,22612.0,Tank,,10.13,21.91,22611.98,89.72,125.0,465.0
1389,laufenberg,right,1389_20231117_152844.bag,videos_1,20231117,15:29:02,1930591495,maria,11/17/2023 3:28 PM,3:38 PM,38.85,VMS_3,4.16,0.0,4.16,4.05,2.91,0.53,2.25,1.72,14.59,0.71,15.48,8.07,,4.23,1.72,3.04,2.25,12:09:28,4.0,1,2/27/2021,994,1/9/2023,313.0,1,,4011.0,21.9,21775.0,Tank,,7.05,39.95,21774.55,79.91,60.0,4011.0
1396,laufenberg,right,1396_20231117_122138.bag,videos_1,20231117,12:22:06,3238838847,maria,11/17/2023 12:21 PM,12:28 PM,30.8,VMS_3,,4.37,4.42,4.46,,3.84,3.57,2.65,,11.4,8.97,10.43,,,5.03,5.42,3.31,09:27:12,3.0,1,3/8/2021,985,4/8/2023,224.0,1,,534.0,17.5,17240.0,Tank,,8.94,27.04,17239.51,88.85,71.0,534.0
1397,laufenberg,right,1397_20231117_114638.bag,videos_1,20231117,11:47:12,3825157020,maria,11/17/2023 11:46 AM,11:51 AM,20.35,VMS_3,3.89,3.9,3.95,4.13,3.97,3.57,3.7,3.04,4.43,6.39,4.54,4.98,,5.42,4.89,5.03,3.97,07:41:13,4.0,1,3/8/2021,985,3/13/2023,250.0,1,,262.0,19.7,19383.0,Tank,,13.48,25.01,19382.71,93.78,39.0,262.0
1399,laufenberg,right,1399_20231117_142847.bag,videos_1,20231117,14:29:08,2508932550,maria,11/17/2023 2:28 PM,2:37 PM,30.67,VMS_4,4.26,3.89,4.01,3.92,1.98,1.85,1.85,1.59,5.91,9.96,7.39,7.41,,2.91,2.51,2.51,2.25,08:50:13,4.0,1,3/17/2021,976,3/8/2023,255.0,1,,3862.0,21.8,21298.0,Tank,,7.37,28.09,21298.47,98.05,133.0,3862.0
1401,laufenberg,right,1401_20231117_141034.bag,videos_1,20231117,14:11:02,3094027896,maria,11/17/2023 2:09 PM,2:16 PM,35.49,VMS_4,3.66,3.75,3.67,3.72,4.76,3.04,4.1,3.57,9.66,7.32,9.37,9.15,,6.35,4.23,5.29,4.63,13:53:04,4.0,1,3/24/2021,969,3/11/2023,252.0,1,,1142.0,17.2,16659.0,Tank,,14.87,24.75,16659.32,80.09,57.0,1142.0
1404,laufenberg,right,1404_20231117_130822.bag,videos_1,20231117,13:08:42,2224522034,maria,11/17/2023 1:07 PM,1:16 PM,19.8,VMS_3,4.7,4.44,4.62,4.4,3.17,3.84,3.31,3.97,3.86,6.75,3.81,5.38,,4.37,5.56,4.63,5.29,05:32:19,4.0,1,4/2/2021,960,3/6/2023,257.0,1,,357.0,21.3,20472.0,Tank,,13.39,17.58,20472.46,87.71,116.0,357.0
1409,laufenberg,right,1409_20231117_164140.bag,videos_1,20231117,16:41:58,1922614377,maria,11/17/2023 4:40 PM,4:47 PM,26.74,VMS_4,4.13,4.15,4.07,3.33,1.85,2.25,1.85,2.51,5.86,8.16,5.97,6.75,,2.38,3.44,2.91,3.44,07:00:52,4.0,1,4/22/2021,940,5/21/2023,181.0,1,2.0,591.0,16.5,15534.0,Tank,,9.19,23.92,15534.1,96.75,129.0,591.0
1410,laufenberg,right,1410_20231117_140610.bag,videos_1,20231117,14:06:42,3662848928,maria,11/17/2023 2:06 PM,2:16 PM,35.78,VMS_3,4.03,4.17,4.22,,1.59,2.51,1.72,,9.3,14.9,11.57,,,2.25,3.31,2.51,,10:59:45,3.0,1,4/23/2021,939,3/10/2023,253.0,1,,568.0,18.2,17043.0,Tank,,5.96,29.79,17043.04,80.71,130.0,568.0
1412,laufenberg,right,1412_20231117_131754.bag,videos_1,20231117,13:18:24,3499318009,maria,11/17/2023 1:17 PM,1:25 PM,19.18,VMS_3,3.96,0.0,4.08,4.0,2.12,0.53,1.98,1.32,6.28,1.3,6.26,5.34,,3.57,1.32,3.44,2.25,07:15:25,4.0,1,4/26/2021,936,5/1/2023,201.0,1,2.0,3114.0,16.6,15503.0,Tank,,6.32,31.36,15503.33,92.53,136.0,3114.0
1414,laufenberg,right,1414_20231117_120922.bag,videos_1,20231117,12:09:38,1751106340,maria,11/17/2023 12:08 PM,12:17 PM,41.34,VMS_4,4.07,4.03,4.08,3.9,2.91,2.12,3.44,3.7,8.44,11.49,9.35,12.06,,3.97,3.17,4.37,5.42,16:17:17,4.0,1,4/30/2021,932,2/23/2023,268.0,1,1.0,1442.0,22.6,21061.0,Tank,,11.46,36.24,21060.59,90.64,71.0,1442.0
1417,laufenberg,right,1417_20231117_165013.bag,videos_1,20231117,16:50:36,2516909668,maria,11/17/2023 4:49 PM,4:56 PM,32.21,VMS_4,4.33,4.35,4.27,,3.31,2.65,3.57,,10.12,11.18,10.91,,,4.5,3.57,4.63,,08:35:07,3.0,1,5/4/2021,928,4/9/2023,223.0,1,,71.0,19.7,18237.0,Tank,,8.8,30.81,18237.06,91.35,126.0,71.0
1419,laufenberg,right,1419_20231117_132922.bag,videos_1,20231117,13:30:06,5013747602,maria,11/17/2023 1:28 PM,1:38 PM,44.91,VMS_4,4.94,4.96,4.95,4.92,3.31,2.65,2.65,2.12,10.01,10.63,11.2,13.07,,4.5,3.7,3.44,3.04,13:17:03,4.0,1,5/7/2021,925,3/27/2023,236.0,1,1.0,4997.0,21.1,19552.0,Tank,,10.42,35.92,19552.23,94.24,119.0,4997.0
1422,laufenberg,right,1422_20231117_144116.bag,videos_1,20231117,14:41:40,2683206319,maria,11/17/2023 2:40 PM,2:48 PM,36.22,VMS_3,3.55,3.57,3.48,3.6,1.32,3.31,3.44,3.31,1.15,13.56,8.77,12.74,,3.04,4.5,4.76,4.5,15:57:21,4.0,1,5/12/2021,920,3/11/2023,252.0,1,1.0,54.0,19.6,18059.0,Tank,,11.15,28.99,18058.53,84.07,85.0,54.0
1423,laufenberg,right,1423_20231117_135006.bag,videos_1,20231117,13:51:04,6751536499,maria,11/17/2023 1:48 PM,1:55 PM,24.93,VMS_4,4.33,4.36,4.34,4.26,3.17,2.51,2.78,2.91,6.11,5.95,6.17,6.7,,4.23,3.31,3.84,3.84,07:25:31,4.0,1,5/23/2021,909,5/6/2023,196.0,1,3.0,180.0,16.4,14943.0,Tank,,11.71,25.82,14942.74,86.73,74.0,180.0
1424,laufenberg,right,1424_20231117_143759.bag,videos_1,20231117,14:38:24,2719918363,maria,11/17/2023 2:37 PM,2:43 PM,16.2,VMS_4,4.06,3.96,4.07,4.12,2.25,1.59,2.25,1.85,4.3,2.82,5.29,3.79,,3.44,2.38,3.31,2.65,05:10:10,4.0,1,6/1/2021,900,5/22/2023,180.0,1,1.0,325.0,13.0,11664.0,Tank,,8.59,22.55,11663.98,78.97,115.0,325.0
1432,laufenberg,right,1432_20231117_133858.bag,videos_1,20231117,13:39:42,5073168173,maria,11/17/2023 1:37 PM,1:46 PM,29.21,VMS_3,4.03,4.1,4.08,4.06,1.98,2.38,3.31,2.38,6.9,8.02,7.36,6.92,,2.91,3.17,4.63,3.17,07:36:00,4.0,1,6/13/2021,888,8/17/2023,93.0,1,,920.0,8.3,7373.0,Tank,,9.8,30.89,7373.36,,,920.0
1434,laufenberg,right,1434_20231117_124532.bag,videos_1,20231117,12:46:00,3131555568,maria,11/17/2023 12:44 PM,12:53 PM,38.8,VMS_4,4.34,4.36,4.34,4.24,2.91,1.98,3.04,2.25,9.83,9.72,10.32,8.93,,3.7,3.17,3.97,3.7,08:49:18,4.0,1,6/15/2021,886,5/5/2023,197.0,1,,422.0,20.7,18347.0,Tank,,10.33,42.85,18347.29,109.48,108.0,422.0
1441,laufenberg,right,1441_20231117_162056.bag,videos_1,20231117,16:21:14,1909425873,maria,11/17/2023 4:20 PM,4:27 PM,19.91,VMS_3,3.76,3.72,3.83,5.44,1.59,2.78,1.98,1.59,4.59,6.86,6.17,2.29,,2.78,3.84,2.78,2.65,07:48:14,4.0,1,7/18/2021,853,,193.0,1,,3102.0,13.2,11301.0,Tank,,8.26,23.56,11300.92,65.96,93.0,3102.0
1442,laufenberg,right,1442_20231117_144458.bag,videos_1,20231117,14:45:54,6416497543,maria,11/17/2023 2:44 PM,2:53 PM,33.27,VMS_4,4.19,4.16,4.07,3.93,2.51,1.85,2.25,2.78,7.58,8.73,7.72,9.24,,3.57,2.78,2.91,3.57,10:48:25,4.0,1,7/19/2021,852,6/5/2023,166.0,1,,162.0,13.7,11695.0,Tank,,9.21,25.31,11695.39,82.83,129.0,162.0
1443,laufenberg,right,1443_20231117_161630.bag,videos_1,20231117,16:16:46,1822900402,maria,11/17/2023 4:15 PM,4:26 PM,32.67,VMS_4,3.72,3.96,3.87,4.13,1.59,1.19,1.72,1.32,7.3,8.38,10.23,6.77,,2.25,1.85,2.38,1.85,09:15:46,4.0,1,7/19/2021,852,7/27/2023,114.0,1,,600.0,10.1,8621.0,Tank,,5.59,29.84,8621.05,86.78,65.0,600.0
1456,laufenberg,right,1456_20231117_163305.bag,videos_1,20231117,16:33:20,1560878335,maria,11/17/2023 4:32 PM,4:40 PM,25.9,VMS_4,3.93,4.02,4.01,4.12,1.59,2.25,2.38,1.85,5.82,6.9,6.55,6.64,,2.51,2.91,4.1,2.51,07:54:02,4.0,1,9/3/2021,806,7/9/2023,132.0,1,,417.0,11.3,9118.0,Tank,,7.6,21.5,9117.57,78.13,54.0,417.0
1457,laufenberg,right,1457_20231117_145604.bag,videos_1,20231117,14:56:44,4533897695,maria,11/17/2023 2:53 PM,3:04 PM,41.34,VMS_4,4.39,4.43,4.48,4.39,2.78,2.38,2.51,2.25,10.12,9.15,9.9,12.17,,3.7,3.44,3.17,3.17,11:14:56,4.0,1,9/3/2021,806,10/10/2023,39.0,1,3.0,265.0,4.0,3246.0,Tank,,9.7,30.14,3245.67,,,265.0
1458,laufenberg,right,1458_20231117_135837.bag,videos_1,20231117,13:58:52,1749883513,maria,11/17/2023 1:58 PM,2:03 PM,26.37,VMS_3,,3.77,3.95,3.8,,3.44,3.04,2.91,,9.15,8.55,8.66,,,4.37,4.5,3.97,07:50:55,3.0,1,9/8/2021,801,9/26/2023,53.0,1,,420.0,3.7,3003.0,Tank,,8.9,22.57,3002.67,,,420.0
1460,laufenberg,right,1460_20231117_115153.bag,videos_1,20231117,11:52:24,3450232474,maria,11/17/2023 11:51 AM,12:01 PM,25.84,VMS_4,4.01,4.16,4.08,4.1,1.19,1.19,1.06,1.32,5.58,7.45,5.6,7.21,,2.65,1.98,1.72,2.25,08:28:39,4.0,1,9/10/2021,799,8/2/2023,108.0,1,1.0,294.0,8.3,6599.0,Tank,,4.97,21.85,6599.01,72.13,107.0,294.0
1461,laufenberg,right,1461_20231117_123203.bag,videos_1,20231117,12:32:30,3078888673,maria,11/17/2023 12:31 PM,12:38 PM,36.31,VMS_4,4.2,4.16,4.14,3.91,2.91,3.04,2.38,2.38,8.91,10.41,8.91,8.09,,4.1,4.23,3.44,3.17,10:46:29,4.0,1,9/20/2021,789,9/4/2023,75.0,1,,411.0,7.6,6007.0,Tank,,10.03,28.88,6007.38,,,411.0
1462,laufenberg,right,1462_20231117_134845.bag,videos_1,20231117,13:49:12,3107216400,maria,11/17/2023 1:47 PM,1:54 PM,35.89,VMS_3,3.9,3.77,3.88,3.79,4.76,3.7,4.37,3.31,9.68,8.73,8.69,8.8,,6.48,5.29,5.95,4.37,11:14:16,4.0,1,9/23/2021,786,10/31/2023,18.0,1,1.0,20.0,1.5,1167.0,Tank,,15.56,30.11,1166.82,,,20.0
1463,laufenberg,right,1463_20231117_141744.bag,videos_1,20231117,14:18:06,2397252898,maria,11/17/2023 2:17 PM,2:28 PM,53.77,VMS_3,4.5,4.51,4.68,4.6,1.98,2.91,1.85,1.98,11.07,16.4,11.29,15.01,,3.17,4.1,2.65,2.65,12:44:47,4.0,1,9/26/2021,783,9/6/2023,73.0,1,,322.0,8.2,6421.0,Tank,,8.31,44.22,6421.45,,,322.0
1468,laufenberg,right,1468_20231117_113916.bag,videos_1,20231117,11:41:04,12744797771,maria,11/17/2023 11:38 AM,11:50 AM,41.38,VMS_4,4.34,3.9,4.35,4.23,2.38,2.12,2.12,1.98,9.13,13.51,8.88,9.85,,3.31,3.17,2.78,2.65,12:20:12,4.0,2,10/10/2021,769,9/1/2023,78.0,1,,248.0,6.7,5164.0,Tank,,7.62,30.95,5164.48,,,248.0
1470,laufenberg,right,1470_20231117_145926.bag,videos_1,20231117,14:59:58,3786494257,maria,11/17/2023 2:58 PM,3:05 PM,26.52,VMS_3,4.23,4.18,4.23,4.18,3.57,3.57,3.17,2.38,6.57,6.97,6.26,6.72,,6.22,5.56,5.16,3.44,09:30:50,4.0,1,10/14/2021,765,10/9/2023,40.0,1,,311.0,3.3,2529.0,Tank,,11.05,19.36,2528.79,,,311.0
1471,laufenberg,right,1471_20231117_161255.bag,videos_1,20231117,16:13:10,1583586862,maria,11/17/2023 4:12 PM,4:19 PM,37.28,VMS_3,4.42,4.25,4.03,4.32,2.65,2.38,2.12,2.91,7.91,9.7,8.84,10.82,,3.57,3.44,3.31,4.1,10:04:11,4.0,1,10/21/2021,758,10/4/2023,45.0,1,1.0,57.0,4.4,3320.0,Tank,,10.25,26.93,3319.83,,,57.0
1472,laufenberg,right,1472_20231117_122932.bag,videos_1,20231117,12:29:52,2189847830,maria,11/17/2023 12:28 PM,12:38 PM,26.39,VMS_3,3.69,3.71,3.82,3.79,1.98,1.32,1.98,1.32,6.55,6.31,7.63,5.91,,3.04,2.51,2.78,1.98,11:59:08,4.0,1,10/22/2021,757,9/18/2023,61.0,1,,177.0,4.3,3220.0,Tank,,6.0,23.32,3219.54,,,177.0
1473,laufenberg,right,1473_20231117_105808.bag,videos_1,20231117,10:58:30,2461069842,maria,11/17/2023 10:57 AM,11:05 AM,36.88,VMS_3,4.56,4.51,4.22,4.67,1.85,3.17,1.72,2.78,6.13,12.41,7.05,11.29,,2.91,4.37,2.38,4.1,10:11:40,4.0,1,10/23/2021,756,10/27/2023,22.0,1,,468.0,1.7,1305.0,Tank,,9.82,30.47,1305.14,,,468.0
1475,laufenberg,right,1475_20231117_162805.bag,videos_1,20231117,16:28:20,1683300837,maria,11/17/2023 4:27 PM,4:34 PM,43.39,VMS_3,4.23,4.13,4.23,4.23,3.97,3.31,3.31,4.1,9.39,12.72,8.97,12.3,,5.29,4.76,5.03,5.29,10:43:05,4.0,1,10/29/2021,750,10/9/2023,40.0,1,,622.0,4.0,3013.0,Tank,,14.08,39.72,3013.28,,,622.0
1476,laufenberg,right,1476_20231117_171509.bag,videos_1,20231117,17:15:26,1894694464,maria,11/17/2023 5:14 PM,5:24 PM,23.77,VMS_4,3.99,3.95,4.0,4.14,1.46,1.19,1.46,1.06,5.84,5.91,6.06,5.95,,1.98,1.85,1.98,1.72,09:20:49,4.0,1,10/29/2021,750,10/15/2023,34.0,1,5.0,294.0,2.4,1763.0,Tank,,5.37,19.85,1763.15,,,294.0
1478,laufenberg,right,1478_20231117_160449.bag,videos_1,20231117,16:05:06,1965265699,maria,11/17/2023 4:03 PM,4:10 PM,29.98,VMS_3,4.22,4.05,4.23,4.19,2.51,3.04,3.17,2.25,7.03,8.53,7.63,6.79,,3.57,4.1,4.23,3.57,09:39:28,4.0,1,11/1/2021,747,9/6/2023,73.0,1,,717.0,7.0,5249.0,Tank,,11.41,24.44,5248.55,,,717.0
1479,laufenberg,right,1479_20231117_172226.bag,videos_1,20231117,17:22:50,2720326177,maria,11/17/2023 5:22 PM,5:29 PM,24.07,VMS_3,4.02,4.06,4.16,4.1,1.59,1.98,2.12,1.59,6.24,6.0,6.72,5.11,,2.38,2.78,2.91,2.25,09:58:07,4.0,1,11/2/2021,746,11/13/2023,5.0,1,,,0.3,205.0,Tank,,9.26,22.8,205.23,,,
1483,laufenberg,right,1483_20231117_163850.bag,videos_1,20231117,16:39:06,1755094899,maria,11/17/2023 4:35 PM,4:45 PM,35.85,VMS_3,3.96,3.86,3.97,3.96,3.04,2.91,3.17,2.38,8.58,9.08,8.05,10.14,,4.5,4.23,4.37,3.31,09:42:46,4.0,1,11/7/2021,741,10/25/2023,24.0,1,,248.0,2.3,1706.0,Tank,,12.14,27.6,1706.29,,,248.0
1486,laufenberg,right,1486_20231117_125458.bag,videos_1,20231117,12:55:20,2309504600,maria,11/17/2023 12:53 PM,1:00 PM,27.56,VMS_4,4.14,4.03,4.21,3.98,2.91,3.7,2.91,3.84,6.92,7.47,7.14,6.02,,4.1,4.63,3.97,6.22,09:04:30,4.0,1,11/20/2021,728,9/14/2023,65.0,1,,720.0,5.6,4050.0,Tank,,13.37,21.91,4049.98,,,720.0
1487,laufenberg,right,1487_20231117_120420.bag,videos_1,20231117,12:04:56,4120310386,maria,11/17/2023 12:03 PM,12:11 PM,30.38,VMS_3,4.23,4.24,4.36,4.13,1.85,2.65,1.98,2.25,6.92,9.11,6.37,7.98,,2.51,3.7,2.91,3.04,08:31:54,4.0,1,11/20/2021,728,10/23/2023,26.0,1,1.0,134.0,2.2,1631.0,Tank,,8.15,27.0,1630.56,,,134.0
1495,laufenberg,right,1495_20231117_110027.bag,videos_1,20231117,11:01:08,4694662882,maria,11/17/2023 11:00 AM,11:06 AM,27.21,VMS_4,4.07,4.03,4.22,4.1,2.91,1.72,2.91,1.98,7.05,5.62,7.87,6.66,,4.1,2.65,4.23,3.04,10:02:46,4.0,1,11/23/2021,725,10/27/2023,22.0,1,2.0,65.0,1.5,1069.0,Tank,,9.63,25.2,1068.58,,,65.0
1503,laufenberg,right,1503_20231117_170540.bag,videos_1,20231117,17:06:02,9749305,maria,11/17/2023 5:04 PM,5:12 PM,25.2,VMS_3,4.22,4.13,4.29,4.1,2.91,1.85,2.91,1.32,6.68,5.64,6.9,5.97,,4.1,2.65,3.84,1.85,09:33:09,4.0,1,12/9/2021,709,11/10/2023,8.0,1,,,0.5,358.0,Tank,,8.48,24.0,357.92,,,
1504,laufenberg,right,1504_20231117_165817.bag,videos_1,20231117,16:58:34,1853586047,maria,11/17/2023 4:57 PM,5:03 PM,8.14,VMS_3,4.76,4.46,5.1,4.3,0.79,1.06,1.19,1.19,1.46,1.7,2.09,2.89,,1.46,1.59,2.12,1.72,09:20:00,4.0,1,12/10/2021,708,11/5/2023,13.0,1,,171.0,0.4,259.0,Tank,,5.62,11.01,258.98,,,171.0
1511,laufenberg,right,1511_20231117_171404.bag,videos_1,20231117,17:14:28,125500272,maria,11/17/2023 5:13 PM,5:19 PM,17.9,VMS_3,4.56,4.53,4.63,4.64,3.31,2.91,2.91,3.04,4.7,4.83,4.63,3.75,,5.16,4.76,4.63,4.63,09:29:35,4.0,1,12/22/2021,696,11/14/2023,4.0,1,2.0,,0.2,105.0,Tank,,8.5,15.07,105.47,,,
1003,laufenberg,left,1003_20231117_163646.bag,videos_2,20231117,16:36:56,1247122535,guilherme,11/17/2023 4:35 PM,4:43 PM,31.44,VMS_1,,4.48,4.47,4.42,,2.38,3.31,3.44,,9.26,10.65,11.53,25.0,,3.7,4.23,4.63,08:09:45,3.0,1,6/21/2018,1976,7/26/2023,115.0,3,,228.0,38.5,76079.0,Tank,26.0,9.1,34.8,13368.59,138.39,56.0,228.0
1039,laufenberg,left,1039_20231117_120824.bag,videos_2,20231117,12:08:44,2423789589,guilherme,11/17/2023 12:08 PM,12:16 PM,40.83,VMS_1,4.64,5.22,4.87,4.76,2.78,2.91,1.72,3.04,9.96,10.87,7.69,12.3,62.0,4.23,3.97,2.38,4.23,10:49:00,4.0,1,8/13/2018,1923,1/19/2023,303.0,3,,165.0,49.0,94161.0,Tank,62.0,9.98,37.24,35642.3,146.19,54.0,165.0
1040,laufenberg,left,1040_20231117_172657.bag,videos_2,20231117,17:27:30,3490161685,guilherme,11/17/2023 5:25 PM,5:38 PM,55.12,VMS_2,4.92,4.66,4.71,4.67,1.98,2.12,2.65,2.78,9.15,16.84,10.12,19.0,154.0,2.65,2.91,3.84,3.57,09:47:28,4.0,1,8/15/2018,1921,4/18/2023,214.0,3,,1911.0,56.5,108454.0,Tank,203.0,11.02,52.44,28302.07,156.13,94.0,1911.0
1057,laufenberg,left,1057_20231117_140050.bag,videos_2,20231117,14:01:12,2527603715,guilherme,11/17/2023 2:00 PM,2:15 PM,59.68,VMS_1,4.18,4.42,4.2,4.29,1.98,2.25,2.51,2.12,11.24,13.49,19.05,15.9,22.0,2.78,3.57,3.44,3.04,12:46:37,4.0,1,10/6/2018,1869,10/28/2023,21.0,4,1.0,108.0,43.6,81498.0,Tank,16.0,8.37,52.73,1888.92,,,108.0
1074,laufenberg,left,1074_20231117_145637.bag,videos_2,20231117,14:56:58,2242570271,guilherme,11/17/2023 2:56 PM,3:03 PM,36.16,VMS_2,4.65,4.66,4.52,4.6,3.17,3.04,2.78,2.91,6.72,11.44,5.36,12.63,17.0,4.37,3.84,3.97,3.7,07:36:13,4.0,1,11/20/2018,1824,4/9/2023,223.0,3,,4165.0,53.3,97220.0,Tank,33.0,12.39,36.04,28745.18,151.27,77.0,4165.0
1084,laufenberg,left,1084_20231117_150625.bag,videos_2,20231117,15:06:38,1537376667,guilherme,11/17/2023 3:04 PM,3:15 PM,53.04,VMS_2,4.58,4.53,4.52,4.53,2.91,2.51,2.25,2.65,12.08,14.82,10.98,15.17,5.0,3.97,3.44,3.31,3.44,11:03:24,4.0,1,12/9/2018,1805,6/20/2023,151.0,3,,617.0,35.7,64404.0,Tank,12.0,10.68,44.33,17286.71,132.65,102.0,617.0
1089,laufenberg,left,1089_20231117_134638.bag,videos_2,20231117,13:47:04,2540679858,guilherme,11/17/2023 1:46 PM,1:52 PM,43.23,VMS_2,4.45,4.39,4.51,4.53,3.7,3.44,3.97,3.7,9.55,10.87,10.54,12.28,11.0,5.29,4.89,5.82,4.63,07:56:25,4.0,1,12/15/2018,1799,4/30/2023,202.0,3,,1037.0,47.7,85757.0,Tank,14.0,12.92,41.4,25256.36,146.17,51.0,1037.0
1098,laufenberg,left,1098_20231117_115632.bag,videos_2,20231117,11:56:58,3050667196,guilherme,11/17/2023 11:56 AM,12:05 PM,47.95,VMS_1,5.31,5.29,4.87,5.16,2.65,2.25,3.7,2.25,8.44,12.5,14.51,12.5,97.0,3.57,3.04,4.89,3.04,09:10:52,4.0,1,1/7/2019,1776,3/10/2023,253.0,3,,4965.0,57.3,101829.0,Tank,258.0,10.38,43.85,31090.74,141.27,108.0,4965.0
1100,laufenberg,left,1100_20231117_150524.bag,videos_2,20231117,15:05:40,1776947727,guilherme,11/17/2023 3:04 PM,3:11 PM,31.26,VMS_1,4.85,4.82,4.8,4.83,2.12,3.04,2.25,3.31,6.15,9.59,6.37,9.15,142.0,3.17,4.76,3.44,4.5,07:28:54,4.0,1,1/8/2019,1775,2/6/2023,285.0,3,,142.0,46.8,83075.0,Tank,35.0,9.77,41.89,33422.17,130.75,35.0,142.0
1127,laufenberg,left,1127_20231117_144642.bag,videos_2,20231117,14:47:02,2358678106,guilherme,11/17/2023 2:46 PM,2:55 PM,46.43,VMS_2,4.38,4.33,4.31,4.46,2.12,2.78,2.38,3.04,11.79,13.05,12.37,9.22,25.0,3.17,4.1,3.7,4.1,08:07:12,4.0,1,4/12/2019,1681,10/6/2023,43.0,3,,42.0,36.1,60685.0,Tank,18.0,10.81,53.0,4949.11,,,42.0
1139,laufenberg,left,1139_20231117_114132.bag,videos_2,20231117,11:41:48,1948637392,guilherme,11/17/2023 11:41 AM,11:55 AM,54.34,VMS_1,4.44,4.56,4.53,4.43,1.19,1.98,1.72,1.85,11.71,15.1,10.91,16.62,17.0,2.12,3.17,2.65,2.78,10:40:44,4.0,1,5/13/2019,1650,9/24/2023,55.0,3,,162.0,39.2,64644.0,Tank,32.0,7.06,41.92,6246.67,,,162.0
1144,laufenberg,left,1144_20231117_130218.bag,videos_2,20231117,13:02:40,2575514057,guilherme,11/17/2023 1:02 PM,1:10 PM,50.57,VMS_1,4.38,4.15,4.19,4.09,3.7,3.17,3.7,3.7,9.55,16.29,9.46,15.28,42.0,5.16,4.37,5.03,5.16,09:52:04,4.0,1,6/1/2019,1631,8/23/2023,87.0,3,,305.0,36.6,59688.0,Tank,117.0,12.57,38.6,10452.85,,,305.0
1148,laufenberg,left,1148_20231117_163359.bag,videos_2,20231117,16:34:16,1951089212,guilherme,11/17/2023 4:32 PM,4:40 PM,36.62,VMS_2,4.65,5.27,4.58,5.07,3.44,3.7,3.31,2.38,9.88,9.22,10.69,6.83,600.0,4.76,5.16,4.76,3.57,07:32:32,4.0,1,6/22/2019,1610,7/11/2023,130.0,3,,2328.0,49.8,80210.0,Tank,455.0,12.05,33.34,15357.29,146.86,87.0,2328.0
1151,laufenberg,left,1151_20231117_145552.bag,videos_2,20231117,14:56:14,2298155123,guilherme,11/17/2023 2:55 PM,3:01 PM,40.74,VMS_1,4.51,4.55,4.47,4.62,4.5,3.84,4.23,4.37,9.19,8.88,9.99,12.68,1088.0,5.69,5.82,5.95,7.01,07:33:06,4.0,1,6/29/2019,1603,7/30/2023,111.0,3,,4557.0,43.4,69612.0,Tank,1409.0,15.41,36.63,12914.5,137.98,83.0,4557.0
1153,laufenberg,left,1153_20231117_143046.bag,videos_2,20231117,14:31:04,1999321516,guilherme,11/17/2023 2:30 PM,2:36 PM,36.84,VMS_1,4.58,4.55,4.33,4.56,3.7,4.23,3.7,3.97,8.29,9.41,10.36,8.77,28.0,5.16,5.82,4.89,5.69,05:16:22,4.0,1,7/1/2019,1601,9/3/2023,76.0,3,,480.0,44.6,71325.0,Tank,26.0,13.66,36.97,9776.53,,,480.0
1159,laufenberg,left,1159_20231117_171700.bag,videos_2,20231117,17:17:16,1888747555,guilherme,11/17/2023 5:16 PM,5:25 PM,36.31,VMS_2,4.65,5.06,4.71,4.6,2.12,1.85,2.65,2.38,11.42,6.64,10.08,8.18,782.0,3.44,2.51,3.84,3.04,10:45:49,4.0,1,7/14/2019,1588,11/8/2023,10.0,3,,7882.0,44.7,70993.0,Divert 2,3268.0,8.92,27.7,542.2,,,7882.0
1163,laufenberg,left,1163_20231117_164620.bag,videos_2,20231117,16:46:38,2196197082,guilherme,11/17/2023 4:46 PM,4:57 PM,43.03,VMS_1,0.0,4.08,4.0,4.02,0.66,1.98,1.46,1.72,1.12,16.4,11.4,14.11,11.0,2.12,3.04,2.38,2.65,08:07:34,4.0,1,8/4/2019,1567,8/9/2023,101.0,3,5.0,194.0,41.4,64874.0,Tank,21.0,5.66,39.05,10857.44,124.02,77.0,194.0
1164,laufenberg,left,1164_20231117_151515.bag,videos_2,20231117,15:15:32,1855576094,guilherme,11/17/2023 3:14 PM,3:20 PM,39.09,VMS_1,4.11,4.08,4.07,4.09,4.37,3.17,3.97,3.97,9.17,10.43,9.96,9.52,31.0,6.08,4.76,5.69,5.16,06:08:43,4.0,1,8/4/2019,1567,10/25/2023,24.0,3,,74.0,36.1,56512.0,Tank,32.0,14.71,45.87,2573.63,,,74.0
1168,laufenberg,left,1168_20231117_111157.bag,videos_2,20231117,11:12:32,4127507981,guilherme,11/17/2023 11:11 AM,11:25 AM,54.78,VMS_1,4.57,4.69,4.46,4.76,1.46,1.72,1.46,1.98,13.6,15.28,13.21,12.7,220.0,2.51,2.65,2.38,3.04,08:42:29,4.0,1,8/17/2019,1554,9/17/2023,62.0,3,,1345.0,42.7,66303.0,Tank,271.0,6.48,44.72,7977.36,,,1345.0
1171,laufenberg,left,1171_20231117_170904.bag,videos_2,20231117,17:09:22,2149508737,guilherme,11/17/2023 5:07 PM,5:16 PM,52.69,VMS_1,4.78,4.75,4.74,4.76,3.17,4.1,3.57,4.1,13.91,13.76,13.69,11.33,131.0,3.97,5.42,4.63,5.16,13:38:18,4.0,2,8/29/2019,1542,1/3/2023,319.0,2,,240.0,44.4,68394.0,Tank,36.0,14.47,38.03,32691.61,123.12,61.0,240.0
1173,laufenberg,left,1173_20231117_174946.bag,videos_2,20231117,17:50:02,1921913340,guilherme,11/17/2023 5:47 PM,5:59 PM,47.84,VMS_3,4.23,4.2,4.36,4.3,2.12,1.85,1.85,1.85,12.46,12.35,10.25,12.79,,2.91,3.04,2.65,2.91,11:30:58,4.0,1,8/31/2019,1540,11/11/2023,7.0,3,,,43.0,66208.0,Tank,,7.34,28.78,546.83,,,
1177,laufenberg,left,1177_20231117_171845.bag,videos_2,20231117,17:19:00,1826087806,guilherme,11/17/2023 5:18 PM,5:32 PM,69.49,VMS_1,4.31,4.15,4.21,,2.38,3.17,1.98,,21.21,26.28,22.0,,14.0,3.44,4.37,2.78,,17:42:19,3.0,1,9/18/2019,1522,10/28/2023,21.0,3,1.0,74.0,35.6,54161.0,Tank,20.0,8.63,47.14,1872.56,,,74.0
1192,laufenberg,left,1192_20231117_135119.bag,videos_2,20231117,13:51:52,3894384480,guilherme,11/17/2023 1:51 PM,1:57 PM,30.89,VMS_1,4.58,4.56,4.53,4.36,2.38,2.78,2.25,3.31,7.28,6.88,6.24,10.49,5.0,3.44,3.7,3.04,4.23,07:53:25,4.0,1,12/1/2019,1448,11/29/2022,354.0,2,1.0,225.0,45.2,65473.0,Tank,15.0,10.92,37.27,35458.32,122.59,43.0,225.0
1200,laufenberg,left,1200_20231117_161152.bag,videos_2,20231117,16:12:08,1748997770,guilherme,11/17/2023 4:11 PM,4:18 PM,29.19,VMS_2,4.31,4.33,4.24,4.4,2.91,1.85,2.51,1.85,8.16,5.86,8.0,7.17,20.0,3.97,2.38,3.57,2.38,09:24:41,4.0,1,12/24/2019,1425,11/26/2022,357.0,2,,345.0,33.6,47848.0,Tank,31.0,8.8,31.08,29563.99,96.64,84.0,345.0
1212,laufenberg,left,1212_20231117_143536.bag,videos_2,20231117,14:35:58,2507639460,guilherme,11/17/2023 2:35 PM,2:42 PM,46.03,VMS_2,,4.13,4.31,3.93,,3.97,3.84,4.23,,17.86,10.69,17.48,177.0,,5.03,5.16,5.16,12:52:58,3.0,1,1/13/2020,1405,2/8/2023,283.0,2,1.0,780.0,37.4,52527.0,Tank,147.0,11.01,38.9,25341.61,105.98,58.0,780.0
1219,laufenberg,left,1219_20231117_175155.bag,videos_2,20231117,17:52:22,2342762128,guilherme,11/17/2023 5:49 PM,5:59 PM,36.42,VMS_2,4.65,5.26,4.45,4.54,3.31,1.59,3.17,2.25,11.09,5.29,10.25,9.79,271.0,4.37,2.38,4.89,3.17,10:21:23,4.0,1,1/21/2020,1397,1/15/2023,307.0,2,4.0,2777.0,37.8,52823.0,Tank,389.0,10.71,35.06,29393.8,115.78,42.0,2777.0
1231,laufenberg,left,1231_20231117_134357.bag,videos_2,20231117,13:44:22,2527790500,guilherme,11/17/2023 1:43 PM,1:50 PM,39.02,VMS_1,4.52,4.42,4.6,4.42,3.17,2.65,2.91,2.91,9.52,9.83,10.56,9.11,14.0,4.23,3.57,3.97,4.1,07:12:06,4.0,1,2/25/2020,1362,5/16/2023,186.0,2,,2911.0,42.1,57312.0,Tank,19.0,11.58,38.93,23794.8,151.78,39.0,2911.0
1233,laufenberg,left,1233_20231117_132057.bag,videos_2,20231117,13:21:46,5748608605,guilherme,11/17/2023 1:20 PM,1:29 PM,45.53,VMS_1,4.18,4.22,4.06,4.29,2.65,2.25,3.04,2.12,10.8,12.08,11.0,11.64,28.0,3.84,3.17,4.23,3.04,11:52:16,4.0,1,3/2/2020,1356,3/16/2023,247.0,2,2.0,1060.0,37.6,50931.0,Tank,19.0,10.74,35.56,24325.46,112.62,45.0,1060.0
1240,laufenberg,left,1240_20231117_143755.bag,videos_2,20231117,14:38:16,2379868228,guilherme,11/17/2023 2:37 PM,2:45 PM,40.32,VMS_1,4.32,4.28,4.26,4.29,1.98,2.25,2.25,2.65,9.5,9.81,9.59,11.42,11.0,2.78,3.31,3.04,3.57,08:12:20,4.0,1,3/18/2020,1340,3/31/2023,232.0,2,,5568.0,46.0,61584.0,Tank,29.0,9.02,32.94,28378.66,140.11,54.0,5568.0
1243,laufenberg,left,1243_20231117_121712.bag,videos_2,20231117,12:17:32,2197107981,guilherme,11/17/2023 12:17 PM,12:23 PM,47.47,VMS_1,4.18,4.15,4.2,4.16,3.97,4.37,3.84,3.97,10.76,15.06,10.14,11.51,31.0,5.16,5.42,5.03,5.16,12:28:34,4.0,1,3/21/2020,1337,3/16/2023,247.0,2,,277.0,33.2,44389.0,Tank,49.0,15.29,35.73,23122.9,112.06,46.0,277.0
1246,laufenberg,left,1246_20231117_164243.bag,videos_2,20231117,16:42:54,1389641180,guilherme,11/17/2023 4:40 PM,4:50 PM,41.09,VMS_2,4.92,4.46,4.38,4.73,1.72,2.78,3.44,2.38,4.98,14.73,12.19,9.19,31.0,2.78,3.7,4.76,3.17,10:01:04,4.0,1,3/23/2020,1335,3/14/2023,249.0,2,,134.0,38.3,51166.0,Tank,39.0,9.8,31.66,26783.48,120.67,129.0,134.0
1263,laufenberg,left,1263_20231117_124403.bag,videos_2,20231117,12:44:24,2411811036,guilherme,11/17/2023 12:43 PM,12:49 PM,27.27,VMS_1,4.31,4.29,4.39,4.29,2.91,3.31,2.78,3.04,5.22,8.16,6.99,6.9,100.0,3.84,4.5,3.84,4.1,05:51:10,4.0,1,5/6/2020,1291,5/17/2023,185.0,2,,425.0,31.1,40141.0,Tank,21.0,11.2,33.14,20228.19,131.09,67.0,425.0
1266,laufenberg,left,1266_20231117_162000.bag,videos_2,20231117,16:20:14,1542595385,guilherme,11/17/2023 4:19 PM,4:32 PM,60.41,VMS_2,4.25,4.33,4.37,4.33,1.72,2.12,2.25,2.65,12.85,19.82,11.07,16.67,17.0,2.65,3.17,3.17,3.31,15:29:35,4.0,1,5/13/2020,1284,4/9/2023,223.0,2,1.0,1125.0,33.5,43033.0,Tank,58.0,8.64,40.03,22658.48,119.51,76.0,1125.0
1267,laufenberg,left,1267_20231117_162510.bag,videos_2,20231117,16:25:26,1807658122,guilherme,11/17/2023 4:24 PM,4:35 PM,51.59,VMS_1,4.11,4.28,3.93,4.15,2.25,1.85,1.85,1.72,15.1,12.65,12.99,10.85,14.0,3.57,3.44,3.17,2.65,20:36:38,4.0,1,5/17/2020,1280,2/26/2023,265.0,2,,4197.0,36.7,46913.0,Tank,34.0,7.54,39.2,26732.22,131.79,116.0,4197.0
1273,laufenberg,left,1273_20231117_160411.bag,videos_2,20231117,16:04:24,1530616820,guilherme,11/17/2023 4:02 PM,4:11 PM,34.0,VMS_2,4.11,4.13,4.17,4.06,2.38,2.51,2.25,2.51,7.96,8.49,8.09,9.46,22.0,3.57,3.44,3.57,3.7,08:57:56,4.0,1,5/31/2020,1266,4/25/2023,207.0,2,,877.0,29.7,37598.0,Tank,23.0,10.01,40.89,21057.54,118.04,81.0,877.0
1276,laufenberg,left,1276_20231117_144729.bag,videos_2,20231117,14:47:48,2209401502,guilherme,11/17/2023 2:47 PM,2:55 PM,39.77,VMS_1,4.25,4.08,4.06,4.02,2.65,2.12,2.38,3.17,9.06,10.01,8.62,12.08,28.0,3.57,2.91,3.17,4.1,06:29:34,4.0,1,6/4/2020,1262,7/23/2023,118.0,2,,411.0,32.2,40666.0,Tank,48.0,9.49,44.22,14989.96,146.43,64.0,411.0
1277,laufenberg,left,1277_20231117_133850.bag,videos_2,20231117,13:39:18,3270274001,guilherme,11/17/2023 1:37 PM,1:45 PM,31.0,VMS_2,4.31,,,4.26,4.23,,,3.7,13.1,,,17.9,68.0,5.69,,,4.76,07:31:11,2.0,1,6/8/2020,1258,5/26/2023,176.0,2,,168.0,21.3,26758.0,Tank,51.0,7.55,33.23,15595.19,101.85,51.0,168.0
1279,laufenberg,left,1279_20231117_161747.bag,videos_2,20231117,16:18:00,1577305177,guilherme,11/17/2023 4:16 PM,4:23 PM,37.15,VMS_1,4.51,4.48,4.47,4.42,2.91,3.31,3.17,3.17,7.98,8.91,8.75,11.51,40.0,3.97,5.03,3.97,4.5,07:30:06,4.0,1,6/12/2020,1254,9/20/2023,59.0,2,,1688.0,30.7,38469.0,Tank,96.0,13.37,37.97,6680.91,,,1688.0
1305,laufenberg,left,1305_20231117_133315.bag,videos_2,20231117,13:33:34,2262849682,guilherme,11/17/2023 1:31 PM,1:42 PM,46.01,VMS_1,3.78,3.88,4.0,,2.65,2.25,2.65,,16.89,14.26,14.86,,48.0,3.57,3.04,3.7,,09:43:56,3.0,1,8/27/2020,1178,8/19/2023,91.0,2,4.0,4022.0,27.1,31903.0,Tank,189.0,6.65,36.44,8959.81,,,4022.0
1314,laufenberg,left,1314_20231117_174109.bag,videos_2,20231117,17:41:24,1892737562,guilherme,11/17/2023 5:40 PM,5:46 PM,24.27,VMS_3,4.96,4.87,4.83,4.9,2.38,2.51,2.38,2.91,5.71,6.57,5.62,6.37,,3.7,3.44,3.31,3.97,11:28:07,4.0,1,9/14/2020,1160,11/16/2023,2.0,2,,,18.2,21167.0,Tank,,9.26,17.12,51.35,,,
1321,laufenberg,left,1321_20231117_141734.bag,videos_2,20231117,14:17:58,2874977432,guilherme,11/17/2023 2:17 PM,2:22 PM,33.44,VMS_1,3.98,4.15,4.06,4.09,3.7,3.04,3.97,3.44,7.45,7.25,9.28,9.46,31.0,5.16,4.63,5.03,4.63,05:43:22,4.0,1,10/4/2020,1140,8/28/2023,82.0,2,,1588.0,23.8,27098.0,Tank,38.0,15.12,38.2,8618.97,,,1588.0
1391,laufenberg,left,1391_20231117_173355.bag,videos_2,20231117,17:34:08,1605255134,guilherme,11/17/2023 5:32 PM,5:40 PM,21.41,VMS_4,3.92,3.88,3.8,3.87,2.78,2.12,2.91,2.78,6.17,4.94,5.18,5.11,,4.1,3.17,4.63,3.84,08:19:54,4.0,1,3/1/2021,992,3/6/2023,257.0,1,,211.0,20.3,20109.0,Tank,,11.0,26.05,20109.03,86.11,111.0,211.0
1398,laufenberg,left,1398_20231117_174158.bag,videos_2,20231117,17:42:16,2176229557,guilherme,11/17/2023 5:41 PM,5:48 PM,36.29,VMS_4,4.26,4.28,4.27,4.21,2.38,3.17,2.12,2.78,8.97,9.88,8.36,9.08,,3.7,4.1,2.78,3.97,12:12:39,4.0,1,3/14/2021,979,3/5/2023,258.0,1,,222.0,20.1,19648.0,Tank,,9.97,26.58,19647.76,89.48,35.0,222.0
1501,laufenberg,left,1501_20231117_173317.bag,videos_2,20231117,17:33:32,1613240836,guilherme,11/17/2023 5:30 PM,5:40 PM,36.93,VMS_3,4.83,4.94,4.83,5.04,2.51,2.51,2.91,2.12,8.95,10.52,8.95,8.51,,3.17,3.84,3.97,3.04,11:35:57,4.0,1,12/4/2021,714,10/27/2023,22.0,1,7.0,160.0,1.7,1227.0,Tank,,10.34,32.73,1227.29,,,160.0
723,laufenberg,left,723_20231117_175039.bag,videos_2,20231117,17:50:54,1788923592,guilherme,11/17/2023 5:50 PM,5:55 PM,26.52,VMS_4,4.06,4.08,4.07,3.74,3.84,4.23,3.84,3.84,6.28,6.83,6.7,6.7,,4.89,5.42,5.03,4.89,08:43:03,4.0,1,10/30/2016,2575,10/13/2023,36.0,5,,771.0,55.5,143015.0,Tank,183.0,15.46,44.25,2819.82,,,771.0
729,laufenberg,left,729_20231117_112927.bag,videos_2,20231117,11:29:44,1984574488,guilherme,11/17/2023 11:28 AM,11:40 AM,59.06,VMS_1,5.04,5.1,5.13,5.09,2.38,2.38,2.65,2.65,14.22,13.16,16.8,14.88,45.0,3.31,3.17,3.84,3.7,10:27:56,4.0,1,11/26/2016,2548,5/31/2023,171.0,5,,280.0,55.8,142180.0,Tank,65.0,9.99,58.78,22536.23,160.46,130.0,280.0
736,laufenberg,left,736_20231117_152813.bag,videos_2,20231117,15:28:38,3003974335,guilherme,11/17/2023 3:28 PM,3:38 PM,50.42,VMS_2,5.05,4.74,5.25,4.87,1.85,2.25,2.12,2.25,9.39,14.22,12.48,14.33,25.0,2.51,2.78,2.91,3.17,13:08:16,4.0,1,12/11/2016,2533,3/9/2023,254.0,5,,268.0,49.2,124545.0,Tank,20.0,7.38,31.55,24435.58,120.36,60.0,268.0
778,laufenberg,left,778_20231117_140227.bag,videos_2,20231117,14:02:50,2623424255,guilherme,11/17/2023 2:02 PM,2:09 PM,30.58,VMS_2,,4.4,4.51,4.73,,3.97,3.31,2.12,,12.43,9.04,9.11,157.0,,5.16,4.37,2.91,05:55:52,3.0,1,5/3/2017,2390,9/24/2023,55.0,5,,5360.0,46.3,110691.0,Tank,119.0,8.69,30.22,4219.3,,,5360.0
785,laufenberg,left,785_20231117_125124.bag,videos_2,20231117,12:52:10,3899807561,guilherme,11/17/2023 12:51 PM,1:01 PM,47.99,VMS_1,3.85,3.82,3.79,3.76,1.85,1.85,1.98,2.51,10.1,12.24,12.41,13.25,48.0,2.78,2.65,2.91,3.57,10:47:35,4.0,1,5/26/2017,2367,10/12/2023,37.0,5,,477.0,45.5,107783.0,Tank,89.0,8.75,34.07,3478.3,,,477.0
807,laufenberg,left,807_20231117_175347.bag,videos_2,20231117,17:54:32,3891234407,guilherme,11/17/2023 5:53 PM,6:03 PM,45.39,VMS_1,4.31,4.35,4.27,4.42,3.04,3.31,1.72,2.65,10.16,15.85,11.62,7.76,200.0,3.97,4.63,2.51,3.44,09:26:16,4.0,1,7/9/2017,2323,8/25/2023,85.0,5,,4542.0,56.8,131982.0,Tank,255.0,9.67,37.12,9279.46,,,4542.0
808,laufenberg,left,808_20231117_173436.bag,videos_2,20231117,17:35:00,2216033154,guilherme,11/17/2023 5:33 PM,5:44 PM,49.6,VMS_1,4.38,4.35,4.34,4.42,1.85,2.65,1.32,2.78,10.71,15.08,7.67,16.14,20.0,2.91,3.7,1.98,3.84,08:41:01,4.0,1,7/10/2017,2322,10/19/2023,30.0,5,,885.0,48.0,111462.0,Tank,42.0,8.56,35.55,3246.4,,,885.0
837,laufenberg,left,837_20231117_165123.bag,videos_2,20231117,16:51:50,3083835871,guilherme,11/17/2023 4:50 PM,4:58 PM,43.78,VMS_2,4.38,4.33,,4.13,3.57,2.78,,3.97,14.88,12.35,,16.56,11.0,4.76,3.57,,5.29,10:39:36,3.0,1,8/22/2017,2279,3/8/2023,255.0,4,,320.0,50.7,115432.0,Tank,18.0,9.61,37.27,26867.56,125.56,63.0,320.0
842,laufenberg,left,842_20231117_174638.bag,videos_2,20231117,17:46:54,1695862294,guilherme,11/17/2023 5:46 PM,5:52 PM,39.18,VMS_1,,4.28,4.34,4.16,,5.56,4.1,4.63,,13.78,9.24,16.16,162.0,,7.28,5.42,5.95,09:04:45,3.0,1,8/31/2017,2270,4/12/2023,220.0,4,,1814.0,49.1,111453.0,Tank,181.0,13.44,41.33,23619.96,132.69,73.0,1814.0
856,laufenberg,left,856_20231117_152520.bag,videos_2,20231117,15:25:36,1875540319,guilherme,11/17/2023 3:24 PM,3:32 PM,43.08,VMS_1,3.98,4.08,4.07,4.29,2.65,3.44,3.31,2.91,10.6,13.07,10.01,9.39,402.0,3.57,4.76,5.16,4.23,07:38:55,4.0,1,10/10/2017,2230,7/20/2023,121.0,4,,5345.0,43.6,97313.0,Tank,634.0,11.75,41.14,14404.39,135.11,58.0,5345.0
861,laufenberg,left,861_20231117_122436.bag,videos_2,20231117,12:24:58,2470477934,guilherme,11/17/2023 12:24 PM,12:32 PM,41.4,VMS_1,4.25,4.29,4.79,4.36,2.65,3.04,2.65,3.57,6.83,11.62,11.71,11.24,57.0,3.7,4.37,3.57,4.76,09:43:08,4.0,1,10/18/2017,2222,6/8/2023,163.0,4,1.0,977.0,43.6,96845.0,Tank,58.0,10.05,28.89,18027.07,131.23,47.0,977.0
868,laufenberg,left,868_20231117_142436.bag,videos_2,20231117,14:25:00,2540177981,guilherme,11/17/2023 2:24 PM,2:29 PM,23.9,VMS_1,4.25,4.22,4.33,4.16,3.7,3.17,3.31,2.91,6.11,6.19,4.78,6.81,34.0,4.89,3.97,4.63,4.1,04:16:23,4.0,1,11/3/2017,2206,9/18/2023,61.0,4,,317.0,49.6,109444.0,Tank,40.0,13.06,43.06,7497.11,,,317.0
915,laufenberg,left,915_20231117_123346.bag,videos_2,20231117,12:34:26,4795543083,guilherme,11/17/2023 12:33 PM,12:43 PM,47.02,VMS_1,4.85,4.96,4.93,5.3,2.25,3.57,2.91,3.31,8.47,14.44,9.61,14.51,402.0,3.31,5.03,3.57,4.5,10:36:52,4.0,1,2/5/2018,2112,3/16/2023,247.0,4,,4551.0,50.5,106682.0,Tank,616.0,11.72,38.6,28706.06,140.71,55.0,4551.0
922,laufenberg,left,922_20231117_141213.bag,videos_2,20231117,14:12:34,2395836032,guilherme,11/17/2023 2:12 PM,2:17 PM,35.85,VMS_2,4.32,4.46,4.38,4.26,3.84,3.7,3.17,3.7,8.93,8.33,9.15,9.44,11.0,5.16,4.89,4.37,4.89,07:53:59,4.0,1,2/13/2018,2104,5/20/2023,182.0,4,1.0,1131.0,50.8,106889.0,Tank,20.0,13.76,43.7,19811.65,127.5,40.0,1131.0
924,laufenberg,left,924_20231117_131101.bag,videos_2,20231117,13:11:26,2560142172,guilherme,11/17/2023 1:10 PM,1:19 PM,41.76,VMS_1,4.18,4.42,4.13,4.16,2.38,2.38,2.91,2.12,13.34,7.23,13.51,7.67,254.0,3.31,3.31,3.7,3.04,07:49:30,4.0,1,2/18/2018,2099,8/21/2023,89.0,4,,2511.0,53.2,111600.0,Tank,185.0,9.77,37.25,11144.94,,,2511.0
929,laufenberg,left,929_20231117_151607.bag,videos_2,20231117,15:16:24,2084394122,guilherme,11/17/2023 3:15 PM,3:24 PM,46.08,VMS_2,4.45,4.53,4.85,4.6,2.51,1.98,2.91,2.51,13.03,10.69,10.23,12.13,782.0,3.57,2.91,4.1,3.44,09:00:13,4.0,1,3/5/2018,2084,11/3/2023,15.0,4,2.0,1560.0,48.7,101412.0,Tank,796.0,9.42,39.41,1469.91,,,1560.0
948,laufenberg,left,948_20231117_135427.bag,videos_2,20231117,13:54:38,1273848501,guilherme,11/17/2023 1:53 PM,2:01 PM,47.38,VMS_2,,4.73,4.78,4.73,,3.7,4.23,3.57,,14.42,15.21,17.75,11.0,,4.63,5.69,4.76,13:51:06,3.0,1,4/6/2018,2052,9/6/2022,438.0,3,,288.0,53.9,110641.0,Tank,19.0,10.86,35.06,45251.08,139.05,47.0,288.0
975,laufenberg,left,975_20231117_173846.bag,videos_2,20231117,17:39:08,2532818625,guilherme,11/17/2023 5:38 PM,5:48 PM,51.96,VMS_2,4.52,4.66,4.71,4.6,1.59,2.38,2.51,2.25,9.68,16.31,10.63,15.34,262.0,2.78,3.57,3.7,3.44,10:22:15,4.0,1,5/14/2018,2014,6/23/2023,148.0,4,,1482.0,50.9,102507.0,Tank,151.0,8.95,41.26,19457.25,152.44,42.0,1482.0
978,laufenberg,left,978_20231117_170827.bag,videos_2,20231117,17:08:44,1864790449,guilherme,11/17/2023 5:07 PM,5:15 PM,30.23,VMS_2,4.11,4.26,4.18,4.26,1.59,2.25,2.12,1.85,7.5,7.72,7.1,7.91,31.0,2.25,3.04,2.91,2.51,07:24:01,4.0,1,5/20/2018,2008,3/29/2023,234.0,3,,951.0,46.8,94042.0,Tank,31.0,7.62,31.48,25578.92,132.35,34.0,951.0
981,laufenberg,left,981_20231117_133039.bag,videos_2,20231117,13:31:02,2776386344,guilherme,11/17/2023 1:30 PM,1:36 PM,35.41,VMS_2,4.31,4.19,4.32,4.4,3.57,3.7,2.78,3.17,9.11,9.33,9.04,7.94,11.0,4.63,4.76,3.84,3.97,07:25:50,4.0,1,5/25/2018,2003,10/24/2023,25.0,4,2.0,94.0,40.0,80048.0,Tank,25.0,12.22,31.16,2302.49,,,94.0
1023,laufenberg,left,1023_20231117_124217.bag,videos_3,20231117,12:42:40,2538080096,lab,11/17/2023 12:46 PM,12:55 PM,36.97,VMS_2,4.51,4.32,4.38,4.41,2.51,2.51,1.85,2.38,8.93,9.3,9.3,9.44,14.0,3.57,3.84,2.65,3.17,07:04:02,4.0,1,7/13/2018,1954,7/23/2023,118.0,4,,277.0,54.1,105652.0,Tank,16.0,10.15,45.53,14879.79,153.68,64.0,277.0
1061,laufenberg,left,1061_20231117_120831.bag,videos_3,20231117,12:08:56,2831195622,lab,11/17/2023 12:10 PM,12:20 PM,38.87,VMS_2,4.71,,4.66,4.54,2.65,,3.57,3.17,10.63,,12.28,15.96,20.0,3.97,,5.56,4.23,11:01:04,3.0,1,10/18/2018,1857,2/6/2023,285.0,3,,280.0,45.5,84425.0,Tank,29.0,8.98,41.21,32298.24,129.48,136.0,280.0
1081,laufenberg,left,1081_20231117_112916.bag,videos_3,20231117,11:29:56,4575010918,lab,11/17/2023 11:33 AM,11:43 AM,54.26,VMS_2,4.99,4.79,4.73,4.8,2.78,2.25,3.04,2.78,12.17,14.07,14.24,13.78,237.0,4.1,3.04,4.1,4.1,10:45:04,4.0,1,12/6/2018,1808,3/4/2023,259.0,3,,905.0,50.9,92004.0,Tank,113.0,11.25,43.33,31236.66,137.6,38.0,905.0
1102,laufenberg,left,1102_20231117_114115.bag,videos_3,20231117,11:41:32,1791811749,lab,11/17/2023 11:45 AM,11:52 AM,50.11,VMS_2,4.52,4.45,4.66,4.33,3.17,2.91,3.44,2.78,14.15,12.52,10.85,12.59,20.0,4.37,3.7,4.76,3.57,11:25:47,4.0,1,1/27/2019,1756,4/19/2023,213.0,3,,200.0,50.8,89280.0,Tank,28.0,11.9,38.61,24485.16,135.55,93.0,200.0
1198,laufenberg,left,1198_20231117_115055.bag,videos_3,20231117,11:51:26,3406363225,lab,11/17/2023 11:54 AM,12:01 PM,39.0,VMS_2,4.31,4.18,4.19,4.13,3.57,3.84,2.25,3.7,6.83,12.59,7.52,12.06,45.0,4.63,5.03,3.17,4.76,12:04:31,4.0,1,12/23/2019,1426,1/12/2023,310.0,2,1.0,405.0,31.5,44885.0,Tank,56.0,12.18,29.73,26546.59,103.74,31.0,405.0
1207,laufenberg,left,1207_20231117_131640.bag,videos_3,20231117,13:17:10,763412914,lab,11/17/2023 1:18 PM,1:29 PM,32.47,VMS_2,4.92,5.0,4.92,5.8,2.65,2.51,2.38,1.98,8.49,9.13,11.11,3.75,425.0,4.23,3.44,3.31,2.78,09:04:46,4.0,1,1/3/2020,1415,1/25/2023,297.0,2,,1597.0,31.5,44641.0,Tank,441.0,9.08,31.41,28468.76,111.08,46.0,1597.0
1245,laufenberg,left,1245_20231117_130459.bag,videos_3,20231117,13:05:34,4000658516,lab,11/17/2023 1:08 PM,1:16 PM,43.1,VMS_2,4.64,4.59,4.92,4.67,4.23,4.23,3.31,3.17,9.61,11.57,8.4,13.51,20.0,6.22,5.42,4.76,4.37,09:32:29,4.0,1,3/23/2020,1335,2/23/2023,268.0,2,1.0,605.0,38.6,51515.0,Tank,88.0,13.78,42.9,28339.06,114.7,145.0,605.0
1258,laufenberg,left,1258_20231117_123257.bag,videos_3,20231117,12:34:18,9656435272,lab,11/17/2023 12:37 PM,12:45 PM,50.88,VMS_2,3.97,3.99,4.05,4.07,3.57,3.84,3.84,4.1,12.61,12.13,14.24,11.9,14.0,4.76,5.03,5.69,5.95,13:46:06,4.0,1,4/28/2020,1299,5/15/2023,187.0,2,1.0,394.0,30.2,39201.0,Tank,18.0,13.12,36.45,17304.79,105.03,126.0,394.0
1259,laufenberg,left,1259_20231117_125126.bag,videos_3,20231117,12:51:52,2887850461,lab,11/17/2023 12:55 PM,1:04 PM,47.99,VMS_2,4.44,4.46,4.52,4.47,2.38,2.51,2.65,1.98,11.46,13.03,12.46,11.05,14.0,3.44,3.31,3.84,2.78,10:46:13,4.0,1,5/1/2020,1296,3/13/2023,250.0,2,,394.0,36.1,46726.0,Tank,20.0,9.78,39.7,25893.63,116.98,102.0,394.0
1274,laufenberg,left,1274_20231117_105454.bag,videos_3,20231121,21:12:50,3491345791,lab,11/17/2023 9:10 PM,9:17 PM,38.51,VMS_2,4.18,4.13,4.12,4.12,1.85,3.04,1.85,2.78,7.12,11.84,8.05,11.51,60.0,2.78,4.1,2.65,3.7,10:03:41,4.0,1,6/2/2020,1264,8/5/2023,105.0,2,,294.0,21.8,27609.0,Tank,47.0,9.76,32.61,9655.81,104.25,47.0,294.0
1282,laufenberg,left,1282_20231117_121652.bag,videos_3,20231117,12:17:14,2518137301,lab,11/17/2023 12:20 PM,12:28 PM,42.37,VMS_2,4.58,,4.59,4.4,3.44,,3.57,3.97,12.85,,11.88,17.64,42.0,4.63,,4.76,5.42,08:57:54,3.0,1,6/17/2020,1249,9/6/2023,73.0,2,,1062.0,30.0,37432.0,Tank,65.0,10.71,36.09,8039.29,,,1062.0
1319,laufenberg,left,1319_20231117_122525.bag,videos_3,20231117,12:25:54,3337742803,lab,11/17/2023 12:29 PM,12:36 PM,35.94,VMS_2,4.64,4.32,,4.34,3.04,4.37,,3.84,5.09,16.78,,14.07,42.0,3.97,5.69,,5.03,10:11:40,3.0,1,10/2/2020,1142,10/18/2023,31.0,2,1.0,2388.0,21.9,24953.0,Tank,55.0,11.26,26.51,1752.08,,,2388.0
921,laufenberg,left,921_20231117_104851.bag,videos_3,20231117,10:49:00,913513850,lab,11/17/2023 10:51 AM,10:58 AM,23.72,VMS_2,4.38,4.65,4.39,4.47,2.25,1.72,2.78,3.04,5.09,4.43,6.37,7.83,148.0,3.17,2.91,4.1,4.1,07:48:20,4.0,1,2/11/2018,2106,3/13/2023,250.0,4,,3680.0,48.3,101620.0,Tank,185.0,10.25,26.97,27162.63,130.16,48.0,3680.0
962,laufenberg,left,962_20231117_111426.bag,videos_3,20231117,11:14:44,1989201859,lab,11/17/2023 11:18 AM,11:29 AM,51.17,VMS_2,5.05,5.05,5.6,5.13,2.12,2.51,2.38,1.98,10.12,16.64,9.19,15.21,380.0,2.91,3.31,3.31,3.44,09:49:41,4.0,1,4/26/2018,2032,7/22/2023,119.0,4,3.0,3497.0,42.9,87250.0,Tank,351.0,9.13,40.98,14303.18,142.51,52.0,3497.0
935,laufenberg,left,935_20231117_115800.bag,videos_3,20231117,11:58:34,3849093180,lab,11/17/2023 12:02 PM,12:09 PM,44.38,VMS_2,4.58,4.52,,4.54,3.44,3.04,,3.17,15.32,15.1,,13.96,11.0,5.03,3.84,,4.5,09:52:17,3.0,1,3/17/2018,2072,8/18/2023,92.0,4,,180.0,46.8,97063.0,Tank,15.0,9.27,35.37,8571.24,,,180.0
1380,laufenberg,right,1380_20231117_130025.bag,videos_1,20231117,13:01:12,5469666155,maria,11/17/2023 12:59 PM,1:06 PM,23.83,VMS_3,4.03,3.84,4.08,4.13,2.91,2.91,2.91,2.65,5.4,7.47,4.67,6.28,,3.57,3.7,4.1,3.44,07:16:30,4.0,1,2/11/2021,1010,1/20/2023,302.0,1,,162.0,21.9,22075.0,Tank,,12.08,24.08,22075.42,81.14,109.0,162.0
1170,laufenberg,left,1170_20231117_170106.bag,videos_2,20231117,17:01:24,2144290019,guilherme,11/17/2023 4:59 PM,5:07 PM,32.54,VMS_2,4.45,4.33,4.51,4.33,2.91,3.31,3.7,3.17,5.73,7.45,8.07,11.29,160.0,3.97,4.63,4.89,3.97,10:36:59,4.0,1,8/27/2019,1544,11/3/2023,15.0,3,,457.0,32.4,50035.0,Tank,268.0,13.19,32.1,767.83,,,457.0
627,laufenberg,left,627_20231117_165940.bag,videos_2,20231117,17:00:22,3723942237,guilherme,11/17/2023 4:58 PM,5:06 PM,47.42,VMS_1,4.38,4.28,4.34,4.22,3.44,4.37,3.84,4.37,8.66,13.91,10.34,14.51,300.0,5.03,5.69,5.03,6.08,09:04:00,4.0,1,4/17/2016,2771,8/17/2023,93.0,6,,1425.0,52.9,146679.0,Tank,257.0,16.77,52.31,10674.56,,,1425.0
